inicio,VQ_QUEUE_NAME,nombre_agente,QCI_ANI,QCI_ANSWERED,QCI_DURATION,QCI_AGENT_DURATION,QCI_CALL_DURATION,QCI_AGENT_CODE
2026-10-06 17:50:03,CM cola Taller,,1234567890,no,0,0,0,
2026-10-06 17:37:39,CM cola Taller,,1234567890,no,361,0,0,
2026-10-06 17:33:11,CM cola Taller,,1234567890,no,271,0,0,
2026-10-06 17:20:46,CM cola Taller,,1234567890,no,934,0,0,
2026-10-06 17:10:00,CM cola Taller,,1234567890,no,1601,0,0,
2026-10-06 16:58:58,CM cola Taller,,1234567890,no,401,0,0,
2026-10-06 16:45:03,CM cola Taller,,1234567890,no,1480,0,0,
2026-10-06 16:43:18,MPC cola Taller,,1234567890,no,196,0,0,
2026-10-06 16:41:46,MPC cola Taller,,1234567890,no,25,0,0,
2026-10-06 16:38:10,CM cola Taller,,1234567890,no,3096,0,0,
2026-10-06 16:33:55,MPC cola Taller,,1234567890,no,421,0,0,
2026-10-06 16:28:44,CM cola Taller,Alma Cordoba,1234567890,yes,170,273,443,SIP/655
2026-10-06 16:24:55,CM cola Taller,,1234567890,no,308,0,0,
2026-10-06 16:22:41,CM cola Taller,Alma Cordoba,1234567890,yes,219,265,484,SIP/655
2026-10-06 16:22:31,CM cola Taller,Alma Cordoba,1234567890,yes,56,83,139,SIP/655
2026-10-06 16:17:45,CM cola Taller,,1234567890,no,111,0,0,
2026-10-06 16:15:03,MPC cola Taller,Alma Cordoba,1234567890,yes,15,87,102,SIP/655
2026-10-06 16:02:07,CM cola Taller,Alma Cordoba,1234567890,yes,177,232,409,SIP/655
2026-10-06 16:02:06,CM cola Taller,Sabrina Mercado,250,yes,104,62,166,SIP/250
2026-10-06 15:56:39,CM cola Taller,Alma Cordoba,1234567890,yes,38,261,299,SIP/655
2026-10-06 15:45:00,MPC cola Taller,Rocío Cornejo,1234567890,yes,113,189,302,SIP/651
2026-10-06 15:44:44,CM cola Taller,Sabrina Mercado,250,yes,15,45,60,SIP/250
2026-10-06 15:30:40,MPC cola Taller,Alma Cordoba,1234567890,yes,30,54,84,SIP/655
2026-10-06 15:29:50,CM cola Taller,Rocío Cornejo,1234567890,yes,10,121,131,SIP/651
2026-10-06 15:15:13,CM cola Taller,Alma Cordoba,1234567890,yes,25,97,122,SIP/655
2026-10-06 15:13:46,CM cola Taller,Alma Cordoba,1234567890,yes,16,25,41,SIP/655
2026-10-06 15:06:08,CM cola Taller,Camila Mias,251,yes,8,21,29,SIP/251
2026-10-06 14:49:24,MPC cola Taller,Rocío Cornejo,1234567890,yes,24,258,282,SIP/651
2026-10-06 14:43:37,CM cola Taller,Alma Cordoba,1234567890,yes,86,135,221,SIP/655
2026-10-06 14:41:30,CM cola Taller,Alma Cordoba,1234567890,yes,10,130,140,SIP/655
2026-10-06 14:40:14,SF cola Taller,Rocío Cornejo,1234567890,yes,9,97,106,SIP/651
2026-10-06 14:27:21,CM cola Taller,Rocío Cornejo,1234567890,yes,6,170,176,SIP/651
2026-10-06 14:27:05,CM cola Taller,Alma Cordoba,1234567890,yes,13,186,199,SIP/655
2026-10-06 14:15:42,CM cola Taller,Rocío Cornejo,1234567890,yes,7,163,170,SIP/651
2026-10-06 14:11:33,CM cola Taller,Rocío Cornejo,1234567890,yes,9,70,79,SIP/651
2026-10-06 14:08:57,CM cola Taller,Alma Cordoba,1234567890,yes,15,133,148,SIP/655
2026-10-06 12:54:52,CM cola Taller,Alma Cordoba,1234567890,yes,21,371,392,SIP/655
2026-10-06 12:45:36,CM cola Taller,Alma Cordoba,1234567890,yes,13,96,109,SIP/655
2026-10-06 12:44:41,CM cola Taller,Rocío Cornejo,1234567890,yes,7,138,145,SIP/651
2026-10-06 12:29:45,CM cola Taller,Sabrina Mercado,250,yes,25,17,42,SIP/250
2026-10-06 12:26:35,CM cola Taller,Lucia Sosa,1234567890,yes,21,169,190,SIP/650
2026-10-06 12:20:56,CM cola Taller,Sabrina Mercado,250,yes,5,15,20,SIP/250
2026-10-06 12:17:04,CM cola Taller,Rocío Cornejo,1234567890,yes,5,82,87,SIP/651
2026-10-06 12:15:00,CM cola Taller,Matias Villafane,502,yes,9,269,278,SIP/502
2026-10-06 12:11:36,CM cola Taller,Lucia Sosa,1234567890,yes,12,97,109,SIP/650
2026-10-06 12:06:16,CM cola Taller,Rocío Cornejo,1234567890,yes,6,400,406,SIP/651
2026-10-06 11:59:58,MPC cola Taller,Rocío Cornejo,1234567890,yes,56,117,173,SIP/651
2026-10-06 11:57:39,CM cola Taller,Lucia Sosa,1234567890,yes,60,161,221,SIP/650
2026-10-06 11:56:03,CM cola Taller,Sabrina Mercado,250,yes,13,27,40,SIP/250
2026-10-06 11:54:56,CM cola Taller,Rocío Cornejo,1234567890,yes,9,344,353,SIP/651
2026-10-06 11:44:34,CM cola Taller,Alma Cordoba,1234567890,yes,11,114,125,SIP/655
2026-10-06 11:43:13,CM cola Taller,Lucia Sosa,1234567890,yes,19,275,294,SIP/650
2026-10-06 11:39:02,CM cola Taller,Camila Mias,251,yes,20,53,73,SIP/251
2026-10-06 11:38:33,CM cola Taller,Lucia Sosa,1234567890,yes,15,100,115,SIP/650
2026-10-06 11:34:58,CM cola Taller,Alma Cordoba,250,yes,34,80,114,SIP/655
2026-10-06 11:27:21,CM cola Taller,Alma Cordoba,1234567890,yes,29,117,146,SIP/655
2026-10-06 11:24:03,CM cola Taller,Lucia Sosa,1234567890,yes,17,263,280,SIP/650
2026-10-06 11:20:13,CM cola Taller,Rocío Cornejo,1234567890,yes,20,134,154,SIP/651
2026-10-06 11:17:10,CM cola Taller,Lucia Sosa,1234567890,yes,33,196,229,SIP/650
2026-10-06 11:15:31,CM cola Taller,Alma Cordoba,1234567890,yes,15,127,142,SIP/655
2026-10-06 11:14:40,CM cola Taller,Rocío Cornejo,1234567890,yes,37,208,245,SIP/651
2026-10-06 11:08:35,SF cola Taller,Alma Cordoba,1234567890,yes,30,71,101,SIP/655
2026-10-06 11:04:18,MPC cola Taller,Lucia Sosa,1234567890,yes,314,136,450,SIP/650
2026-10-06 11:03:49,CM cola Taller,Sabrina Mercado,250,yes,22,51,73,SIP/250
2026-10-06 11:02:39,CM cola Taller,,1234567890,no,51,0,0,
2026-10-06 11:02:10,CM cola Taller,Sabrina Mercado,250,yes,26,37,63,SIP/250
2026-10-06 11:01:01,CM cola Taller,Lucia Sosa,1234567890,yes,14,229,243,SIP/650
2026-10-06 10:54:36,SF cola Taller,Alma Cordoba,1234567890,yes,27,191,218,SIP/655
2026-10-06 10:51:29,SF cola Taller,Lucia Sosa,1234567890,yes,9,138,147,SIP/650
2026-10-06 10:50:23,CM cola Taller,Alma Cordoba,1234567890,yes,90,62,152,SIP/655
2026-10-06 10:37:45,CM cola Taller,Rocío Cornejo,1234567890,yes,43,98,141,SIP/651
2026-10-06 10:37:17,MPC cola Taller,Alma Cordoba,1234567890,yes,12,270,282,SIP/655
2026-10-06 10:26:38,MPC cola Taller,Lucia Sosa,1234567890,yes,7,101,108,SIP/650
2026-10-06 10:25:39,SF cola Taller,Rocío Cornejo,1234567890,yes,3,41,44,SIP/651
2026-10-06 10:15:19,SF cola Taller,Alma Cordoba,1234567890,yes,19,107,126,SIP/655
2026-10-06 10:14:15,CM cola Taller,,1234567890,no,90,0,0,
2026-10-06 10:10:50,CM cola Taller,Matias Villafane,502,yes,41,24,65,SIP/502
2026-10-06 10:10:48,CM cola Taller,Rocío Cornejo,1234567890,yes,51,140,191,SIP/651
2026-10-06 10:09:38,MPC cola Taller,Rocío Cornejo,1234567890,yes,277,422,699,SIP/651
2026-10-06 10:09:09,MPC cola Taller,Alma Cordoba,1234567890,yes,17,109,126,SIP/655
2026-10-06 10:08:22,CM cola Taller,Lucia Sosa,1234567890,yes,52,402,454,SIP/650
2026-10-06 10:05:44,CM cola Taller,Rocío Cornejo,1234567890,yes,15,207,222,SIP/651
2026-10-06 10:04:07,MPC cola Taller,Alma Cordoba,1234567890,yes,250,16,266,SIP/655
2026-10-06 10:03:43,CM cola Taller,Alma Cordoba,1234567890,yes,5,208,213,SIP/655
2026-10-06 10:03:24,CM cola Taller,Rocío Cornejo,1234567890,yes,8,112,120,SIP/651
2026-10-06 10:00:19,CM cola Taller,Rocío Cornejo,1234567890,yes,9,154,163,SIP/651
2026-10-06 09:54:17,CM cola Taller,Rocío Cornejo,1234567890,yes,134,117,251,SIP/651
2026-10-06 09:53:47,SF cola Taller,Alma Cordoba,1234567890,yes,176,51,227,SIP/655
2026-10-06 09:53:04,CM cola Taller,Rocío Cornejo,1234567890,yes,12,185,197,SIP/651
2026-10-06 09:51:45,MPC cola Taller,Lucia Sosa,1234567890,yes,25,677,702,SIP/650
2026-10-06 09:47:43,CM cola Taller,Lucia Sosa,1234567890,yes,45,57,102,SIP/650
2026-10-06 09:44:30,MPC cola Taller,,1234567890,no,200,0,0,
2026-10-06 09:43:43,CM cola Taller,Rocío Cornejo,1234567890,yes,295,109,404,SIP/651
2026-10-06 09:43:23,CM cola Taller,Lucia Sosa,1234567890,yes,36,105,141,SIP/650
2026-10-06 09:43:23,SF cola Taller,Rocío Cornejo,1234567890,yes,6,141,147,SIP/651
2026-10-06 09:41:14,CM cola Taller,Lucia Sosa,1234567890,yes,10,100,110,SIP/650
2026-10-06 09:37:18,SF cola Taller,Rocío Cornejo,1234567890,yes,7,143,150,SIP/651
2026-10-06 09:34:03,CM cola Taller,,1234567890,no,10,0,0,
2026-10-06 09:29:38,CM cola Taller,Rocío Cornejo,1234567890,yes,5,160,165,SIP/651
2026-10-06 09:28:14,CM cola Taller,Lucia Sosa,1234567890,yes,35,324,359,SIP/650
2026-10-06 09:26:37,CM cola Taller,,251,no,76,0,0,
2026-10-06 09:26:26,CM cola Taller,Rocío Cornejo,1234567890,yes,83,86,169,SIP/651
2026-10-06 09:24:49,MPC cola Taller,Rocío Cornejo,1234567890,yes,63,1,64,SIP/651
2026-10-06 09:23:31,CM cola Taller,Rocío Cornejo,1234567890,yes,154,96,250,SIP/651
2026-10-06 09:23:18,CM cola Taller,,1234567890,no,159,0,0,
2026-10-06 09:21:17,CM cola Taller,Rocío Cornejo,1234567890,yes,136,130,266,SIP/651
2026-10-06 09:20:51,CM cola Taller,Lucia Sosa,503,yes,111,221,332,SIP/650
2026-10-06 09:20:47,CM cola Taller,Rocío Cornejo,1234567890,yes,8,121,129,SIP/651
2026-10-06 09:14:57,CM cola Taller,Lucia Sosa,1234567890,yes,10,221,231,SIP/650
2026-10-06 09:09:37,MPC cola Taller,Rocío Cornejo,1234567890,yes,172,108,280,SIP/651
2026-10-06 09:08:22,CM cola Taller,Lucia Sosa,1234567890,yes,115,133,248,SIP/650
2026-10-06 09:05:04,CM cola Taller,Rocío Cornejo,1234567890,yes,154,201,355,SIP/651
2026-10-06 09:03:12,CM cola Taller,Rocío Cornejo,1234567890,yes,29,169,198,SIP/651
2026-10-06 08:53:04,MPC cola Taller,Rocío Cornejo,1234567890,yes,81,141,222,SIP/651
2026-10-06 08:48:16,CM cola Taller,Rocío Cornejo,1234567890,yes,124,158,282,SIP/651
2026-10-06 08:46:01,CM cola Taller,Lucia Sosa,1234567890,yes,357,194,551,SIP/650
2026-10-06 08:44:11,CM cola Taller,Rocío Cornejo,1234567890,yes,14,162,176,SIP/651
2026-10-06 08:32:37,CM cola Taller,Rocío Cornejo,1234567890,yes,24,164,188,SIP/651
2026-10-06 08:29:35,SF cola Taller,Lucia Sosa,1234567890,yes,143,558,701,SIP/650
2026-10-06 08:28:51,CM cola Taller,Lucia Sosa,503,yes,8,39,47,SIP/650
2026-10-06 08:22:18,CM cola Taller,Lucia Sosa,1234567890,yes,27,511,538,SIP/650
2026-10-06 08:20:39,CM cola Taller,Lucia Sosa,1234567890,yes,27,39,66,SIP/650
2026-10-06 08:18:17,MPC cola Taller,Rocío Cornejo,1234567890,yes,3,219,222,SIP/651
2026-10-06 08:18:03,CM cola Taller,Lucia Sosa,1234567890,yes,11,109,120,SIP/650
2026-10-06 08:08:17,CM cola Taller,Camila Mias,251,yes,22,42,64,SIP/251
2026-10-06 08:06:24,CM cola Taller,,1234567890,no,1,0,0,
2026-10-06 08:05:33,CM cola Taller,,1234567890,no,0,0,0,
2026-10-05 17:44:59,CM cola Taller,,1234567890,no,310,0,0,
2026-10-05 17:15:28,CM cola Taller,,1234567890,no,260,0,0,
2026-10-05 17:01:23,CM cola Taller,,1234567890,no,966,0,0,
2026-10-05 16:55:29,CM cola Taller,Martin Jalil,503,yes,599,255,854,SIP/503
2026-10-05 16:54:37,CM cola Taller,,1234567890,no,304,0,0,
2026-10-05 16:54:22,MPC cola Taller,,1234567890,no,159,0,0,
2026-10-05 16:51:07,CM cola Taller,Martin Jalil,503,yes,589,263,852,SIP/503
2026-10-05 16:49:55,MPC cola Taller,,1234567890,no,165,0,0,
2026-10-05 16:49:28,CM cola Taller,,1234567890,no,1511,0,0,
2026-10-05 16:47:36,CM cola Taller,,1234567890,no,108,0,0,
2026-10-05 16:43:26,CM cola Taller,Rocío Cornejo,1234567890,yes,389,111,500,SIP/651
2026-10-05 16:35:10,MPC cola Taller,Rocío Cornejo,1234567890,yes,65,203,268,SIP/651
2026-10-05 16:32:07,CM cola Taller,,1234567890,no,374,0,0,
2026-10-05 16:29:48,CM cola Taller,Rocío Cornejo,1234567890,yes,599,371,970,SIP/651
2026-10-05 16:29:40,CM cola Taller,Rocío Cornejo,1234567890,yes,33,148,181,SIP/651
2026-10-05 16:20:45,CM cola Taller,Rocío Cornejo,1234567890,yes,59,202,261,SIP/651
2026-10-05 16:18:16,CM cola Taller,Rocío Cornejo,1234567890,yes,7,170,177,SIP/651
2026-10-05 16:06:47,CM cola Taller,,1234567890,no,304,0,0,
2026-10-05 16:03:46,CM cola Taller,Rocío Cornejo,1234567890,yes,509,85,594,SIP/651
2026-10-05 16:03:45,CM cola Taller,Rocío Cornejo,1234567890,yes,323,175,498,SIP/651
2026-10-05 16:01:53,CM cola Taller,Rocío Cornejo,1234567890,yes,207,166,373,SIP/651
2026-10-05 16:00:07,CM cola Taller,Rocío Cornejo,1234567890,yes,72,231,303,SIP/651
2026-10-05 15:59:17,CM cola Taller,Rocío Cornejo,1234567890,yes,9,101,110,SIP/651
2026-10-05 15:54:33,CM cola Taller,Sofia Montaño,1234567890,yes,4,22,26,SIP/656
2026-10-05 15:47:22,SF cola Taller,Sofia Montaño,1234567890,yes,55,122,177,SIP/656
2026-10-05 15:35:38,CM cola Taller,Sofia Montaño,1234567890,yes,17,211,228,SIP/656
2026-10-05 15:30:32,CM cola Taller,Rocío Cornejo,1234567890,yes,10,136,146,SIP/651
2026-10-05 15:23:55,CM cola Taller,Sofia Montaño,1234567890,yes,11,97,108,SIP/656
2026-10-05 15:20:02,CM cola Taller,Rocío Cornejo,1234567890,yes,7,73,80,SIP/651
2026-10-05 15:19:53,MPC cola Taller,Sofia Montaño,1234567890,yes,2,71,73,SIP/656
2026-10-05 15:15:46,CM cola Taller,Rocío Cornejo,1234567890,yes,39,132,171,SIP/651
2026-10-05 15:13:49,CM cola Taller,,1234567890,no,37,0,0,
2026-10-05 15:09:49,CM cola Taller,Sofia Montaño,1234567890,yes,127,221,348,SIP/656
2026-10-05 15:08:19,CM cola Taller,Rocío Cornejo,1234567890,yes,8,398,406,SIP/651
2026-10-05 15:07:14,CM cola Taller,Sofia Montaño,1234567890,yes,6,67,73,SIP/656
2026-10-05 14:55:38,MPC cola Taller,Sofia Montaño,1234567890,yes,13,70,83,SIP/656
2026-10-05 14:55:12,CM cola Taller,,670,no,2,0,0,
2026-10-05 14:53:57,CM cola Taller,Sofia Montaño,370,yes,9,51,60,SIP/656
2026-10-05 14:49:35,CM cola Taller,Rocío Cornejo,1234567890,yes,6,110,116,SIP/651
2026-10-05 14:38:30,CM cola Taller,Rocío Cornejo,1234567890,yes,30,123,153,SIP/651
2026-10-05 14:29:40,CM cola Taller,Sofia Montaño,1234567890,yes,2,269,271,SIP/656
2026-10-05 14:23:03,CM cola Taller,Sofia Montaño,1234567890,yes,146,164,310,SIP/656
2026-10-05 14:18:59,MPC cola Taller,Sofia Montaño,1234567890,yes,7,368,375,SIP/656
2026-10-05 14:14:36,CM cola Taller,Rocío Cornejo,1234567890,yes,8,70,78,SIP/651
2026-10-05 14:11:54,MPC cola Taller,Rocío Cornejo,1234567890,yes,26,58,84,SIP/651
2026-10-05 14:09:03,CM cola Taller,Rocío Cornejo,1234567890,yes,13,53,66,SIP/651
2026-10-05 14:04:25,CM cola Taller,Sofia Montaño,1234567890,yes,67,105,172,SIP/656
2026-10-05 14:04:24,MPC cola Taller,Sofia Montaño,1234567890,yes,6,30,36,SIP/656
2026-10-05 14:01:08,CM cola Taller,Rocío Cornejo,1234567890,yes,12,297,309,SIP/651
2026-10-05 12:57:49,CM cola Taller,Sofia Montaño,1234567890,yes,58,162,220,SIP/656
2026-10-05 12:55:16,CM cola Taller,Camila Mias,251,yes,40,21,61,SIP/251
2026-10-05 12:52:44,MPC cola Taller,Rocío Cornejo,1234567890,yes,102,302,404,SIP/651
2026-10-05 12:51:19,MPC cola Taller,Rocío Cornejo,1234567890,yes,7,129,136,SIP/651
2026-10-05 12:47:07,MPC cola Taller,Lucia Sosa,1234567890,yes,186,111,297,SIP/650
2026-10-05 12:46:21,CM cola Taller,,1234567890,no,108,0,0,
2026-10-05 12:45:39,MPC cola Taller,Sofia Montaño,1234567890,yes,81,150,231,SIP/656
2026-10-05 12:44:47,CM cola Taller,Rocío Cornejo,1234567890,yes,266,104,370,SIP/651
2026-10-05 12:43:19,CM cola Taller,Sofia Montaño,1234567890,yes,84,126,210,SIP/656
2026-10-05 12:42:57,CM cola Taller,Rocío Cornejo,1234567890,yes,13,130,143,SIP/651
2026-10-05 12:41:43,SF cola Taller,Sofia Montaño,1234567890,yes,9,128,137,SIP/656
2026-10-05 12:41:28,MPC cola Taller,Rocío Cornejo,1234567890,yes,13,73,86,SIP/651
2026-10-05 12:35:45,CM cola Taller,Sofia Montaño,1234567890,yes,129,140,269,SIP/656
2026-10-05 12:33:03,CM cola Taller,Sofia Montaño,1234567890,yes,57,208,265,SIP/656
2026-10-05 12:32:24,CM cola Taller,Sabrina Mercado,250,yes,131,19,150,SIP/250
2026-10-05 12:28:23,CM cola Taller,Rocío Cornejo,1234567890,yes,56,205,261,SIP/651
2026-10-05 12:26:00,CM cola Taller,Sofia Montaño,1234567890,yes,136,290,426,SIP/656
2026-10-05 12:24:13,MPC cola Taller,Lucia Sosa,1234567890,yes,51,167,218,SIP/650
2026-10-05 12:23:30,MPC cola Taller,Sofia Montaño,1234567890,yes,87,143,230,SIP/656
2026-10-05 12:23:05,CM cola Taller,Rocío Cornejo,1234567890,yes,106,92,198,SIP/651
2026-10-05 12:23:00,CM cola Taller,Sofia Montaño,1234567890,yes,17,86,103,SIP/656
2026-10-05 12:22:19,CM cola Taller,Lucia Sosa,1234567890,yes,24,52,76,SIP/650
2026-10-05 12:19:00,CM cola Taller,Lucia Sosa,1234567890,yes,9,130,139,SIP/650
2026-10-05 12:11:52,MPC cola Taller,Lucia Sosa,1234567890,yes,6,14,20,SIP/650
2026-10-05 11:54:07,MPC cola Taller,Sofia Montaño,1234567890,yes,16,138,154,SIP/656
2026-10-05 11:49:01,MPC cola Taller,Rocío Cornejo,1234567890,yes,7,170,177,SIP/651
2026-10-05 11:37:27,CM cola Taller,Rocío Cornejo,1234567890,yes,169,254,423,SIP/651
2026-10-05 11:35:40,MPC cola Taller,Sofia Montaño,1234567890,yes,36,196,232,SIP/656
2026-10-05 11:33:27,CM cola Taller,Rocío Cornejo,1234567890,yes,328,24,352,SIP/651
2026-10-05 11:29:05,MPC cola Taller,,1234567890,no,72,0,0,
2026-10-05 11:27:12,CM cola Taller,Rocío Cornejo,1234567890,yes,108,96,204,SIP/651
2026-10-05 11:26:53,CM cola Taller,Rocío Cornejo,1234567890,yes,16,99,115,SIP/651
2026-10-05 11:25:44,CM cola Taller,Lucia Sosa,1234567890,yes,41,470,511,SIP/650
2026-10-05 11:22:49,CM cola Taller,Sofia Montaño,1234567890,yes,254,511,765,SIP/656
2026-10-05 11:21:59,CM cola Taller,Sofia Montaño,1234567890,yes,10,205,215,SIP/656
2026-10-05 11:21:32,MPC cola Taller,Rocío Cornejo,1234567890,yes,12,220,232,SIP/651
2026-10-05 11:17:49,CM cola Taller,Rocío Cornejo,1234567890,yes,11,113,124,SIP/651
2026-10-05 11:09:47,MPC cola Taller,Rocío Cornejo,1234567890,yes,7,85,92,SIP/651
2026-10-05 11:02:05,CM cola Taller,Sofia Montaño,1234567890,yes,9,167,176,SIP/656
2026-10-05 10:59:05,CM cola Taller,Lucia Sosa,1234567890,yes,16,220,236,SIP/650
2026-10-05 10:56:52,CM cola Taller,Sofia Montaño,1234567890,yes,14,187,201,SIP/656
2026-10-05 10:53:57,CM cola Taller,Rocío Cornejo,1234567890,yes,23,157,180,SIP/651
2026-10-05 10:53:24,MPC cola Taller,Sofia Montaño,1234567890,yes,9,110,119,SIP/656
2026-10-05 10:47:24,CM cola Taller,Sofia Montaño,1234567890,yes,90,119,209,SIP/656
2026-10-05 10:46:57,CM cola Taller,Rocío Cornejo,1234567890,yes,7,103,110,SIP/651
2026-10-05 10:44:58,CM cola Taller,Sofia Montaño,1234567890,yes,19,201,220,SIP/656
2026-10-05 10:44:55,CM cola Taller,Martin Jalil,503,yes,9,12,21,SIP/503
2026-10-05 10:40:59,MPC cola Taller,Rocío Cornejo,1234567890,yes,3,205,208,SIP/651
2026-10-05 10:36:37,CM cola Taller,Lucia Sosa,1234567890,yes,29,92,121,SIP/650
2026-10-05 10:36:33,CM cola Taller,Sofia Montaño,1234567890,yes,7,276,283,SIP/656
2026-10-05 10:31:18,CM cola Taller,Rocío Cornejo,1234567890,yes,19,186,205,SIP/651
2026-10-05 10:27:45,SF cola Taller,Rocío Cornejo,1234567890,yes,5,135,140,SIP/651
2026-10-05 10:23:41,MPC cola Taller,Sofia Montaño,1234567890,yes,12,262,274,SIP/656
2026-10-05 10:22:28,CM cola Taller,Rocío Cornejo,1234567890,yes,16,176,192,SIP/651
2026-10-05 10:19:57,MPC cola Taller,Sofia Montaño,1234567890,yes,10,177,187,SIP/656
2026-10-05 10:18:51,CM cola Taller,Rocío Cornejo,1234567890,yes,12,86,98,SIP/651
2026-10-05 10:14:43,CM cola Taller,Camila Mias,251,yes,7,13,20,SIP/251
2026-10-05 10:06:27,CM cola Taller,Rocío Cornejo,1234567890,yes,11,205,216,SIP/651
2026-10-05 10:04:57,CM cola Taller,Lucia Sosa,1234567890,yes,14,261,275,SIP/650
2026-10-05 09:55:00,CM cola Taller,Sofia Montaño,1234567890,yes,17,513,530,SIP/656
2026-10-05 09:44:39,CM cola Taller,Sofia Montaño,1234567890,yes,78,157,235,SIP/656
2026-10-05 09:42:11,MPC cola Taller,Lucia Sosa,1234567890,yes,23,462,485,SIP/650
2026-10-05 09:38:22,CM cola Taller,Sofia Montaño,1234567890,yes,18,55,73,SIP/656
2026-10-05 09:30:40,CM cola Taller,,1234567890,no,89,0,0,
2026-10-05 09:29:33,CM cola Taller,Lucia Sosa,1234567890,yes,133,395,528,SIP/650
2026-10-05 09:27:29,MPC cola Taller,Sofia Montaño,1234567890,yes,12,469,481,SIP/656
2026-10-05 09:24:13,CM cola Taller,Sofia Montaño,250,yes,26,126,152,SIP/656
2026-10-05 09:22:57,CM cola Taller,Lucia Sosa,1234567890,yes,17,174,191,SIP/650
2026-10-05 09:17:48,CM cola Taller,Lucia Sosa,1234567890,yes,81,135,216,SIP/650
2026-10-05 09:16:26,CM cola Taller,Lucia Sosa,1234567890,yes,21,122,143,SIP/650
2026-10-05 09:13:04,CM cola Taller,Sofia Montaño,503,yes,24,144,168,SIP/656
2026-10-05 09:09:57,CM cola Taller,Lucia Sosa,1234567890,yes,63,154,217,SIP/650
2026-10-05 09:08:23,MPC cola Taller,Sofia Montaño,1234567890,yes,9,286,295,SIP/656
2026-10-05 09:06:21,CM cola Taller,Lucia Sosa,1234567890,yes,24,220,244,SIP/650
2026-10-05 09:05:15,CM cola Taller,Sofia Montaño,1234567890,yes,8,144,152,SIP/656
2026-10-05 09:00:18,MPC cola Taller,Lucia Sosa,1234567890,yes,9,121,130,SIP/650
2026-10-05 08:59:14,MPC cola Taller,Lucia Sosa,1234567890,yes,9,22,31,SIP/650
2026-10-05 08:56:51,CM cola Taller,Camila Mias,251,yes,18,11,29,SIP/251
2026-10-05 08:51:23,CM cola Taller,Sofia Montaño,1234567890,yes,102,195,297,SIP/656
2026-10-05 08:40:39,CM cola Taller,Lucia Sosa,1234567890,yes,11,270,281,SIP/650
2026-10-05 08:40:25,CM cola Taller,,250,no,2,0,0,
2026-10-05 08:37:26,SF cola Taller,Sofia Montaño,1234567890,yes,10,121,131,SIP/656
2026-10-05 08:33:07,CM cola Taller,Lucia Sosa,1234567890,yes,63,108,171,SIP/650
2026-10-05 08:31:29,CM cola Taller,Sofia Montaño,1234567890,yes,117,145,262,SIP/656
2026-10-05 08:31:15,CM cola Taller,Camila Mias,251,yes,6,18,24,SIP/251
2026-10-05 08:28:39,MPC cola Taller,Lucia Sosa,1234567890,yes,7,306,313,SIP/650
2026-10-05 08:15:44,CM cola Taller,Sofia Montaño,1234567890,yes,9,489,498,SIP/656
2026-10-05 08:13:46,CM cola Taller,Lucia Sosa,1234567890,yes,8,147,155,SIP/650
2026-10-05 08:07:44,CM cola Taller,Sofia Montaño,1234567890,yes,7,304,311,SIP/656
2026-10-02 17:26:04,CM cola Taller,,1234567890,no,23,0,0,
2026-10-02 17:11:51,CM cola Taller,Alma Cordoba,1234567890,yes,133,116,249,SIP/655
2026-10-02 17:03:59,CM cola Taller,Alma Cordoba,1234567890,yes,111,33,144,SIP/655
2026-10-02 16:57:03,CM cola Taller,,1234567890,no,465,0,0,
2026-10-02 16:56:28,CM cola Taller,Alma Cordoba,1234567890,yes,154,136,290,SIP/655
2026-10-02 16:37:53,CM cola Taller,Alma Cordoba,1234567890,yes,14,128,142,SIP/655
2026-10-02 16:20:04,CM cola Taller,Alma Cordoba,1234567890,yes,20,128,148,SIP/655
2026-10-02 16:19:16,SF cola Taller,Alma Cordoba,1234567890,yes,279,94,373,SIP/655
2026-10-02 16:11:12,CM cola Taller,,251,no,150,0,0,
2026-10-02 16:06:44,CM cola Taller,,1234567890,no,77,0,0,
2026-10-02 15:55:24,CM cola Taller,Camila Mias,251,yes,17,23,40,SIP/251
2026-10-02 15:52:14,MPC cola Taller,Alma Cordoba,1234567890,yes,13,160,173,SIP/655
2026-10-02 15:31:56,CM cola Taller,Sofia Montaño,1234567890,yes,24,130,154,SIP/656
2026-10-02 15:28:53,CM cola Taller,Alma Cordoba,1234567890,yes,6,101,107,SIP/655
2026-10-02 15:22:00,CM cola Taller,Sofia Montaño,1234567890,yes,23,214,237,SIP/656
2026-10-02 15:19:25,CM cola Taller,Alma Cordoba,1234567890,yes,9,154,163,SIP/655
2026-10-02 15:13:17,CM cola Taller,Sofia Montaño,1234567890,yes,24,150,174,SIP/656
2026-10-02 14:59:10,CM cola Taller,Alma Cordoba,1234567890,yes,9,109,118,SIP/655
2026-10-02 14:50:15,CM cola Taller,Alma Cordoba,1234567890,yes,26,163,189,SIP/655
2026-10-02 14:42:58,CM cola Taller,Alma Cordoba,1234567890,yes,13,339,352,SIP/655
2026-10-02 14:41:54,CM cola Taller,,1234567890,no,2,0,0,
2026-10-02 14:36:05,CM cola Taller,Alma Cordoba,670,yes,6,192,198,SIP/655
2026-10-02 14:31:23,CM cola Taller,Alma Cordoba,1234567890,yes,10,101,111,SIP/655
2026-10-02 14:30:25,MPC cola Taller,Sofia Montaño,1234567890,yes,24,57,81,SIP/656
2026-10-02 14:25:24,MPC cola Taller,Alma Cordoba,1234567890,yes,5,243,248,SIP/655
2026-10-02 14:18:06,CM cola Taller,Sofia Montaño,1234567890,yes,48,155,203,SIP/656
2026-10-02 14:15:39,CM cola Taller,Alma Cordoba,1234567890,yes,13,228,241,SIP/655
2026-10-02 14:09:51,CM cola Taller,Alma Cordoba,1234567890,yes,6,130,136,SIP/655
2026-10-02 14:03:33,MPC cola Taller,Sofia Montaño,1234567890,yes,18,140,158,SIP/656
2026-10-02 12:59:53,CM cola Taller,Rocío Cornejo,1234567890,yes,12,131,143,SIP/651
2026-10-02 12:56:58,CM cola Taller,Rocío Cornejo,1234567890,yes,23,114,137,SIP/651
2026-10-02 12:55:00,CM cola Taller,Sofia Montaño,1234567890,yes,25,20,45,SIP/656
2026-10-02 12:52:20,CM cola Taller,Lucia Sosa,1234567890,yes,11,220,231,SIP/650
2026-10-02 12:49:10,CM cola Taller,Alma Cordoba,1234567890,yes,25,255,280,SIP/655
2026-10-02 12:46:42,CM cola Taller,,1234567890,no,0,0,0,
2026-10-02 12:41:29,CM cola Taller,Rocío Cornejo,1234567890,yes,7,193,200,SIP/651
2026-10-02 12:27:30,CM cola Taller,Matias Villafane,502,yes,19,122,141,SIP/502
2026-10-02 12:26:07,CM cola Taller,Lucia Sosa,1234567890,yes,24,94,118,SIP/650
2026-10-02 12:17:02,CM cola Taller,Rocío Cornejo,1234567890,yes,13,114,127,SIP/651
2026-10-02 12:09:25,CM cola Taller,,499,yes,19,287,306,SIP/499
2026-10-02 12:05:25,MPC cola Taller,Rocío Cornejo,1234567890,yes,9,90,99,SIP/651
2026-10-02 12:03:21,CM cola Taller,Alma Cordoba,1234567890,yes,13,232,245,SIP/655
2026-10-02 12:01:08,CM cola Taller,Rocío Cornejo,1234567890,yes,79,36,115,SIP/651
2026-10-02 12:00:17,CM cola Taller,Rocío Cornejo,1234567890,yes,8,100,108,SIP/651
2026-10-02 11:58:53,MPC cola Taller,Lucia Sosa,1234567890,yes,57,236,293,SIP/650
2026-10-02 11:56:18,MPC cola Taller,Sofia Montaño,1234567890,yes,29,135,164,SIP/656
2026-10-02 11:56:04,CM cola Taller,,1234567890,no,225,0,0,
2026-10-02 11:55:36,CM cola Taller,Sofia Montaño,1234567890,yes,6,55,61,SIP/656
2026-10-02 11:49:13,CM cola Taller,Lucia Sosa,1234567890,yes,20,423,443,SIP/650
2026-10-02 11:42:51,CM cola Taller,Lucia Sosa,1234567890,yes,21,145,166,SIP/650
2026-10-02 11:41:53,CM cola Taller,,1234567890,no,5,0,0,
2026-10-02 11:36:14,CM cola Taller,Lucia Sosa,1234567890,yes,81,140,221,SIP/650
2026-10-02 11:30:43,CM cola Taller,Camila Mias,251,yes,7,38,45,SIP/251
2026-10-02 11:25:49,CM cola Taller,Lucia Sosa,1234567890,yes,19,284,303,SIP/650
2026-10-02 11:20:46,MPC cola Taller,Sofia Montaño,1234567890,yes,13,136,149,SIP/656
2026-10-02 11:15:27,MPC cola Taller,Sofia Montaño,1234567890,yes,5,187,192,SIP/656
2026-10-02 11:06:41,CM cola Taller,Lucia Sosa,1234567890,yes,42,274,316,SIP/650
2026-10-02 11:06:38,CM cola Taller,Sofia Montaño,1234567890,yes,11,53,64,SIP/656
2026-10-02 11:05:41,CM cola Taller,,1234567890,no,0,0,0,
2026-10-02 11:00:28,CM cola Taller,Sofia Montaño,1234567890,yes,8,105,113,SIP/656
2026-10-02 10:50:20,MPC cola Taller,Lucia Sosa,1234567890,yes,105,543,648,SIP/650
2026-10-02 10:49:32,CM cola Taller,Lucia Sosa,1234567890,yes,19,89,108,SIP/650
2026-10-02 10:47:29,CM cola Taller,Lucia Sosa,1234567890,yes,24,31,55,SIP/650
2026-10-02 10:45:34,CM cola Taller,Sofia Montaño,1234567890,yes,23,122,145,SIP/656
2026-10-02 10:43:02,CM cola Taller,Sofia Montaño,1234567890,yes,24,121,145,SIP/656
2026-10-02 10:37:06,CM cola Taller,Lucia Sosa,1234567890,yes,251,185,436,SIP/650
2026-10-02 10:34:24,CM cola Taller,Camila Mias,251,yes,307,26,333,SIP/251
2026-10-02 10:22:16,CM cola Taller,Sofia Montaño,1234567890,yes,207,613,820,SIP/656
2026-10-02 10:21:12,CM cola Taller,,1234567890,no,1,0,0,
2026-10-02 10:19:08,CM cola Taller,,1234567890,no,344,0,0,
2026-10-02 10:15:47,CM cola Taller,Lucia Sosa,1234567890,yes,368,221,589,SIP/650
2026-10-02 10:15:02,CM cola Taller,Sofia Montaño,1234567890,yes,310,326,636,SIP/656
2026-10-02 10:12:07,MPC cola Taller,,1234567890,no,421,0,0,
2026-10-02 10:11:38,CM cola Taller,,1234567890,no,344,0,0,
2026-10-02 10:11:11,MPC cola Taller,Lucia Sosa,1234567890,yes,322,210,532,SIP/650
2026-10-02 10:08:50,CM cola Taller,Lucia Sosa,1234567890,yes,97,150,247,SIP/650
2026-10-02 10:03:28,CM cola Taller,Lucia Sosa,1234567890,yes,26,215,241,SIP/650
2026-10-02 09:52:17,CM cola Taller,Lucia Sosa,1234567890,yes,21,207,228,SIP/650
2026-10-02 09:43:40,CM cola Taller,,1234567890,no,193,0,0,
2026-10-02 09:39:32,CM cola Taller,Matias Villafane,502,yes,540,33,573,SIP/502
2026-10-02 09:38:23,CM cola Taller,Lucia Sosa,1234567890,yes,166,443,609,SIP/650
2026-10-02 09:29:38,MPC cola Taller,Lucia Sosa,1234567890,yes,208,448,656,SIP/650
2026-10-02 09:26:27,MPC cola Taller,Lucia Sosa,1234567890,yes,85,120,205,SIP/650
2026-10-02 09:24:41,CM cola Taller,,1234567890,no,747,0,0,
2026-10-02 09:22:18,CM cola Taller,Lucia Sosa,1234567890,yes,489,138,627,SIP/650
2026-10-02 09:20:13,CM cola Taller,,1234567890,no,96,0,0,
2026-10-02 09:17:50,CM cola Taller,Lucia Sosa,1234567890,yes,388,183,571,SIP/650
2026-10-02 09:09:45,CM cola Taller,Lucia Sosa,1234567890,yes,650,193,843,SIP/650
2026-10-02 09:09:29,CM cola Taller,Lucia Sosa,1234567890,yes,375,237,612,SIP/650
2026-10-02 09:08:57,CM cola Taller,Lucia Sosa,1234567890,yes,289,90,379,SIP/650
2026-10-02 09:05:02,CM cola Taller,,1234567890,no,2,0,0,
2026-10-02 09:04:59,CM cola Taller,Lucia Sosa,1234567890,yes,293,203,496,SIP/650
2026-10-02 09:02:07,CM cola Taller,Lucia Sosa,1234567890,yes,35,406,441,SIP/650
2026-10-02 08:59:12,CM cola Taller,Lucia Sosa,1234567890,yes,14,147,161,SIP/650
2026-10-02 08:49:09,CM cola Taller,Lucia Sosa,1234567890,yes,17,136,153,SIP/650
2026-10-02 08:39:32,MPC cola Taller,Lucia Sosa,1234567890,yes,6,281,287,SIP/650
2026-10-02 08:34:04,SF cola Taller,Lucia Sosa,1234567890,yes,18,6,24,SIP/650
2026-10-02 08:31:26,MPC cola Taller,Lucia Sosa,1234567890,yes,12,8,20,SIP/650
2026-10-02 08:09:31,CM cola Taller,Lucia Sosa,1234567890,yes,10,167,177,SIP/650
2026-10-01 17:53:36,CM cola Taller,,1234567890,no,415,0,0,
2026-10-01 17:25:52,CM cola Taller,,1234567890,no,166,0,0,
2026-10-01 17:24:45,CM cola Taller,,1234567890,no,221,0,0,
2026-10-01 17:20:29,CM cola Taller,,1234567890,no,168,0,0,
2026-10-01 17:13:24,CM cola Taller,,1234567890,no,383,0,0,
2026-10-01 16:54:07,MPC cola Taller,Rocío Cornejo,1234567890,yes,193,320,513,SIP/651
2026-10-01 16:51:54,CM cola Taller,,1234567890,no,30,0,0,
2026-10-01 16:51:06,MPC cola Taller,Rocío Cornejo,Anonymous,yes,202,151,353,SIP/651
2026-10-01 16:50:20,MPC cola Taller,,Anonymous,no,1,0,0,
2026-10-01 16:50:09,CM cola Taller,Rocío Cornejo,1234567890,yes,6,173,179,SIP/651
2026-10-01 16:43:51,CM cola Taller,Lucia Sosa,1234567890,yes,10,176,186,SIP/650
2026-10-01 16:39:49,CM cola Taller,Rocío Cornejo,1234567890,yes,108,204,312,SIP/651
2026-10-01 16:38:49,CM cola Taller,Lucia Sosa,1234567890,yes,76,181,257,SIP/650
2026-10-01 16:37:58,CM cola Taller,Rocío Cornejo,1234567890,yes,71,131,202,SIP/651
2026-10-01 16:34:39,MPC cola Taller,Rocío Cornejo,1234567890,yes,61,203,264,SIP/651
2026-10-01 16:33:46,CM cola Taller,Lucia Sosa,1234567890,yes,255,65,320,SIP/650
2026-10-01 16:32:33,CM cola Taller,Lucia Sosa,1234567890,yes,23,210,233,SIP/650
2026-10-01 16:29:48,CM cola Taller,Camila Mias,251,yes,18,30,48,SIP/251
2026-10-01 16:23:51,MPC cola Taller,Rocío Cornejo,1234567890,yes,11,223,234,SIP/651
2026-10-01 16:22:19,CM cola Taller,Lucia Sosa,1234567890,yes,27,306,333,SIP/650
2026-10-01 16:06:11,CM cola Taller,Lucia Sosa,1234567890,yes,552,300,852,SIP/650
2026-10-01 16:06:07,SF cola Taller,Rocío Cornejo,1234567890,yes,400,222,622,SIP/651
2026-10-01 16:04:10,CM cola Taller,,1234567890,no,37,0,0,
2026-10-01 16:02:42,CM cola Taller,Lucia Sosa,1234567890,yes,5,219,224,SIP/650
2026-10-01 15:53:29,CM cola Taller,Lucia Sosa,1234567890,yes,9,38,47,SIP/650
2026-10-01 15:30:50,CM cola Taller,Camila Mias,251,yes,50,38,88,SIP/251
2026-10-01 15:11:17,MPC cola Taller,Rocío Cornejo,1234567890,yes,132,272,404,SIP/651
2026-10-01 15:09:29,CM cola Taller,Camila Mias,251,yes,10,13,23,SIP/251
2026-10-01 15:07:38,CM cola Taller,Lucia Sosa,1234567890,yes,18,217,235,SIP/650
2026-10-01 15:04:59,CM cola Taller,Matias Villafane,502,yes,8,13,21,SIP/502
2026-10-01 15:03:23,CM cola Taller,Lucia Sosa,1234567890,yes,10,173,183,SIP/650
2026-10-01 14:49:30,CM cola Taller,Camila Mias,251,yes,19,21,40,SIP/251
2026-10-01 14:45:23,SF cola Taller,Rocío Cornejo,1234567890,yes,6,179,185,SIP/651
2026-10-01 14:38:09,CM cola Taller,Camila Mias,251,yes,4,25,29,SIP/251
2026-10-01 14:25:21,SF cola Taller,Lucia Sosa,1234567890,yes,202,383,585,SIP/650
2026-10-01 14:13:41,CM cola Taller,Lucia Sosa,1234567890,yes,126,87,213,SIP/650
2026-10-01 14:11:17,CM cola Taller,,1234567890,no,185,0,0,
2026-10-01 14:08:53,CM cola Taller,Rocío Cornejo,1234567890,yes,183,115,298,SIP/651
2026-10-01 14:05:45,MPC cola Taller,Rocío Cornejo,1234567890,yes,155,208,363,SIP/651
2026-10-01 14:04:36,CM cola Taller,Lucia Sosa,1234567890,yes,398,224,622,SIP/650
2026-10-01 14:03:52,CM cola Taller,Lucia Sosa,1234567890,yes,78,313,391,SIP/650
2026-10-01 14:01:05,CM cola Taller,Rocío Cornejo,1234567890,yes,8,422,430,SIP/651
2026-10-01 12:44:25,CM cola Taller,Lucia Sosa,1234567890,yes,12,504,516,SIP/650
2026-10-01 12:43:00,MPC cola Taller,Rocío Cornejo,1234567890,yes,4,201,205,SIP/651
2026-10-01 12:42:21,CM cola Taller,Alma Cordoba,1234567890,yes,23,241,264,SIP/655
2026-10-01 12:41:48,CM cola Taller,Sofia Montaño,1234567890,yes,26,76,102,SIP/656
2026-10-01 12:32:49,CM cola Taller,Sofia Montaño,1234567890,yes,32,248,280,SIP/656
2026-10-01 12:27:41,SF cola Taller,Sofia Montaño,1234567890,yes,6,260,266,SIP/656
2026-10-01 12:25:02,MPC cola Taller,Rocío Cornejo,1234567890,yes,6,224,230,SIP/651
2026-10-01 12:20:38,CM cola Taller,Alma Cordoba,1234567890,yes,10,107,117,SIP/655
2026-10-01 12:19:53,MPC cola Taller,Rocío Cornejo,1234567890,yes,14,161,175,SIP/651
2026-10-01 12:09:38,MPC cola Taller,Rocío Cornejo,1234567890,yes,79,193,272,SIP/651
2026-10-01 12:04:15,CM cola Taller,Alma Cordoba,1234567890,yes,89,241,330,SIP/655
2026-10-01 12:03:47,MPC cola Taller,Sofia Montaño,1234567890,yes,186,221,407,SIP/656
2026-10-01 12:02:23,CM cola Taller,,1234567890,no,62,0,0,
2026-10-01 12:00:03,SF cola Taller,Sofia Montaño,1234567890,yes,26,103,129,SIP/656
2026-10-01 11:50:14,SF cola Taller,Alma Cordoba,1234567890,yes,82,199,281,SIP/655
2026-10-01 11:47:46,CM cola Taller,Sofia Montaño,1234567890,yes,19,220,239,SIP/656
2026-10-01 11:43:09,CM cola Taller,Sofia Montaño,1234567890,yes,8,165,173,SIP/656
2026-10-01 11:37:06,SF cola Taller,Sofia Montaño,1234567890,yes,49,120,169,SIP/656
2026-10-01 11:36:01,CM cola Taller,Camila Mias,251,yes,50,24,74,SIP/251
2026-10-01 11:30:26,CM cola Taller,Sofia Montaño,1234567890,yes,24,149,173,SIP/656
2026-10-01 11:21:36,CM cola Taller,Alma Cordoba,1234567890,yes,150,110,260,SIP/655
2026-10-01 11:20:53,CM cola Taller,Martin Jalil,503,yes,86,47,133,SIP/503
2026-10-01 11:20:07,CM cola Taller,Sofia Montaño,1234567890,yes,146,110,256,SIP/656
2026-10-01 11:20:06,CM cola Taller,,1234567890,no,9,0,0,
2026-10-01 11:16:31,CM cola Taller,Sabrina Mercado,250,yes,11,36,47,SIP/250
2026-10-01 11:13:34,CM cola Taller,Sabrina Mercado,250,yes,11,50,61,SIP/250
2026-10-01 11:05:03,CM cola Taller,Sofia Montaño,1234567890,yes,5,253,258,SIP/656
2026-10-01 10:56:52,CM cola Taller,Alma Cordoba,1234567890,yes,290,332,622,SIP/655
2026-10-01 10:56:13,CM cola Taller,Camila Mias,251,yes,76,41,117,SIP/251
2026-10-01 10:55:53,CM cola Taller,Alma Cordoba,1234567890,yes,84,222,306,SIP/655
2026-10-01 10:50:50,CM cola Taller,Alma Cordoba,1234567890,yes,36,251,287,SIP/655
2026-10-01 10:48:19,CM cola Taller,Alma Cordoba,1234567890,yes,45,125,170,SIP/655
2026-10-01 10:42:50,CM cola Taller,Alma Cordoba,1234567890,yes,19,159,178,SIP/655
2026-10-01 10:40:54,CM cola Taller,Martin Jalil,503,yes,9,686,695,SIP/503
2026-10-01 10:34:16,CM cola Taller,Sabrina Mercado,250,yes,9,12,21,SIP/250
2026-10-01 10:32:11,CM cola Taller,Camila Mias,251,yes,7,23,30,SIP/251
2026-10-01 10:17:20,CM cola Taller,Alma Cordoba,1234567890,yes,8,183,191,SIP/655
2026-10-01 10:15:37,CM cola Taller,Sofia Montaño,1234567890,yes,5,144,149,SIP/656
2026-10-01 10:12:44,CM cola Taller,Alma Cordoba,1234567890,yes,23,67,90,SIP/655
2026-10-01 10:12:35,MPC cola Taller,Sofia Montaño,1234567890,yes,15,53,68,SIP/656
2026-10-01 10:09:05,MPC cola Taller,Alma Cordoba,1234567890,yes,4,224,228,SIP/655
2026-10-01 09:58:16,MPC cola Taller,,1234567890,no,69,0,0,
2026-10-01 09:53:14,CM cola Taller,Camila Mias,251,yes,277,40,317,SIP/251
2026-10-01 09:50:33,CM cola Taller,Alma Cordoba,1234567890,yes,191,45,236,SIP/655
2026-10-01 09:49:30,CM cola Taller,,1234567890,no,106,0,0,
2026-10-01 09:43:43,CM cola Taller,Alma Cordoba,1234567890,yes,194,294,488,SIP/655
2026-10-01 09:43:21,CM cola Taller,Alma Cordoba,1234567890,yes,5,145,150,SIP/655
2026-10-01 09:41:51,CM cola Taller,Alma Cordoba,1234567890,yes,12,37,49,SIP/655
2026-10-01 09:35:37,CM cola Taller,Camila Mias,251,yes,179,24,203,SIP/251
2026-10-01 09:35:14,MPC cola Taller,Alma Cordoba,1234567890,yes,3,189,192,SIP/655
2026-10-01 09:31:29,CM cola Taller,Sabrina Mercado,250,yes,55,26,81,SIP/250
2026-10-01 09:22:21,CM cola Taller,Alma Cordoba,503,yes,10,215,225,SIP/655
2026-10-01 09:18:46,CM cola Taller,Alma Cordoba,1234567890,yes,6,215,221,SIP/655
2026-10-01 09:10:54,CM cola Taller,Alma Cordoba,1234567890,yes,17,281,298,SIP/655
2026-10-01 08:56:32,MPC cola Taller,Alma Cordoba,1234567890,yes,6,159,165,SIP/655
2026-10-01 08:38:29,CM cola Taller,Alma Cordoba,1234567890,yes,139,123,262,SIP/655
2026-10-01 08:37:48,CM cola Taller,Alma Cordoba,1234567890,yes,12,152,164,SIP/655
2026-10-01 08:28:55,CM cola Taller,Alma Cordoba,Anonymous,yes,124,114,238,SIP/655
2026-10-01 08:28:26,CM cola Taller,Alma Cordoba,1234567890,yes,16,125,141,SIP/655
2026-09-30 17:46:38,CM cola Taller,,1234567890,no,50,0,0,
2026-09-30 16:51:35,CM cola Taller,Alma Cordoba,1234567890,yes,6,192,198,SIP/655
2026-09-30 16:44:22,CM cola Taller,,1234567890,no,292,0,0,
2026-09-30 16:38:52,MPC cola Taller,Agustina Vargas,255,yes,317,35,352,SIP/255
2026-09-30 16:29:47,MPC cola Taller,,1234567890,no,420,0,0,
2026-09-30 16:26:31,CM cola Taller,Alma Cordoba,1234567890,yes,7,268,275,SIP/655
2026-09-30 16:17:51,CM cola Taller,Alma Cordoba,1234567890,yes,155,247,402,SIP/655
2026-09-30 16:17:26,CM cola Taller,Alma Cordoba,1234567890,yes,92,71,163,SIP/655
2026-09-30 16:16:26,MPC cola Taller,Alma Cordoba,1234567890,yes,7,125,132,SIP/655
2026-09-30 16:09:07,CM cola Taller,,1234567890,no,63,0,0,
2026-09-30 16:08:08,CM cola Taller,Alma Cordoba,1234567890,yes,7,112,119,SIP/655
2026-09-30 16:05:54,CM cola Taller,Alma Cordoba,1234567890,yes,10,103,113,SIP/655
2026-09-30 15:55:05,CM cola Taller,Alma Cordoba,1234567890,yes,9,169,178,SIP/655
2026-09-30 15:49:51,CM cola Taller,,1234567890,no,16,0,0,
2026-09-30 15:48:32,MPC cola Taller,Alma Cordoba,1234567890,yes,157,191,348,SIP/655
2026-09-30 15:48:06,CM cola Taller,Alma Cordoba,1234567890,yes,11,124,135,SIP/655
2026-09-30 15:32:55,CM cola Taller,Alma Cordoba,1234567890,yes,17,252,269,SIP/655
2026-09-30 15:17:44,MPC cola Taller,Rocío Cornejo,1234567890,yes,29,90,119,SIP/651
2026-09-30 15:15:02,CM cola Taller,Alma Cordoba,1234567890,yes,4,206,210,SIP/655
2026-09-30 15:14:50,CM cola Taller,Rocío Cornejo,1234567890,yes,6,193,199,SIP/651
2026-09-30 15:13:10,CM cola Taller,Rocío Cornejo,1234567890,yes,6,77,83,SIP/651
2026-09-30 15:09:18,CM cola Taller,,1234567890,no,1,0,0,
2026-09-30 15:07:46,CM cola Taller,Sabrina Mercado,250,yes,22,19,41,SIP/250
2026-09-30 14:56:24,MPC cola Taller,Rocío Cornejo,1234567890,yes,4,415,419,SIP/651
2026-09-30 14:41:44,CM cola Taller,Rocío Cornejo,1234567890,yes,20,44,64,SIP/651
2026-09-30 14:35:46,CM cola Taller,,1234567890,no,123,0,0,
2026-09-30 14:34:06,CM cola Taller,Alma Cordoba,1234567890,yes,66,182,248,SIP/655
2026-09-30 14:31:23,MPC cola Taller,,1234567890,no,420,0,0,
2026-09-30 14:30:58,CM cola Taller,Camila Mias,251,yes,207,104,311,SIP/251
2026-09-30 14:30:51,CM cola Taller,,1234567890,no,135,0,0,
2026-09-30 14:29:22,CM cola Taller,Sabrina Mercado,250,yes,51,24,75,SIP/250
2026-09-30 14:29:15,CM cola Taller,Alma Cordoba,1234567890,yes,50,300,350,SIP/655
2026-09-30 14:26:47,MPC cola Taller,Rocío Cornejo,1234567890,yes,13,38,51,SIP/651
2026-09-30 14:21:26,CM cola Taller,Alma Cordoba,1234567890,yes,13,72,85,SIP/655
2026-09-30 14:16:58,CM cola Taller,Sabrina Mercado,250,yes,42,19,61,SIP/250
2026-09-30 14:14:04,CM cola Taller,,1234567890,no,78,0,0,
2026-09-30 14:08:28,CM cola Taller,Rocío Cornejo,1234567890,yes,6,793,799,SIP/651
2026-09-30 14:03:33,CM cola Taller,Rocío Cornejo,1234567890,yes,62,117,179,SIP/651
2026-09-30 14:02:28,CM cola Taller,Rocío Cornejo,1234567890,yes,12,99,111,SIP/651
2026-09-30 14:01:39,CM cola Taller,Alma Cordoba,1234567890,yes,19,187,206,SIP/655
2026-09-30 12:54:11,CM cola Taller,Alma Cordoba,1234567890,yes,30,145,175,SIP/655
2026-09-30 12:47:32,MPC cola Taller,Alma Cordoba,1234567890,yes,9,38,47,SIP/655
2026-09-30 12:34:54,CM cola Taller,Rocío Cornejo,1234567890,yes,5,218,223,SIP/651
2026-09-30 12:25:05,CM cola Taller,Rocío Cornejo,1234567890,yes,29,119,148,SIP/651
2026-09-30 12:23:44,CM cola Taller,Alma Cordoba,1234567890,yes,11,196,207,SIP/655
2026-09-30 12:09:29,CM cola Taller,Alma Cordoba,1234567890,yes,12,127,139,SIP/655
2026-09-30 12:01:39,CM cola Taller,Rocío Cornejo,1234567890,yes,105,158,263,SIP/651
2026-09-30 11:56:37,CM cola Taller,,1234567890,no,164,0,0,
2026-09-30 11:55:29,CM cola Taller,,1234567890,no,391,0,0,
2026-09-30 11:55:14,CM cola Taller,Sofia Montaño,1234567890,yes,370,183,553,SIP/656
2026-09-30 11:55:02,CM cola Taller,Camila Mias,251,yes,51,24,75,SIP/251
2026-09-30 11:53:06,CM cola Taller,Lucia Sosa,1234567890,yes,16,127,143,SIP/650
2026-09-30 11:51:57,CM cola Taller,Sofia Montaño,Anonymous,yes,28,527,555,SIP/656
2026-09-30 11:46:54,CM cola Taller,Lucia Sosa,1234567890,yes,114,93,207,SIP/650
2026-09-30 11:41:54,CM cola Taller,,1234567890,no,405,0,0,
2026-09-30 11:41:28,SF cola Taller,,1234567890,no,420,0,0,
2026-09-30 11:40:12,SF cola Taller,Sofia Montaño,1234567890,yes,163,326,489,SIP/656
2026-09-30 11:39:49,CM cola Taller,,1234567890,no,190,0,0,
2026-09-30 11:37:22,CM cola Taller,,1234567890,no,324,0,0,
2026-09-30 11:35:49,CM cola Taller,,1234567890,no,117,0,0,
2026-09-30 11:35:47,CM cola Taller,,1234567890,no,23,0,0,
2026-09-30 11:35:39,CM cola Taller,Camila Mias,251,yes,186,22,208,SIP/251
2026-09-30 11:34:06,CM cola Taller,Sofia Montaño,1234567890,yes,231,264,495,SIP/656
2026-09-30 11:33:47,CM cola Taller,,1234567890,no,95,0,0,
2026-09-30 11:30:03,CM cola Taller,,1234567890,no,136,0,0,
2026-09-30 11:27:47,CM cola Taller,Lucia Sosa,1234567890,yes,264,412,676,SIP/650
2026-09-30 11:26:46,MPC cola Taller,Sofia Montaño,1234567890,yes,118,205,323,SIP/656
2026-09-30 11:25:40,CM cola Taller,,Anonymous,no,461,0,0,
2026-09-30 11:22:21,CM cola Taller,Lucia Sosa,1234567890,yes,242,268,510,SIP/650
2026-09-30 11:21:25,CM cola Taller,Camila Mias,251,yes,199,36,235,SIP/251
2026-09-30 11:19:20,CM cola Taller,,1234567890,no,23,0,0,
2026-09-30 11:11:48,CM cola Taller,Sofia Montaño,1234567890,yes,88,88,176,SIP/656
2026-09-30 11:11:04,CM cola Taller,,1234567890,no,20,0,0,
2026-09-30 11:04:06,CM cola Taller,Sofia Montaño,1234567890,yes,9,467,476,SIP/656
2026-09-30 10:48:16,CM cola Taller,Lucia Sosa,1234567890,yes,20,35,55,SIP/650
2026-09-30 10:38:15,MPC cola Taller,Sofia Montaño,1234567890,yes,128,290,418,SIP/656
2026-09-30 10:32:46,CM cola Taller,Sofia Montaño,1234567890,yes,8,155,163,SIP/656
2026-09-30 10:30:02,CM cola Taller,Lucia Sosa,1234567890,yes,49,227,276,SIP/650
2026-09-30 10:26:30,CM cola Taller,Lucia Sosa,1234567890,yes,15,145,160,SIP/650
2026-09-30 10:24:15,SF cola Taller,Sofia Montaño,1234567890,yes,6,249,255,SIP/656
2026-09-30 10:22:23,CM cola Taller,Sofia Montaño,1234567890,yes,8,71,79,SIP/656
2026-09-30 10:15:04,CM cola Taller,Sofia Montaño,1234567890,yes,5,283,288,SIP/656
2026-09-30 10:12:18,CM cola Taller,Sofia Montaño,670,yes,16,47,63,SIP/656
2026-09-30 10:10:46,CM cola Taller,Lucia Sosa,1234567890,yes,116,35,151,SIP/650
2026-09-30 10:10:11,CM cola Taller,Lucia Sosa,1234567890,yes,27,84,111,SIP/650
2026-09-30 10:06:25,CM cola Taller,Lucia Sosa,1234567890,yes,15,86,101,SIP/650
2026-09-30 09:47:33,CM cola Taller,Lucia Sosa,1234567890,yes,94,257,351,SIP/650
2026-09-30 09:39:11,CM cola Taller,Lucia Sosa,1234567890,yes,23,372,395,SIP/650
2026-09-30 09:37:09,MPC cola Taller,Lucia Sosa,1234567890,yes,64,70,134,SIP/650
2026-09-30 09:31:29,MPC cola Taller,Lucia Sosa,1234567890,yes,100,264,364,SIP/650
2026-09-30 09:28:57,SF cola Taller,Lucia Sosa,1234567890,yes,7,184,191,SIP/650
2026-09-30 09:18:31,MPC cola Taller,Lucia Sosa,1234567890,yes,171,109,280,SIP/650
2026-09-30 09:15:43,CM cola Taller,Lucia Sosa,1234567890,yes,127,188,315,SIP/650
2026-09-30 09:12:56,CM cola Taller,Lucia Sosa,1234567890,yes,9,176,185,SIP/650
2026-09-30 09:11:00,CM cola Taller,Lucia Sosa,1234567890,yes,10,46,56,SIP/650
2026-09-30 09:07:43,CM cola Taller,,1234567890,no,51,0,0,
2026-09-30 09:04:45,CM cola Taller,Lucia Sosa,1234567890,yes,20,224,244,SIP/650
2026-09-30 09:04:19,CM cola Taller,,670,no,6,0,0,
2026-09-30 09:01:33,CM cola Taller,Lucia Sosa,1234567890,yes,98,87,185,SIP/650
2026-09-30 09:01:17,CM cola Taller,Lucia Sosa,1234567890,yes,46,37,83,SIP/650
2026-09-30 08:57:39,MPC cola Taller,Lucia Sosa,1234567890,yes,6,194,200,SIP/650
2026-09-30 08:53:49,CM cola Taller,,670,no,0,0,0,
2026-09-30 08:35:41,CM cola Taller,,1234567890,no,78,0,0,
2026-09-30 08:34:57,MPC cola Taller,Lucia Sosa,1234567890,yes,13,366,379,SIP/650
2026-09-30 08:26:59,CM cola Taller,,1234567890,no,1,0,0,
2026-09-30 08:17:11,CM cola Taller,Lucia Sosa,1234567890,yes,26,129,155,SIP/650
2026-09-30 08:07:17,CM cola Taller,Lucia Sosa,1234567890,yes,19,279,298,SIP/650
2026-09-29 17:53:50,CM cola Taller,,1234567890,no,51,0,0,
2026-09-29 17:17:28,CM cola Taller,,1234567890,no,386,0,0,
2026-09-29 17:14:42,CM cola Taller,,1234567890,no,198,0,0,
2026-09-29 17:10:59,CM cola Taller,,1234567890,no,479,0,0,
2026-09-29 16:56:56,CM cola Taller,Rocío Cornejo,1234567890,yes,6,109,115,SIP/651
2026-09-29 16:51:17,CM cola Taller,,1234567890,no,99,0,0,
2026-09-29 16:50:11,MPC cola Taller,,1234567890,no,158,0,0,
2026-09-29 16:49:26,CM cola Taller,Rocío Cornejo,1234567890,yes,25,250,275,SIP/651
2026-09-29 16:43:22,CM cola Taller,Agustina Vargas,250,yes,49,53,102,SIP/255
2026-09-29 16:35:36,CM cola Taller,Rocío Cornejo,1234567890,yes,158,312,470,SIP/651
2026-09-29 16:35:00,CM cola Taller,Rocío Cornejo,1234567890,yes,80,106,186,SIP/651
2026-09-29 16:32:46,CM cola Taller,Rocío Cornejo,1234567890,yes,8,194,202,SIP/651
2026-09-29 16:31:07,CM cola Taller,Rocío Cornejo,1234567890,yes,15,55,70,SIP/651
2026-09-29 16:15:34,CM cola Taller,,1234567890,no,730,0,0,
2026-09-29 16:11:44,CM cola Taller,Rocío Cornejo,1234567890,yes,8,347,355,SIP/651
2026-09-29 15:55:51,CM cola Taller,Rocío Cornejo,1234567890,yes,107,240,347,SIP/651
2026-09-29 15:39:14,CM cola Taller,Rocío Cornejo,1234567890,yes,313,358,671,SIP/651
2026-09-29 15:38:57,CM cola Taller,Sofia Montaño,1234567890,yes,130,169,299,SIP/656
2026-09-29 15:38:48,CM cola Taller,Sofia Montaño,1234567890,yes,331,123,454,SIP/656
2026-09-29 15:38:33,SF cola Taller,,1234567890,no,427,0,0,
2026-09-29 15:18:59,CM cola Taller,,1234567890,no,258,0,0,
2026-09-29 15:18:52,CM cola Taller,,1234567890,no,123,0,0,
2026-09-29 15:18:31,CM cola Taller,,1234567890,no,230,0,0,
2026-09-29 15:16:37,CM cola Taller,,251,no,37,0,0,
2026-09-29 15:07:51,CM cola Taller,Rocío Cornejo,1234567890,yes,180,106,286,SIP/651
2026-09-29 14:56:12,MPC cola Taller,Sofia Montaño,1234567890,yes,75,1565,1640,SIP/656
2026-09-29 14:55:49,CM cola Taller,Rocío Cornejo,1234567890,yes,8,521,529,SIP/651
2026-09-29 14:55:33,CM cola Taller,Camila Mias,251,yes,11,37,48,SIP/251
2026-09-29 14:54:08,MPC cola Taller,,1234567890,no,73,0,0,
2026-09-29 14:48:06,CM cola Taller,Rocío Cornejo,1234567890,yes,8,135,143,SIP/651
2026-09-29 14:42:52,SF cola Taller,Sofia Montaño,1234567890,yes,18,148,166,SIP/656
2026-09-29 14:36:12,CM cola Taller,Rocío Cornejo,1234567890,yes,17,287,304,SIP/651
2026-09-29 14:26:55,MPC cola Taller,Sofia Montaño,1234567890,yes,3,56,59,SIP/656
2026-09-29 14:21:48,CM cola Taller,Camila Mias,251,yes,105,80,185,SIP/251
2026-09-29 14:18:48,CM cola Taller,Sofia Montaño,1234567890,yes,129,119,248,SIP/656
2026-09-29 14:17:42,CM cola Taller,,1234567890,no,1,0,0,
2026-09-29 14:16:03,CM cola Taller,Rocío Cornejo,1234567890,yes,348,375,723,SIP/651
2026-09-29 14:15:43,CM cola Taller,Sofia Montaño,1234567890,yes,219,74,293,SIP/656
2026-09-29 14:14:31,CM cola Taller,Martin Jalil,503,yes,11,310,321,SIP/503
2026-09-29 14:12:46,CM cola Taller,Matias Villafane,502,yes,5,46,51,SIP/502
2026-09-29 14:09:43,CM cola Taller,Rocío Cornejo,1234567890,yes,15,178,193,SIP/651
2026-09-29 14:03:11,CM cola Taller,,1234567890,no,4,0,0,
2026-09-29 12:53:25,CM cola Taller,Sofia Montaño,1234567890,yes,16,123,139,SIP/656
2026-09-29 12:49:13,CM cola Taller,Rocío Cornejo,1234567890,yes,8,68,76,SIP/651
2026-09-29 12:46:30,CM cola Taller,,614,no,1,0,0,
2026-09-29 12:46:01,CM cola Taller,Sofia Montaño,614,yes,9,1,10,SIP/656
2026-09-29 12:42:02,CM cola Taller,Rocío Cornejo,1234567890,yes,25,100,125,SIP/651
2026-09-29 12:37:49,CM cola Taller,Sofia Montaño,1234567890,yes,5,270,275,SIP/656
2026-09-29 12:37:18,CM cola Taller,,1234567890,no,1,0,0,
2026-09-29 12:35:48,CM cola Taller,Sabrina Mercado,250,yes,23,38,61,SIP/250
2026-09-29 12:34:25,CM cola Taller,Rocío Cornejo,1234567890,yes,6,216,222,SIP/651
2026-09-29 12:33:35,CM cola Taller,,1234567890,no,2,0,0,
2026-09-29 12:31:06,CM cola Taller,Alma Cordoba,1234567890,yes,8,157,165,SIP/655
2026-09-29 12:28:53,SF cola Taller,Lucia Sosa,1234567890,yes,10,197,207,SIP/650
2026-09-29 12:22:16,CM cola Taller,Sofia Montaño,1234567890,yes,10,551,561,SIP/656
2026-09-29 12:21:26,CM cola Taller,Alma Cordoba,1234567890,yes,19,118,137,SIP/655
2026-09-29 12:16:52,CM cola Taller,Rocío Cornejo,1234567890,yes,8,47,55,SIP/651
2026-09-29 12:07:31,CM cola Taller,Alma Cordoba,1234567890,yes,11,223,234,SIP/655
2026-09-29 12:04:16,MPC cola Taller,Sofia Montaño,1234567890,yes,19,90,109,SIP/656
2026-09-29 12:03:47,CM cola Taller,Rocío Cornejo,1234567890,yes,8,320,328,SIP/651
2026-09-29 12:02:03,CM cola Taller,,1234567890,no,0,0,0,
2026-09-29 12:01:34,CM cola Taller,Sabrina Mercado,250,yes,47,24,71,SIP/250
2026-09-29 11:58:17,CM cola Taller,,1234567890,no,102,0,0,
2026-09-29 11:58:14,MPC cola Taller,Lucia Sosa,1234567890,yes,106,107,213,SIP/650
2026-09-29 11:58:02,MPC cola Taller,Alma Cordoba,1234567890,yes,18,262,280,SIP/655
2026-09-29 11:52:13,CM cola Taller,Alma Cordoba,1234567890,yes,7,96,103,SIP/655
2026-09-29 11:51:52,CM cola Taller,Lucia Sosa,1234567890,yes,16,346,362,SIP/650
2026-09-29 11:51:04,MPC cola Taller,Sofia Montaño,1234567890,yes,9,78,87,SIP/656
2026-09-29 11:51:01,CM cola Taller,,1234567890,no,0,0,0,
2026-09-29 11:36:53,CM cola Taller,Alma Cordoba,1234567890,yes,12,143,155,SIP/655
2026-09-29 11:36:08,CM cola Taller,,1234567890,no,0,0,0,
2026-09-29 11:35:02,CM cola Taller,Lucia Sosa,1234567890,yes,11,186,197,SIP/650
2026-09-29 11:33:52,MPC cola Taller,Sofia Montaño,1234567890,yes,16,422,438,SIP/656
2026-09-29 11:29:02,SF cola Taller,Alma Cordoba,1234567890,yes,100,90,190,SIP/655
2026-09-29 11:24:36,SF cola Taller,Sofia Montaño,1234567890,yes,56,459,515,SIP/656
2026-09-29 11:23:32,CM cola Taller,Sofia Montaño,1234567890,yes,39,75,114,SIP/656
2026-09-29 11:23:14,CM cola Taller,Alma Cordoba,1234567890,yes,16,212,228,SIP/655
2026-09-29 11:22:05,CM cola Taller,Sofia Montaño,1234567890,yes,6,110,116,SIP/656
2026-09-29 11:14:18,CM cola Taller,Camila Mias,251,yes,75,32,107,SIP/251
2026-09-29 11:13:17,CM cola Taller,Lucia Sosa,1234567890,yes,222,533,755,SIP/650
2026-09-29 11:12:34,CM cola Taller,Alma Cordoba,1234567890,yes,75,142,217,SIP/655
2026-09-29 11:10:32,CM cola Taller,Sabrina Mercado,250,yes,225,26,251,SIP/250
2026-09-29 11:10:27,CM cola Taller,,1234567890,no,64,0,0,
2026-09-29 11:05:08,CM cola Taller,Alma Cordoba,1234567890,yes,238,267,505,SIP/655
2026-09-29 11:02:48,CM cola Taller,Alma Cordoba,1234567890,yes,216,135,351,SIP/655
2026-09-29 11:02:14,SF cola Taller,,1234567890,no,420,0,0,
2026-09-29 10:59:44,CM cola Taller,,1234567890,no,140,0,0,
2026-09-29 10:59:24,CM cola Taller,,1234567890,no,225,0,0,
2026-09-29 10:58:21,CM cola Taller,,1234567890,no,543,0,0,
2026-09-29 10:56:47,CM cola Taller,,1234567890,no,354,0,0,
2026-09-29 10:56:21,CM cola Taller,,1234567890,no,483,0,0,
2026-09-29 10:55:20,CM cola Taller,Lucia Sosa,1234567890,yes,483,299,782,SIP/650
2026-09-29 10:55:19,CM cola Taller,,1234567890,no,114,0,0,
2026-09-29 10:52:59,CM cola Taller,,1234567890,no,12,0,0,
2026-09-29 10:52:45,SF cola Taller,Lucia Sosa,1234567890,yes,292,307,599,SIP/650
2026-09-29 10:50:21,CM cola Taller,Alma Cordoba,1234567890,yes,666,280,946,SIP/655
2026-09-29 10:47:52,CM cola Taller,,1234567890,no,237,0,0,
2026-09-29 10:47:21,MPC cola Taller,Lucia Sosa,1234567890,yes,172,233,405,SIP/650
2026-09-29 10:46:33,CM cola Taller,,1234567890,no,134,0,0,
2026-09-29 10:44:51,CM cola Taller,,1234567890,no,120,0,0,
2026-09-29 10:44:42,CM cola Taller,Sofia Montaño,Anonymous,yes,56,133,189,SIP/656
2026-09-29 10:44:41,CM cola Taller,,1234567890,no,438,0,0,
2026-09-29 10:40:24,CM cola Taller,,1234567890,no,194,0,0,
2026-09-29 10:35:53,CM cola Taller,Lucia Sosa,1234567890,yes,302,236,538,SIP/650
2026-09-29 10:34:37,CM cola Taller,Sofia Montaño,1234567890,yes,96,542,638,SIP/656
2026-09-29 10:30:30,CM cola Taller,Lucia Sosa,1234567890,yes,406,62,468,SIP/650
2026-09-29 10:30:20,CM cola Taller,,1234567890,no,106,0,0,
2026-09-29 10:30:03,CM cola Taller,Sofia Montaño,1234567890,yes,255,104,359,SIP/656
2026-09-29 10:29:03,CM cola Taller,Sofia Montaño,1234567890,yes,211,99,310,SIP/656
2026-09-29 10:28:50,MPC cola Taller,,1234567890,no,378,0,0,
2026-09-29 10:27:19,CM cola Taller,,1234567890,no,230,0,0,
2026-09-29 10:25:54,CM cola Taller,Camila Mias,251,yes,207,23,230,SIP/251
2026-09-29 10:25:39,SF cola Taller,,1234567890,no,184,0,0,
2026-09-29 10:25:33,CM cola Taller,Lucia Sosa,1234567890,yes,133,471,604,SIP/650
2026-09-29 10:25:07,CM cola Taller,,1234567890,no,49,0,0,
2026-09-29 10:24:20,MPC cola Taller,Sofia Montaño,Anonymous,yes,59,148,207,SIP/656
2026-09-29 10:22:31,CM cola Taller,Lucia Sosa,1234567890,yes,17,280,297,SIP/650
2026-09-29 10:19:30,CM cola Taller,Sofia Montaño,1234567890,yes,10,327,337,SIP/656
2026-09-29 10:09:49,SF cola Taller,Sofia Montaño,1234567890,yes,107,118,225,SIP/656
2026-09-29 10:07:39,SF cola Taller,Lucia Sosa,1234567890,yes,69,0,69,SIP/650
2026-09-29 10:07:38,MPC cola Taller,Lucia Sosa,1234567890,yes,218,635,853,SIP/650
2026-09-29 10:07:16,CM cola Taller,Sofia Montaño,1234567890,yes,15,228,243,SIP/656
2026-09-29 09:57:51,CM cola Taller,Lucia Sosa,1234567890,yes,7,269,276,SIP/650
2026-09-29 09:53:57,MPC cola Taller,Sofia Montaño,1234567890,yes,6,231,237,SIP/656
2026-09-29 09:50:14,CM cola Taller,Sofia Montaño,1234567890,yes,16,129,145,SIP/656
2026-09-29 09:47:13,CM cola Taller,Sabrina Mercado,250,yes,149,39,188,SIP/250
2026-09-29 09:44:23,CM cola Taller,Sofia Montaño,1234567890,yes,69,264,333,SIP/656
2026-09-29 09:42:42,MPC cola Taller,Lucia Sosa,1234567890,yes,194,208,402,SIP/650
2026-09-29 09:40:01,CM cola Taller,Sofia Montaño,1234567890,yes,145,172,317,SIP/656
2026-09-29 09:38:24,MPC cola Taller,Lucia Sosa,Anonymous,yes,98,176,274,SIP/650
2026-09-29 09:38:01,CM cola Taller,Lucia Sosa,1234567890,yes,20,84,104,SIP/650
2026-09-29 09:34:21,MPC cola Taller,Rocío Cornejo,1234567890,yes,10,67,77,SIP/651
2026-09-29 09:32:25,MPC cola Taller,,1234567890,no,4,0,0,
2026-09-29 09:28:14,MPC cola Taller,,1234567890,no,50,0,0,
2026-09-29 09:27:15,CM cola Taller,Sofia Montaño,1234567890,yes,112,176,288,SIP/656
2026-09-29 09:20:38,MPC cola Taller,,1234567890,no,421,0,0,
2026-09-29 09:18:58,CM cola Taller,Rocío Cornejo,1234567890,yes,421,173,594,SIP/651
2026-09-29 09:11:29,CM cola Taller,Rocío Cornejo,1234567890,yes,438,187,625,SIP/651
2026-09-29 09:10:09,CM cola Taller,Sofia Montaño,1234567890,yes,269,809,1078,SIP/656
2026-09-29 09:06:27,CM cola Taller,Rocío Cornejo,1234567890,yes,948,188,1136,SIP/651
2026-09-29 09:03:15,MPC cola Taller,Lucia Sosa,1234567890,yes,8,142,150,SIP/650
2026-09-29 08:54:39,CM cola Taller,Lucia Sosa,1234567890,yes,99,228,327,SIP/650
2026-09-29 08:54:20,CM cola Taller,Sofia Montaño,1234567890,yes,95,161,256,SIP/656
2026-09-29 08:52:44,CM cola Taller,,1234567890,no,118,0,0,
2026-09-29 08:52:10,CM cola Taller,,1234567890,no,132,0,0,
2026-09-29 08:51:53,CM cola Taller,Sofia Montaño,1234567890,yes,11,214,225,SIP/656
2026-09-29 08:50:45,CM cola Taller,Lucia Sosa,1234567890,yes,20,287,307,SIP/650
2026-09-29 08:35:36,CM cola Taller,,1234567890,no,18,0,0,
2026-09-29 08:34:00,SF cola Taller,Lucia Sosa,1234567890,yes,265,195,460,SIP/650
2026-09-29 08:33:30,CM cola Taller,Lucia Sosa,1234567890,yes,14,262,276,SIP/650
2026-09-29 08:10:26,SF cola Taller,Lucia Sosa,1234567890,yes,7,50,57,SIP/650
2026-09-29 08:05:47,CM cola Taller,Sofia Montaño,1234567890,yes,12,537,549,SIP/656
2026-09-28 17:50:24,CM cola Taller,,1234567890,no,117,0,0,
2026-09-28 17:45:56,CM cola Taller,,1234567890,no,26,0,0,
2026-09-28 17:11:20,CM cola Taller,,1234567890,no,1602,0,0,
2026-09-28 16:57:58,CM cola Taller,,1234567890,no,442,0,0,
2026-09-28 16:50:07,CM cola Taller,,1234567890,no,2236,0,0,
2026-09-28 16:48:20,CM cola Taller,,1234567890,no,145,0,0,
2026-09-28 16:46:35,CM cola Taller,,1234567890,no,59,0,0,
2026-09-28 16:43:53,MPC cola Taller,,1234567890,no,249,0,0,
2026-09-28 16:42:54,MPC cola Taller,Alma Cordoba,1234567890,yes,45,301,346,SIP/655
2026-09-28 16:37:15,CM cola Taller,Alma Cordoba,1234567890,yes,228,97,325,SIP/655
2026-09-28 16:35:43,SF cola Taller,,1234567890,no,56,0,0,
2026-09-28 16:15:04,CM cola Taller,Martin Jalil,503,yes,246,178,424,SIP/503
2026-09-28 16:13:44,CM cola Taller,Alma Cordoba,1234567890,yes,38,261,299,SIP/655
2026-09-28 16:12:55,MPC cola Taller,,1234567890,no,73,0,0,
2026-09-28 16:03:14,MPC cola Taller,,255,no,258,0,0,
2026-09-28 15:59:15,CM cola Taller,Alma Cordoba,1234567890,yes,474,185,659,SIP/655
2026-09-28 15:58:12,MPC cola Taller,,1234567890,no,148,0,0,
2026-09-28 15:58:03,CM cola Taller,Alma Cordoba,1234567890,yes,125,304,429,SIP/655
2026-09-28 15:56:32,MPC cola Taller,Alma Cordoba,1234567890,yes,14,142,156,SIP/655
2026-09-28 15:53:56,MPC cola Taller,,1234567890,no,130,0,0,
2026-09-28 15:52:09,CM cola Taller,Alma Cordoba,503,yes,9,201,210,SIP/655
2026-09-28 15:45:05,CM cola Taller,Alma Cordoba,1234567890,yes,11,201,212,SIP/655
2026-09-28 15:40:28,MPC cola Taller,Sofia Montaño,1234567890,yes,17,129,146,SIP/656
2026-09-28 15:38:50,CM cola Taller,Sofia Montaño,499,yes,53,23,76,SIP/656
2026-09-28 15:38:31,MPC cola Taller,Alma Cordoba,1234567890,yes,13,208,221,SIP/655
2026-09-28 15:31:03,MPC cola Taller,Sofia Montaño,1234567890,yes,8,148,156,SIP/656
2026-09-28 15:29:12,MPC cola Taller,Alma Cordoba,1234567890,yes,2,131,133,SIP/655
2026-09-28 15:27:04,CM cola Taller,Sofia Montaño,1234567890,yes,18,112,130,SIP/656
2026-09-28 15:23:47,CM cola Taller,Camila Mias,251,yes,14,44,58,SIP/251
2026-09-28 15:21:51,CM cola Taller,,499,yes,74,20,94,SIP/499
2026-09-28 15:21:27,CM cola Taller,,1234567890,no,125,0,0,
2026-09-28 15:19:43,CM cola Taller,Sabrina Mercado,250,yes,6,18,24,SIP/250
2026-09-28 15:12:55,CM cola Taller,Sofia Montaño,1234567890,yes,11,240,251,SIP/656
2026-09-28 15:08:08,CM cola Taller,Camila Mias,251,yes,6,32,38,SIP/251
2026-09-28 15:00:57,CM cola Taller,Alma Cordoba,1234567890,yes,10,127,137,SIP/655
2026-09-28 15:00:31,MPC cola Taller,Alma Cordoba,1234567890,yes,2,27,29,SIP/655
2026-09-28 14:59:39,CM cola Taller,Sofia Montaño,1234567890,yes,13,493,506,SIP/656
2026-09-28 14:44:33,MPC cola Taller,Sofia Montaño,1234567890,yes,2,118,120,SIP/656
2026-09-28 14:39:16,CM cola Taller,Alma Cordoba,1234567890,yes,17,323,340,SIP/655
2026-09-28 14:37:51,CM cola Taller,,1234567890,no,1,0,0,
2026-09-28 14:22:28,CM cola Taller,Sofia Montaño,1234567890,yes,28,561,589,SIP/656
2026-09-28 14:19:25,CM cola Taller,Sofia Montaño,1234567890,yes,5,160,165,SIP/656
2026-09-28 14:18:49,MPC cola Taller,Alma Cordoba,1234567890,yes,180,95,275,SIP/655
2026-09-28 14:17:54,CM cola Taller,Alma Cordoba,1234567890,yes,22,201,223,SIP/655
2026-09-28 14:09:43,MPC cola Taller,Alma Cordoba,1234567890,yes,86,65,151,SIP/655
2026-09-28 14:09:29,CM cola Taller,Alma Cordoba,1234567890,yes,10,73,83,SIP/655
2026-09-28 14:03:14,CM cola Taller,Sofia Montaño,1234567890,yes,56,166,222,SIP/656
2026-09-28 14:02:36,CM cola Taller,Alma Cordoba,1234567890,yes,33,208,241,SIP/655
2026-09-28 12:58:41,SF cola Taller,Lucia Sosa,1234567890,yes,8,142,150,SIP/650
2026-09-28 12:45:52,MPC cola Taller,Rocío Cornejo,1234567890,yes,3,138,141,SIP/651
2026-09-28 12:42:51,MPC cola Taller,Lucia Sosa,1234567890,yes,4,172,176,SIP/650
2026-09-28 12:29:18,CM cola Taller,Camila Mias,251,yes,5,29,34,SIP/251
2026-09-28 12:28:35,CM cola Taller,Sofia Montaño,1234567890,yes,4,39,43,SIP/656
2026-09-28 12:21:50,CM cola Taller,Lucia Sosa,1234567890,yes,78,105,183,SIP/650
2026-09-28 12:21:27,SF cola Taller,Sofia Montaño,1234567890,yes,9,194,203,SIP/656
2026-09-28 12:16:16,CM cola Taller,Sofia Montaño,1234567890,yes,83,124,207,SIP/656
2026-09-28 12:15:59,CM cola Taller,Sabrina Mercado,250,yes,6,49,55,SIP/250
2026-09-28 12:15:50,CM cola Taller,Sofia Montaño,1234567890,yes,9,28,37,SIP/656
2026-09-28 12:10:16,MPC cola Taller,Lucia Sosa,1234567890,yes,13,130,143,SIP/650
2026-09-28 12:06:59,CM cola Taller,,1234567890,no,2,0,0,
2026-09-28 11:47:16,CM cola Taller,Lucia Sosa,1234567890,yes,24,246,270,SIP/650
2026-09-28 11:43:16,CM cola Taller,Sofia Montaño,1234567890,yes,21,200,221,SIP/656
2026-09-28 11:41:54,CM cola Taller,Alma Cordoba,1234567890,yes,11,84,95,SIP/655
2026-09-28 11:39:12,CM cola Taller,Sofia Montaño,1234567890,yes,9,214,223,SIP/656
2026-09-28 11:35:01,MPC cola Taller,Alma Cordoba,1234567890,yes,148,70,218,SIP/655
2026-09-28 11:34:20,CM cola Taller,Lucia Sosa,1234567890,yes,227,30,257,SIP/650
2026-09-28 11:30:46,CM cola Taller,Lucia Sosa,1234567890,yes,21,299,320,SIP/650
2026-09-28 11:21:16,CM cola Taller,Sabrina Mercado,250,yes,14,30,44,SIP/250
2026-09-28 11:10:38,MPC cola Taller,Alma Cordoba,1234567890,yes,11,234,245,SIP/655
2026-09-28 11:07:23,MPC cola Taller,Sofia Montaño,1234567890,yes,14,107,121,SIP/656
2026-09-28 11:02:19,CM cola Taller,Sofia Montaño,1234567890,yes,88,163,251,SIP/656
2026-09-28 11:00:42,MPC cola Taller,Agustina Vargas,255,yes,94,29,123,SIP/255
2026-09-28 11:00:22,CM cola Taller,Lucia Sosa,1234567890,yes,22,94,116,SIP/650
2026-09-28 10:59:46,CM cola Taller,Martin Jalil,503,yes,10,9,19,SIP/503
2026-09-28 10:58:48,CM cola Taller,Alma Cordoba,1234567890,yes,40,153,193,SIP/655
2026-09-28 10:56:44,MPC cola Taller,Sofia Montaño,1234567890,yes,8,134,142,SIP/656
2026-09-28 10:49:41,CM cola Taller,Martin Jalil,503,yes,15,15,30,SIP/503
2026-09-28 10:43:04,CM cola Taller,Alma Cordoba,1234567890,yes,101,78,179,SIP/655
2026-09-28 10:40:59,SF cola Taller,,1234567890,no,70,0,0,
2026-09-28 10:39:37,MPC cola Taller,,1234567890,no,207,0,0,
2026-09-28 10:39:18,CM cola Taller,Lucia Sosa,671,yes,23,131,154,SIP/650
2026-09-28 10:35:31,CM cola Taller,Alma Cordoba,1234567890,yes,101,332,433,SIP/655
2026-09-28 10:34:07,CM cola Taller,Lucia Sosa,1234567890,yes,90,151,241,SIP/650
2026-09-28 10:33:41,MPC cola Taller,Alma Cordoba,1234567890,yes,7,158,165,SIP/655
2026-09-28 10:32:12,CM cola Taller,Sofia Montaño,1234567890,yes,9,485,494,SIP/656
2026-09-28 10:26:46,CM cola Taller,Sofia Montaño,1234567890,yes,7,190,197,SIP/656
2026-09-28 10:24:52,CM cola Taller,,1234567890,no,3,0,0,
2026-09-28 10:24:26,CM cola Taller,Alma Cordoba,1234567890,yes,11,148,159,SIP/655
2026-09-28 10:24:11,MPC cola Taller,Lucia Sosa,1234567890,yes,11,166,177,SIP/650
2026-09-28 10:23:27,CM cola Taller,Sofia Montaño,1234567890,yes,6,76,82,SIP/656
2026-09-28 10:18:16,CM cola Taller,Alma Cordoba,1234567890,yes,128,123,251,SIP/655
2026-09-28 10:17:18,MPC cola Taller,Lucia Sosa,1234567890,yes,7,129,136,SIP/650
2026-09-28 10:14:38,CM cola Taller,Sofia Montaño,1234567890,yes,96,205,301,SIP/656
2026-09-28 10:14:17,CM cola Taller,Alma Cordoba,1234567890,yes,24,77,101,SIP/655
2026-09-28 10:12:02,CM cola Taller,Lucia Sosa,1234567890,yes,16,216,232,SIP/650
2026-09-28 10:02:18,CM cola Taller,Alma Cordoba,1234567890,yes,183,209,392,SIP/655
2026-09-28 10:01:51,CM cola Taller,Alma Cordoba,1234567890,yes,488,78,566,SIP/655
2026-09-28 10:01:29,CM cola Taller,Alma Cordoba,1234567890,yes,34,169,203,SIP/655
2026-09-28 09:58:15,MPC cola Taller,Agustina Vargas,255,yes,84,33,117,SIP/255
2026-09-28 09:58:05,CM cola Taller,Alma Cordoba,1234567890,yes,101,65,166,SIP/655
2026-09-28 09:52:37,CM cola Taller,Alma Cordoba,1234567890,yes,135,266,401,SIP/655
2026-09-28 09:52:37,CM cola Taller,,1234567890,no,32,0,0,
2026-09-28 09:50:03,MPC cola Taller,,1234567890,no,420,0,0,
2026-09-28 09:48:53,CM cola Taller,Alma Cordoba,1234567890,yes,169,167,336,SIP/655
2026-09-28 09:44:39,CM cola Taller,Alma Cordoba,1234567890,yes,109,110,219,SIP/655
2026-09-28 09:41:49,MPC cola Taller,Lucia Sosa,1234567890,yes,405,149,554,SIP/650
2026-09-28 09:38:47,CM cola Taller,,1234567890,no,81,0,0,
2026-09-28 09:38:24,CM cola Taller,Alma Cordoba,1234567890,yes,203,141,344,SIP/655
2026-09-28 09:36:37,SF cola Taller,Alma Cordoba,1234567890,yes,100,170,270,SIP/655
2026-09-28 09:36:25,CM cola Taller,Lucia Sosa,1234567890,yes,110,310,420,SIP/650
2026-09-28 09:34:56,CM cola Taller,,1234567890,no,85,0,0,
2026-09-28 09:34:27,CM cola Taller,Lucia Sosa,1234567890,yes,50,149,199,SIP/650
2026-09-28 09:33:40,CM cola Taller,Lucia Sosa,503,yes,31,40,71,SIP/650
2026-09-28 09:30:01,MPC cola Taller,Alma Cordoba,1234567890,yes,11,158,169,SIP/655
2026-09-28 09:28:37,CM cola Taller,Lucia Sosa,1234567890,yes,13,40,53,SIP/650
2026-09-28 09:20:34,MPC cola Taller,Lucia Sosa,1234567890,yes,214,62,276,SIP/650
2026-09-28 09:16:53,MPC cola Taller,,1234567890,no,420,0,0,
2026-09-28 09:16:10,CM cola Taller,Lucia Sosa,1234567890,yes,200,165,365,SIP/650
2026-09-28 09:14:22,CM cola Taller,Matias Villafane,502,yes,407,231,638,SIP/502
2026-09-28 09:09:49,MPC cola Taller,Lucia Sosa,1234567890,yes,373,196,569,SIP/650
2026-09-28 09:07:41,CM cola Taller,Alma Cordoba,1234567890,yes,90,291,381,SIP/655
2026-09-28 09:05:45,MPC cola Taller,,1234567890,no,185,0,0,
2026-09-28 09:04:54,CM cola Taller,Lucia Sosa,1234567890,yes,20,72,92,SIP/650
2026-09-28 09:03:34,MPC cola Taller,Lucia Sosa,1234567890,yes,15,30,45,SIP/650
2026-09-28 09:01:50,MPC cola Taller,Alma Cordoba,1234567890,yes,12,389,401,SIP/655
2026-09-28 09:00:11,CM cola Taller,Lucia Sosa,1234567890,yes,20,121,141,SIP/650
2026-09-28 08:48:55,CM cola Taller,Camila Mias,251,yes,37,34,71,SIP/251
2026-09-28 08:48:37,CM cola Taller,Alma Cordoba,1234567890,yes,14,93,107,SIP/655
2026-09-28 08:45:19,SF cola Taller,Lucia Sosa,1234567890,yes,25,164,189,SIP/650
2026-09-28 08:42:28,CM cola Taller,Alma Cordoba,1234567890,yes,17,106,123,SIP/655
2026-09-28 08:38:39,CM cola Taller,,1234567890,no,6,0,0,
2026-09-28 08:37:38,CM cola Taller,,1234567890,no,5,0,0,
2026-09-28 08:34:39,CM cola Taller,Lucia Sosa,1234567890,yes,263,233,496,SIP/650
2026-09-28 08:34:09,CM cola Taller,Alma Cordoba,1234567890,yes,166,105,271,SIP/655
2026-09-28 08:33:53,CM cola Taller,Lucia Sosa,1234567890,yes,73,219,292,SIP/650
2026-09-28 08:30:42,CM cola Taller,Lucia Sosa,1234567890,yes,23,219,242,SIP/650
2026-09-28 08:27:07,CM cola Taller,Lucia Sosa,1234567890,yes,14,176,190,SIP/650
2026-09-28 08:23:21,CM cola Taller,Alma Cordoba,Anonymous,yes,194,504,698,SIP/655
2026-09-28 08:23:08,MPC cola Taller,Alma Cordoba,1234567890,yes,27,153,180,SIP/655
2026-09-28 08:21:06,CM cola Taller,Lucia Sosa,1234567890,yes,85,240,325,SIP/650
2026-09-28 08:19:46,CM cola Taller,Alma Cordoba,1234567890,yes,31,78,109,SIP/655
2026-09-28 08:13:56,CM cola Taller,,1234567890,no,274,0,0,
2026-09-28 08:13:10,CM cola Taller,Alma Cordoba,1234567890,yes,263,74,337,SIP/655
2026-09-28 08:10:33,MPC cola Taller,Alma Cordoba,1234567890,yes,202,202,404,SIP/655
2026-09-28 08:09:11,CM cola Taller,Lucia Sosa,1234567890,yes,14,484,498,SIP/650
2026-09-28 08:09:01,CM cola Taller,Alma Cordoba,1234567890,yes,13,225,238,SIP/655
2026-09-25 16:59:19,CM cola Taller,Sabrina Mercado,250,yes,14,40,54,SIP/250
2026-09-25 16:50:09,CM cola Taller,Rocío Cornejo,1234567890,yes,26,169,195,SIP/651
2026-09-25 16:49:22,CM cola Taller,Rocío Cornejo,1234567890,yes,9,46,55,SIP/651
2026-09-25 16:44:45,CM cola Taller,Rocío Cornejo,1234567890,yes,119,104,223,SIP/651
2026-09-25 16:39:33,CM cola Taller,,1234567890,no,255,0,0,
2026-09-25 16:39:13,CM cola Taller,Martin Jalil,503,yes,7,181,188,SIP/503
2026-09-25 16:11:08,CM cola Taller,Rocío Cornejo,1234567890,yes,7,232,239,SIP/651
2026-09-25 16:06:20,CM cola Taller,Rocío Cornejo,1234567890,yes,7,74,81,SIP/651
2026-09-25 16:03:51,CM cola Taller,,1234567890,no,133,0,0,
2026-09-25 16:01:58,CM cola Taller,,1234567890,no,51,0,0,
2026-09-25 16:01:26,CM cola Taller,Rocío Cornejo,1234567890,yes,12,115,127,SIP/651
2026-09-25 15:56:05,CM cola Taller,,1234567890,no,200,0,0,
2026-09-25 15:55:19,CM cola Taller,Rocío Cornejo,1234567890,yes,142,85,227,SIP/651
2026-09-25 15:50:26,MPC cola Taller,,1234567890,no,62,0,0,
2026-09-25 15:47:23,CM cola Taller,Martin Jalil,503,yes,199,83,282,SIP/503
2026-09-25 15:44:56,SF cola Taller,Alma Cordoba,1234567890,yes,4,246,250,SIP/655
2026-09-25 15:44:44,CM cola Taller,Rocío Cornejo,1234567890,yes,643,116,759,SIP/651
2026-09-25 15:40:03,CM cola Taller,Rocío Cornejo,1234567890,yes,84,20,104,SIP/651
2026-09-25 15:29:00,MPC cola Taller,Alma Cordoba,1234567890,yes,24,165,189,SIP/655
2026-09-25 15:22:26,CM cola Taller,Alma Cordoba,1234567890,yes,85,13,98,SIP/655
2026-09-25 15:21:31,CM cola Taller,Alma Cordoba,1234567890,yes,45,62,107,SIP/655
2026-09-25 15:11:01,SF cola Taller,Rocío Cornejo,1234567890,yes,207,96,303,SIP/651
2026-09-25 15:09:33,CM cola Taller,Rocío Cornejo,1234567890,yes,400,247,647,SIP/651
2026-09-25 15:09:17,CM cola Taller,Alma Cordoba,1234567890,yes,10,427,437,SIP/655
2026-09-25 15:07:05,SF cola Taller,Rocío Cornejo,1234567890,yes,15,143,158,SIP/651
2026-09-25 15:05:41,MPC cola Taller,Alma Cordoba,1234567890,yes,5,46,51,SIP/655
2026-09-25 15:03:33,CM cola Taller,Sabrina Mercado,250,yes,7,39,46,SIP/250
2026-09-25 15:00:27,MPC cola Taller,Agustina Vargas,255,yes,9,52,61,SIP/255
2026-09-25 14:56:26,CM cola Taller,Rocío Cornejo,1234567890,yes,4,284,288,SIP/651
2026-09-25 14:35:19,CM cola Taller,Alma Cordoba,1234567890,yes,16,186,202,SIP/655
2026-09-25 14:28:03,MPC cola Taller,Rocío Cornejo,1234567890,yes,3,219,222,SIP/651
2026-09-25 14:25:27,CM cola Taller,Alma Cordoba,1234567890,yes,9,291,300,SIP/655
2026-09-25 14:24:14,CM cola Taller,Sabrina Mercado,250,yes,8,50,58,SIP/250
2026-09-25 14:19:23,CM cola Taller,Sabrina Mercado,503,yes,10,67,77,SIP/250
2026-09-25 14:04:13,CM cola Taller,Alma Cordoba,1234567890,yes,7,141,148,SIP/655
2026-09-25 14:03:23,CM cola Taller,Rocío Cornejo,1234567890,yes,6,283,289,SIP/651
2026-09-25 12:46:21,SF cola Taller,Sofia Montaño,1234567890,yes,7,141,148,SIP/656
2026-09-25 12:35:24,CM cola Taller,Alma Cordoba,1234567890,yes,7,93,100,SIP/655
2026-09-25 12:13:00,CM cola Taller,Sofia Montaño,1234567890,yes,7,123,130,SIP/656
2026-09-25 12:03:12,CM cola Taller,Rocío Cornejo,1234567890,yes,6,249,255,SIP/651
2026-09-25 12:02:30,CM cola Taller,Lucia Sosa,1234567890,yes,12,99,111,SIP/650
2026-09-25 11:56:37,CM cola Taller,Lucia Sosa,1234567890,yes,9,261,270,SIP/650
2026-09-25 11:52:22,MPC cola Taller,Sofia Montaño,1234567890,yes,15,118,133,SIP/656
2026-09-25 11:34:58,MPC cola Taller,Lucia Sosa,1234567890,yes,7,148,155,SIP/650
2026-09-25 11:34:53,CM cola Taller,Sofia Montaño,1234567890,yes,10,179,189,SIP/656
2026-09-25 11:21:26,CM cola Taller,Sofia Montaño,1234567890,yes,16,177,193,SIP/656
2026-09-25 11:17:54,CM cola Taller,Sofia Montaño,1234567890,yes,38,133,171,SIP/656
2026-09-25 11:13:26,CM cola Taller,,1234567890,no,209,0,0,
2026-09-25 11:10:12,SF cola Taller,Lucia Sosa,1234567890,yes,151,606,757,SIP/650
2026-09-25 11:06:53,CM cola Taller,Sabrina Mercado,250,yes,7,25,32,SIP/250
2026-09-25 11:03:40,SF cola Taller,Lucia Sosa,1234567890,yes,7,81,88,SIP/650
2026-09-25 11:00:49,CM cola Taller,Sofia Montaño,Anonymous,yes,11,275,286,SIP/656
2026-09-25 10:52:07,CM cola Taller,Sofia Montaño,1234567890,yes,6,213,219,SIP/656
2026-09-25 10:40:19,CM cola Taller,Sofia Montaño,1234567890,yes,6,212,218,SIP/656
2026-09-25 10:25:20,CM cola Taller,Camila Mias,251,yes,25,20,45,SIP/251
2026-09-25 10:21:37,CM cola Taller,Sofia Montaño,1234567890,yes,10,207,217,SIP/656
2026-09-25 09:57:22,CM cola Taller,Lucia Sosa,1234567890,yes,326,162,488,SIP/650
2026-09-25 09:43:35,CM cola Taller,Lucia Sosa,1234567890,yes,471,57,528,SIP/650
2026-09-25 09:43:13,CM cola Taller,Lucia Sosa,1234567890,yes,9,358,367,SIP/650
2026-09-25 09:32:18,CM cola Taller,Lucia Sosa,1234567890,yes,179,236,415,SIP/650
2026-09-25 09:31:02,CM cola Taller,Lucia Sosa,1234567890,yes,33,162,195,SIP/650
2026-09-25 09:23:03,CM cola Taller,,1234567890,no,438,0,0,
2026-09-25 09:22:07,CM cola Taller,Lucia Sosa,1234567890,yes,26,257,283,SIP/650
2026-09-25 09:19:41,CM cola Taller,Lucia Sosa,1234567890,yes,24,133,157,SIP/650
2026-09-25 09:12:54,CM cola Taller,Lucia Sosa,1234567890,yes,21,199,220,SIP/650
2026-09-25 09:02:24,CM cola Taller,Lucia Sosa,1234567890,yes,454,108,562,SIP/650
2026-09-25 09:01:17,CM cola Taller,Lucia Sosa,1234567890,yes,357,131,488,SIP/650
2026-09-25 08:57:45,CM cola Taller,Lucia Sosa,1234567890,yes,186,297,483,SIP/650
2026-09-25 08:50:16,CM cola Taller,Lucia Sosa,1234567890,yes,73,188,261,SIP/650
2026-09-25 08:45:33,CM cola Taller,,1234567890,no,218,0,0,
2026-09-25 08:43:20,MPC cola Taller,Lucia Sosa,1234567890,yes,135,332,467,SIP/650
2026-09-25 08:39:45,CM cola Taller,Lucia Sosa,1234567890,yes,218,121,339,SIP/650
2026-09-25 08:35:46,CM cola Taller,Lucia Sosa,1234567890,yes,5,300,305,SIP/650
2026-09-25 08:26:22,CM cola Taller,Lucia Sosa,1234567890,yes,12,277,289,SIP/650
2026-09-25 08:05:15,CM cola Taller,Lucia Sosa,1234567890,yes,16,45,61,SIP/650
2026-09-24 17:41:52,CM cola Taller,,1234567890,no,464,0,0,
2026-09-24 17:34:30,CM cola Taller,,1234567890,no,483,0,0,
2026-09-24 17:29:01,CM cola Taller,,1234567890,no,241,0,0,
2026-09-24 17:19:26,CM cola Taller,,1234567890,no,75,0,0,
2026-09-24 17:17:29,CM cola Taller,,1234567890,no,367,0,0,
2026-09-24 17:08:43,CM cola Taller,,1234567890,no,414,0,0,
2026-09-24 16:59:03,CM cola Taller,,1234567890,no,1129,0,0,
2026-09-24 16:57:51,CM cola Taller,,1234567890,no,258,0,0,
2026-09-24 16:51:43,SF cola Taller,Sofia Montaño,1234567890,yes,3,186,189,SIP/656
2026-09-24 16:38:47,CM cola Taller,Sofia Montaño,1234567890,yes,9,257,266,SIP/656
2026-09-24 16:31:04,CM cola Taller,Sofia Montaño,1234567890,yes,6,109,115,SIP/656
2026-09-24 16:12:04,CM cola Taller,Sofia Montaño,1234567890,yes,6,190,196,SIP/656
2026-09-24 15:59:28,CM cola Taller,Sofia Montaño,1234567890,yes,6,61,67,SIP/656
2026-09-24 15:55:01,CM cola Taller,Sofia Montaño,1234567890,yes,9,85,94,SIP/656
2026-09-24 15:38:20,MPC cola Taller,Sofia Montaño,1234567890,yes,6,83,89,SIP/656
2026-09-24 15:31:19,SF cola Taller,Sofia Montaño,1234567890,yes,8,145,153,SIP/656
2026-09-24 15:25:16,SF cola Taller,Sofia Montaño,1234567890,yes,7,76,83,SIP/656
2026-09-24 15:16:18,CM cola Taller,Sofia Montaño,1234567890,yes,6,242,248,SIP/656
2026-09-24 14:56:51,CM cola Taller,,1234567890,no,206,0,0,
2026-09-24 14:56:14,CM cola Taller,,1234567890,no,330,0,0,
2026-09-24 14:55:55,MPC cola Taller,,1234567890,no,237,0,0,
2026-09-24 14:52:48,CM cola Taller,,1234567890,no,106,0,0,
2026-09-24 14:46:26,CM cola Taller,,1234567890,no,97,0,0,
2026-09-24 14:42:37,MPC cola Taller,,1234567890,no,275,0,0,
2026-09-24 14:42:16,CM cola Taller,Sofia Montaño,1234567890,yes,510,315,825,SIP/656
2026-09-24 14:40:48,MPC cola Taller,,1234567890,no,224,0,0,
2026-09-24 14:39:30,MPC cola Taller,Sofia Montaño,1234567890,yes,8,378,386,SIP/656
2026-09-24 14:33:51,CM cola Taller,,1234567890,no,80,0,0,
2026-09-24 14:33:10,CM cola Taller,Sabrina Mercado,250,yes,78,64,142,SIP/250
2026-09-24 14:32:35,MPC cola Taller,,1234567890,no,154,0,0,
2026-09-24 14:29:31,CM cola Taller,,1234567890,no,46,0,0,
2026-09-24 14:27:03,MPC cola Taller,,1234567890,no,263,0,0,
2026-09-24 14:26:15,CM cola Taller,Sofia Montaño,1234567890,yes,49,143,192,SIP/656
2026-09-24 14:25:04,CM cola Taller,Camila Mias,251,yes,11,28,39,SIP/251
2026-09-24 14:25:04,SF cola Taller,Sofia Montaño,1234567890,yes,291,252,543,SIP/656
2026-09-24 14:20:18,SF cola Taller,Sofia Montaño,1234567890,yes,3,215,218,SIP/656
2026-09-24 14:11:38,CM cola Taller,Sabrina Mercado,250,yes,245,39,284,SIP/250
2026-09-24 14:10:54,MPC cola Taller,Sofia Montaño,1234567890,yes,43,144,187,SIP/656
2026-09-24 14:10:49,SF cola Taller,Sofia Montaño,1234567890,yes,394,48,442,SIP/656
2026-09-24 14:08:10,CM cola Taller,Sofia Montaño,1234567890,yes,430,115,545,SIP/656
2026-09-24 14:04:13,CM cola Taller,Sabrina Mercado,250,yes,593,33,626,SIP/250
2026-09-24 14:03:20,CM cola Taller,,1234567890,no,328,0,0,
2026-09-24 14:01:16,CM cola Taller,Sofia Montaño,1234567890,yes,230,384,614,SIP/656
2026-09-24 12:59:24,MPC cola Taller,Lucia Sosa,1234567890,yes,12,75,87,SIP/650
2026-09-24 12:55:45,SF cola Taller,,1234567890,no,118,0,0,
2026-09-24 12:55:11,CM cola Taller,Sofia Montaño,1234567890,yes,106,80,186,SIP/656
2026-09-24 12:53:25,SF cola Taller,,1234567890,no,68,0,0,
2026-09-24 12:53:07,MPC cola Taller,Rocío Cornejo,1234567890,yes,23,215,238,SIP/651
2026-09-24 12:51:32,SF cola Taller,Lucia Sosa,1234567890,yes,69,107,176,SIP/650
2026-09-24 12:51:10,CM cola Taller,,1234567890,no,87,0,0,
2026-09-24 12:50:55,CM cola Taller,Sofia Montaño,1234567890,yes,7,338,345,SIP/656
2026-09-24 12:50:03,CM cola Taller,,1234567890,no,22,0,0,
2026-09-24 12:43:05,CM cola Taller,Lucia Sosa,1234567890,yes,23,363,386,SIP/650
2026-09-24 12:41:45,CM cola Taller,Rocío Cornejo,1234567890,yes,4,85,89,SIP/651
2026-09-24 12:40:22,SF cola Taller,Lucia Sosa,1234567890,yes,6,75,81,SIP/650
2026-09-24 12:38:35,CM cola Taller,Rocío Cornejo,1234567890,yes,12,106,118,SIP/651
2026-09-24 12:32:47,CM cola Taller,Sofia Montaño,1234567890,yes,13,267,280,SIP/656
2026-09-24 12:31:50,CM cola Taller,Rocío Cornejo,1234567890,yes,9,248,257,SIP/651
2026-09-24 12:29:44,CM cola Taller,Rocío Cornejo,1234567890,yes,6,63,69,SIP/651
2026-09-24 12:18:48,CM cola Taller,Lucia Sosa,1234567890,yes,19,194,213,SIP/650
2026-09-24 12:13:10,CM cola Taller,Sofia Montaño,1234567890,yes,11,468,479,SIP/656
2026-09-24 12:08:07,MPC cola Taller,Lucia Sosa,1234567890,yes,23,236,259,SIP/650
2026-09-24 11:55:14,CM cola Taller,Sabrina Mercado,250,yes,5,35,40,SIP/250
2026-09-24 11:52:19,CM cola Taller,Sofia Montaño,1234567890,yes,5,117,122,SIP/656
2026-09-24 11:51:14,CM cola Taller,,1234567890,no,1,0,0,
2026-09-24 11:46:00,CM cola Taller,Sofia Montaño,1234567890,yes,17,172,189,SIP/656
2026-09-24 11:43:53,CM cola Taller,Sofia Montaño,1234567890,yes,4,47,51,SIP/656
2026-09-24 11:38:18,MPC cola Taller,Lucia Sosa,1234567890,yes,12,365,377,SIP/650
2026-09-24 11:23:42,CM cola Taller,Sofia Montaño,1234567890,yes,95,46,141,SIP/656
2026-09-24 11:23:12,CM cola Taller,Sofia Montaño,1234567890,yes,7,100,107,SIP/656
2026-09-24 11:22:35,CM cola Taller,Lucia Sosa,1234567890,yes,8,300,308,SIP/650
2026-09-24 11:17:28,CM cola Taller,Lucia Sosa,499,yes,12,83,95,SIP/650
2026-09-24 11:12:42,CM cola Taller,Lucia Sosa,1234567890,yes,38,83,121,SIP/650
2026-09-24 11:10:54,MPC cola Taller,Sofia Montaño,1234567890,yes,14,154,168,SIP/656
2026-09-24 11:05:11,MPC cola Taller,Lucia Sosa,1234567890,yes,27,52,79,SIP/650
2026-09-24 10:55:04,CM cola Taller,Sofia Montaño,1234567890,yes,133,382,515,SIP/656
2026-09-24 10:54:39,CM cola Taller,Lucia Sosa,1234567890,yes,29,591,620,SIP/650
2026-09-24 10:53:28,CM cola Taller,Sofia Montaño,1234567890,yes,22,191,213,SIP/656
2026-09-24 10:47:32,CM cola Taller,,1234567890,no,165,0,0,
2026-09-24 10:45:46,CM cola Taller,Sofia Montaño,1234567890,yes,182,120,302,SIP/656
2026-09-24 10:38:57,MPC cola Taller,,1234567890,no,301,0,0,
2026-09-24 10:37:03,SF cola Taller,Sofia Montaño,1234567890,yes,243,261,504,SIP/656
2026-09-24 10:33:14,SF cola Taller,Lucia Sosa,1234567890,yes,124,571,695,SIP/650
2026-09-24 10:26:04,CM cola Taller,Sofia Montaño,1234567890,yes,14,873,887,SIP/656
2026-09-24 10:16:30,SF cola Taller,Lucia Sosa,1234567890,yes,7,199,206,SIP/650
2026-09-24 10:14:36,CM cola Taller,Sofia Montaño,1234567890,yes,6,100,106,SIP/656
2026-09-24 10:10:55,CM cola Taller,Sofia Montaño,1234567890,yes,31,132,163,SIP/656
2026-09-24 10:06:33,CM cola Taller,Lucia Sosa,1234567890,yes,263,55,318,SIP/650
2026-09-24 10:06:05,SF cola Taller,Lucia Sosa,1234567890,yes,17,201,218,SIP/650
2026-09-24 10:01:23,SF cola Taller,Lucia Sosa,1234567890,yes,17,239,256,SIP/650
2026-09-24 09:49:46,MPC cola Taller,Lucia Sosa,255,yes,11,76,87,SIP/650
2026-09-24 09:45:44,CM cola Taller,Sofia Montaño,1234567890,yes,6,166,172,SIP/656
2026-09-24 09:33:44,CM cola Taller,Lucia Sosa,1234567890,yes,146,318,464,SIP/650
2026-09-24 09:32:18,CM cola Taller,Sofia Montaño,1234567890,yes,186,164,350,SIP/656
2026-09-24 09:31:04,SF cola Taller,Lucia Sosa,1234567890,yes,37,223,260,SIP/650
2026-09-24 09:29:27,CM cola Taller,,1234567890,no,273,0,0,
2026-09-24 09:25:22,CM cola Taller,Sofia Montaño,1234567890,yes,108,486,594,SIP/656
2026-09-24 09:23:04,CM cola Taller,Lucia Sosa,1234567890,yes,12,425,437,SIP/650
2026-09-24 09:20:55,CM cola Taller,,1234567890,no,12,0,0,
2026-09-24 09:20:05,CM cola Taller,Lucia Sosa,1234567890,yes,11,73,84,SIP/650
2026-09-24 09:16:23,CM cola Taller,Sofia Montaño,1234567890,yes,16,264,280,SIP/656
2026-09-24 09:12:34,CM cola Taller,Sofia Montaño,1234567890,yes,5,190,195,SIP/656
2026-09-24 09:11:40,SF cola Taller,Lucia Sosa,1234567890,yes,14,180,194,SIP/650
2026-09-24 09:04:13,CM cola Taller,Sofia Montaño,1234567890,yes,60,70,130,SIP/656
2026-09-24 09:00:59,CM cola Taller,Lucia Sosa,1234567890,yes,209,132,341,SIP/650
2026-09-24 09:00:34,MPC cola Taller,Sofia Montaño,1234567890,yes,231,32,263,SIP/656
2026-09-24 08:59:29,CM cola Taller,Camila Mias,251,yes,242,34,276,SIP/251
2026-09-24 08:58:08,MPC cola Taller,Lucia Sosa,1234567890,yes,189,173,362,SIP/650
2026-09-24 08:55:58,MPC cola Taller,,1234567890,no,258,0,0,
2026-09-24 08:51:41,CM cola Taller,Lucia Sosa,1234567890,yes,220,180,400,SIP/650
2026-09-24 08:47:16,CM cola Taller,Lucia Sosa,1234567890,yes,681,136,817,SIP/650
2026-09-24 08:44:51,CM cola Taller,Lucia Sosa,1234567890,yes,16,518,534,SIP/650
2026-09-24 08:34:17,MPC cola Taller,Lucia Sosa,1234567890,yes,105,154,259,SIP/650
2026-09-24 08:30:38,CM cola Taller,,1234567890,no,127,0,0,
2026-09-24 08:28:51,SF cola Taller,Lucia Sosa,1234567890,yes,347,69,416,SIP/650
2026-09-24 08:27:58,SF cola Taller,,1234567890,no,80,0,0,
2026-09-24 08:27:04,SF cola Taller,Lucia Sosa,1234567890,yes,9,218,227,SIP/650
2026-09-24 08:20:46,CM cola Taller,Lucia Sosa,1234567890,yes,7,140,147,SIP/650
2026-09-24 08:04:24,CM cola Taller,Lucia Sosa,1234567890,yes,15,130,145,SIP/650
2026-09-23 17:49:07,CM cola Taller,Rocío Cornejo,1234567890,yes,10,194,204,SIP/651
2026-09-23 17:25:46,CM cola Taller,,1234567890,no,1,0,0,
2026-09-23 17:16:11,CM cola Taller,Alma Cordoba,1234567890,yes,32,134,166,SIP/655
2026-09-23 17:03:05,CM cola Taller,Rocío Cornejo,1234567890,yes,4,42,46,SIP/651
2026-09-23 17:02:04,CM cola Taller,Alma Cordoba,1234567890,yes,35,220,255,SIP/655
2026-09-23 16:54:21,CM cola Taller,,1234567890,no,108,0,0,
2026-09-23 16:52:33,MPC cola Taller,,1234567890,no,420,0,0,
2026-09-23 16:51:01,CM cola Taller,,1234567890,no,482,0,0,
2026-09-23 16:48:51,CM cola Taller,Alma Cordoba,1234567890,yes,18,571,589,SIP/655
2026-09-23 16:42:52,CM cola Taller,Alma Cordoba,1234567890,yes,158,45,203,SIP/655
2026-09-23 16:41:45,CM cola Taller,,1234567890,no,47,0,0,
2026-09-23 16:36:09,CM cola Taller,Alma Cordoba,1234567890,yes,260,211,471,SIP/655
2026-09-23 16:34:23,CM cola Taller,,1234567890,no,317,0,0,
2026-09-23 16:33:32,CM cola Taller,Sabrina Mercado,250,yes,277,21,298,SIP/250
2026-09-23 16:28:35,CM cola Taller,Vanesa Gonzalez Alcaraz,306,yes,274,52,326,SIP/306
2026-09-23 16:25:40,CM cola Taller,Alma Cordoba,1234567890,yes,30,373,403,SIP/655
2026-09-23 16:22:23,CM cola Taller,,1234567890,no,119,0,0,
2026-09-23 16:21:06,CM cola Taller,Alma Cordoba,1234567890,yes,33,161,194,SIP/655
2026-09-23 16:12:36,CM cola Taller,,1234567890,no,107,0,0,
2026-09-23 16:10:38,CM cola Taller,Alma Cordoba,1234567890,yes,45,44,89,SIP/655
2026-09-23 16:08:09,MPC cola Taller,Alma Cordoba,1234567890,yes,245,198,443,SIP/655
2026-09-23 16:07:52,CM cola Taller,Alma Cordoba,1234567890,yes,10,187,197,SIP/655
2026-09-23 16:02:14,CM cola Taller,Alma Cordoba,1234567890,yes,11,150,161,SIP/655
2026-09-23 15:54:37,MPC cola Taller,Rocío Cornejo,1234567890,yes,22,360,382,SIP/651
2026-09-23 15:53:11,CM cola Taller,Alma Cordoba,1234567890,yes,6,323,329,SIP/655
2026-09-23 15:41:07,CM cola Taller,Alma Cordoba,1234567890,yes,11,106,117,SIP/655
2026-09-23 15:40:55,CM cola Taller,Rocío Cornejo,1234567890,yes,13,119,132,SIP/651
2026-09-23 15:37:18,CM cola Taller,Rocío Cornejo,1234567890,yes,6,136,142,SIP/651
2026-09-23 15:32:23,CM cola Taller,Alma Cordoba,1234567890,yes,61,190,251,SIP/655
2026-09-23 15:29:58,CM cola Taller,Rocío Cornejo,1234567890,yes,6,217,223,SIP/651
2026-09-23 15:27:16,CM cola Taller,,1234567890,no,2,0,0,
2026-09-23 15:25:03,SF cola Taller,Alma Cordoba,1234567890,yes,29,267,296,SIP/655
2026-09-23 15:24:29,MPC cola Taller,Agustina Vargas,255,yes,42,54,96,SIP/255
2026-09-23 15:23:03,CM cola Taller,,1234567890,no,0,0,0,
2026-09-23 15:21:57,CM cola Taller,Rocío Cornejo,1234567890,yes,5,54,59,SIP/651
2026-09-23 15:14:26,CM cola Taller,Rocío Cornejo,1234567890,yes,14,92,106,SIP/651
2026-09-23 15:12:13,CM cola Taller,Camila Mias,251,yes,17,41,58,SIP/251
2026-09-23 15:06:25,CM cola Taller,Rocío Cornejo,1234567890,yes,14,316,330,SIP/651
2026-09-23 14:58:44,CM cola Taller,Alma Cordoba,1234567890,yes,240,44,284,SIP/655
2026-09-23 14:56:59,CM cola Taller,Alma Cordoba,1234567890,yes,15,278,293,SIP/655
2026-09-23 14:48:57,CM cola Taller,Alma Cordoba,1234567890,yes,47,200,247,SIP/655
2026-09-23 14:48:25,CM cola Taller,Rocío Cornejo,1234567890,yes,7,372,379,SIP/651
2026-09-23 14:40:12,CM cola Taller,Alma Cordoba,1234567890,yes,22,130,152,SIP/655
2026-09-23 14:40:05,CM cola Taller,Rocío Cornejo,1234567890,yes,13,147,160,SIP/651
2026-09-23 14:36:52,CM cola Taller,Alma Cordoba,1234567890,yes,19,165,184,SIP/655
2026-09-23 14:26:25,CM cola Taller,,1234567890,no,215,0,0,
2026-09-23 14:26:05,CM cola Taller,Alma Cordoba,1234567890,yes,212,277,489,SIP/655
2026-09-23 14:25:45,MPC cola Taller,Alma Cordoba,1234567890,yes,6,210,216,SIP/655
2026-09-23 14:20:54,CM cola Taller,Alma Cordoba,1234567890,yes,107,162,269,SIP/655
2026-09-23 14:19:41,CM cola Taller,Sabrina Mercado,250,yes,20,14,34,SIP/250
2026-09-23 14:13:07,CM cola Taller,Camila Mias,251,yes,19,28,47,SIP/251
2026-09-23 14:11:56,CM cola Taller,Rocío Cornejo,1234567890,yes,6,221,227,SIP/651
2026-09-23 14:07:18,CM cola Taller,Alma Cordoba,1234567890,yes,120,207,327,SIP/655
2026-09-23 12:58:43,CM cola Taller,,1234567890,no,293,0,0,
2026-09-23 12:56:00,MPC cola Taller,,1234567890,no,60,0,0,
2026-09-23 12:45:48,CM cola Taller,,1234567890,no,311,0,0,
2026-09-23 12:43:42,CM cola Taller,,1234567890,no,413,0,0,
2026-09-23 12:39:40,SF cola Taller,,1234567890,no,233,0,0,
2026-09-23 12:38:45,CM cola Taller,,1234567890,no,2109,0,0,
2026-09-23 12:38:04,CM cola Taller,,1234567890,no,861,0,0,
2026-09-23 12:37:34,CM cola Taller,,1234567890,no,50,0,0,
2026-09-23 12:34:27,CM cola Taller,,499,yes,1017,134,1151,SIP/499
2026-09-23 12:34:19,CM cola Taller,,1234567890,no,227,0,0,
2026-09-23 12:28:04,CM cola Taller,Sabrina Mercado,250,yes,293,23,316,SIP/250
2026-09-23 12:28:00,SF cola Taller,,1234567890,no,421,0,0,
2026-09-23 12:20:38,CM cola Taller,Alma Cordoba,1234567890,yes,8,165,173,SIP/655
2026-09-23 12:19:30,MPC cola Taller,Alma Cordoba,1234567890,yes,14,45,59,SIP/655
2026-09-23 12:17:20,MPC cola Taller,Alma Cordoba,1234567890,yes,12,35,47,SIP/655
2026-09-23 12:17:15,CM cola Taller,Lucia Sosa,1234567890,yes,15,383,398,SIP/650
2026-09-23 12:15:01,SF cola Taller,Alma Cordoba,1234567890,yes,11,32,43,SIP/655
2026-09-23 12:13:58,CM cola Taller,,1234567890,no,1,0,0,
2026-09-23 12:07:23,CM cola Taller,,1234567890,no,0,0,0,
2026-09-23 12:07:19,MPC cola Taller,Sofia Montaño,1234567890,yes,19,769,788,SIP/656
2026-09-23 12:04:04,CM cola Taller,Sofia Montaño,1234567890,yes,116,78,194,SIP/656
2026-09-23 12:03:46,CM cola Taller,Lucia Sosa,1234567890,yes,67,383,450,SIP/650
2026-09-23 12:03:42,CM cola Taller,Rocío Cornejo,1234567890,yes,14,209,223,SIP/651
2026-09-23 12:03:26,MPC cola Taller,Alma Cordoba,1234567890,yes,176,165,341,SIP/655
2026-09-23 12:03:17,CM cola Taller,Alma Cordoba,1234567890,yes,20,135,155,SIP/655
2026-09-23 11:52:24,MPC cola Taller,Sofia Montaño,1234567890,yes,105,201,306,SIP/656
2026-09-23 11:49:29,CM cola Taller,,1234567890,no,124,0,0,
2026-09-23 11:48:19,CM cola Taller,Sofia Montaño,1234567890,yes,5,285,290,SIP/656
2026-09-23 11:41:47,CM cola Taller,Lucia Sosa,1234567890,yes,7,19,26,SIP/650
2026-09-23 11:38:04,MPC cola Taller,Sofia Montaño,1234567890,yes,9,306,315,SIP/656
2026-09-23 11:31:04,CM cola Taller,Lucia Sosa,1234567890,yes,145,119,264,SIP/650
2026-09-23 11:30:52,SF cola Taller,Lucia Sosa,1234567890,yes,8,130,138,SIP/650
2026-09-23 11:22:37,MPC cola Taller,Sofia Montaño,1234567890,yes,19,686,705,SIP/656
2026-09-23 11:15:08,CM cola Taller,Camila Mias,251,yes,9,65,74,SIP/251
2026-09-23 11:05:47,CM cola Taller,Sofia Montaño,1234567890,yes,56,59,115,SIP/656
2026-09-23 11:03:30,MPC cola Taller,Lucia Sosa,1234567890,yes,17,304,321,SIP/650
2026-09-23 10:56:35,MPC cola Taller,Agustina Vargas,255,yes,174,32,206,SIP/255
2026-09-23 10:56:09,CM cola Taller,Sofia Montaño,1234567890,yes,40,503,543,SIP/656
2026-09-23 10:54:20,CM cola Taller,Lucia Sosa,1234567890,yes,12,204,216,SIP/650
2026-09-23 10:50:50,CM cola Taller,Lucia Sosa,1234567890,yes,7,110,117,SIP/650
2026-09-23 10:45:40,CM cola Taller,,1234567890,no,12,0,0,
2026-09-23 10:41:18,CM cola Taller,Sofia Montaño,1234567890,yes,204,184,388,SIP/656
2026-09-23 10:40:03,CM cola Taller,,1234567890,no,141,0,0,
2026-09-23 10:39:23,CM cola Taller,Sofia Montaño,1234567890,yes,176,65,241,SIP/656
2026-09-23 10:36:12,CM cola Taller,Lucia Sosa,1234567890,yes,180,224,404,SIP/650
2026-09-23 10:35:27,CM cola Taller,,1234567890,no,1,0,0,
2026-09-23 10:25:01,MPC cola Taller,Lucia Sosa,1234567890,yes,77,11,88,SIP/650
2026-09-23 10:21:40,CM cola Taller,Sofia Montaño,1234567890,yes,7,228,235,SIP/656
2026-09-23 10:19:57,CM cola Taller,Sofia Montaño,1234567890,yes,24,18,42,SIP/656
2026-09-23 10:15:02,MPC cola Taller,Sofia Montaño,1234567890,yes,9,160,169,SIP/656
2026-09-23 10:12:56,CM cola Taller,Lucia Sosa,1234567890,yes,43,77,120,SIP/650
2026-09-23 10:11:28,CM cola Taller,Sofia Montaño,1234567890,yes,13,162,175,SIP/656
2026-09-23 10:07:24,CM cola Taller,Sofia Montaño,1234567890,yes,8,136,144,SIP/656
2026-09-23 10:04:07,CM cola Taller,Lucia Sosa,1234567890,yes,32,192,224,SIP/650
2026-09-23 10:01:55,CM cola Taller,Sofia Montaño,1234567890,yes,116,51,167,SIP/656
2026-09-23 09:57:33,SF cola Taller,Sofia Montaño,1234567890,yes,115,247,362,SIP/656
2026-09-23 09:56:11,CM cola Taller,Lucia Sosa,1234567890,yes,316,129,445,SIP/650
2026-09-23 09:49:49,CM cola Taller,,499,yes,395,132,527,SIP/499
2026-09-23 09:48:18,CM cola Taller,,1234567890,no,300,0,0,
2026-09-23 09:48:09,CM cola Taller,,1234567890,no,213,0,0,
2026-09-23 09:47:08,CM cola Taller,,1234567890,no,1,0,0,
2026-09-23 09:44:17,MPC cola Taller,Lucia Sosa,1234567890,yes,94,86,180,SIP/650
2026-09-23 09:41:58,CM cola Taller,Lucia Sosa,1234567890,yes,601,373,974,SIP/650
2026-09-23 09:41:38,SF cola Taller,,1234567890,no,330,0,0,
2026-09-23 09:40:45,SF cola Taller,,1234567890,no,420,0,0,
2026-09-23 09:36:41,MPC cola Taller,,1234567890,no,218,0,0,
2026-09-23 09:35:09,MPC cola Taller,,1234567890,no,422,0,0,
2026-09-23 09:34:42,CM cola Taller,Lucia Sosa,1234567890,yes,117,470,587,SIP/650
2026-09-23 09:27:26,CM cola Taller,,1234567890,no,121,0,0,
2026-09-23 09:27:15,CM cola Taller,Lucia Sosa,1234567890,yes,449,96,545,SIP/650
2026-09-23 09:22:56,CM cola Taller,,1234567890,no,87,0,0,
2026-09-23 09:22:37,MPC cola Taller,,1234567890,no,224,0,0,
2026-09-23 09:17:29,CM cola Taller,Lucia Sosa,1234567890,yes,361,488,849,SIP/650
2026-09-23 09:14:28,CM cola Taller,,1234567890,no,313,0,0,
2026-09-23 09:14:13,MPC cola Taller,,1234567890,no,422,0,0,
2026-09-23 09:12:51,CM cola Taller,Lucia Sosa,1234567890,yes,417,201,618,SIP/650
2026-09-23 09:12:33,CM cola Taller,,1234567890,no,1,0,0,
2026-09-23 09:09:55,CM cola Taller,Lucia Sosa,1234567890,yes,171,396,567,SIP/650
2026-09-23 09:06:41,MPC cola Taller,Lucia Sosa,1234567890,yes,47,297,344,SIP/650
2026-09-23 09:00:50,CM cola Taller,Lucia Sosa,1234567890,yes,26,77,103,SIP/650
2026-09-23 08:40:48,CM cola Taller,Camila Mias,251,yes,93,45,138,SIP/251
2026-09-23 08:38:41,CM cola Taller,Lucia Sosa,1234567890,yes,13,184,197,SIP/650
2026-09-23 08:32:31,MPC cola Taller,,1234567890,no,272,0,0,
2026-09-23 08:30:35,CM cola Taller,,1234567890,no,343,0,0,
2026-09-23 08:30:34,CM cola Taller,Lucia Sosa,1234567890,yes,23,394,417,SIP/650
2026-09-23 08:12:46,CM cola Taller,Lucia Sosa,1234567890,yes,233,353,586,SIP/650
2026-09-23 08:10:45,CM cola Taller,Lucia Sosa,1234567890,yes,332,12,344,SIP/650
2026-09-23 08:10:33,CM cola Taller,Lucia Sosa,1234567890,yes,69,242,311,SIP/650
2026-09-23 08:10:05,CM cola Taller,Camila Mias,251,yes,8,46,54,SIP/251
2026-09-23 08:07:33,CM cola Taller,,1234567890,no,70,0,0,
2026-09-23 08:01:57,CM cola Taller,Lucia Sosa,1234567890,yes,15,199,214,SIP/650
2026-09-22 17:45:04,CM cola Taller,,1234567890,no,252,0,0,
2026-09-22 17:38:00,CM cola Taller,,1234567890,no,229,0,0,
2026-09-22 17:29:31,CM cola Taller,,1234567890,no,372,0,0,
2026-09-22 17:07:36,CM cola Taller,,1234567890,no,656,0,0,
2026-09-22 17:00:23,CM cola Taller,Sabrina Mercado,250,yes,187,41,228,SIP/250
2026-09-22 16:55:25,SF cola Taller,,1234567890,no,424,0,0,
2026-09-22 16:54:34,CM cola Taller,Camila Mias,251,yes,156,28,184,SIP/251
2026-09-22 16:53:12,CM cola Taller,,1234567890,no,448,0,0,
2026-09-22 16:50:54,CM cola Taller,Martin Jalil,503,yes,86,270,356,SIP/503
2026-09-22 16:44:55,CM cola Taller,,1234567890,no,36,0,0,
2026-09-22 16:41:34,CM cola Taller,,1234567890,no,375,0,0,
2026-09-22 16:40:18,CM cola Taller,Rocío Cornejo,1234567890,yes,494,180,674,SIP/651
2026-09-22 16:37:02,SF cola Taller,,1234567890,no,213,0,0,
2026-09-22 16:30:55,CM cola Taller,,1234567890,no,118,0,0,
2026-09-22 16:25:56,CM cola Taller,,1234567890,no,79,0,0,
2026-09-22 16:21:10,CM cola Taller,,1234567890,no,362,0,0,
2026-09-22 16:20:07,CM cola Taller,Rocío Cornejo,1234567890,yes,300,176,476,SIP/651
2026-09-22 16:09:36,CM cola Taller,Rocío Cornejo,1234567890,yes,61,304,365,SIP/651
2026-09-22 16:03:58,MPC cola Taller,Rocío Cornejo,1234567890,yes,26,336,362,SIP/651
2026-09-22 15:57:55,CM cola Taller,Rocío Cornejo,1234567890,yes,146,172,318,SIP/651
2026-09-22 15:57:11,CM cola Taller,Rocío Cornejo,1234567890,yes,23,135,158,SIP/651
2026-09-22 15:55:48,CM cola Taller,,1234567890,no,0,0,0,
2026-09-22 15:51:33,CM cola Taller,Rocío Cornejo,1234567890,yes,15,223,238,SIP/651
2026-09-22 15:49:07,CM cola Taller,Sofia Montaño,1234567890,yes,10,97,107,SIP/656
2026-09-22 15:38:39,SF cola Taller,Rocío Cornejo,1234567890,yes,7,161,168,SIP/651
2026-09-22 15:37:39,CM cola Taller,Sofia Montaño,1234567890,yes,12,139,151,SIP/656
2026-09-22 15:22:15,CM cola Taller,Rocío Cornejo,1234567890,yes,10,192,202,SIP/651
2026-09-22 15:21:30,CM cola Taller,Sofia Montaño,1234567890,yes,5,151,156,SIP/656
2026-09-22 15:13:55,MPC cola Taller,Rocío Cornejo,1234567890,yes,298,192,490,SIP/651
2026-09-22 15:13:23,CM cola Taller,Rocío Cornejo,1234567890,yes,10,244,254,SIP/651
2026-09-22 15:07:31,MPC cola Taller,Sofia Montaño,1234567890,yes,7,62,69,SIP/656
2026-09-22 14:57:51,CM cola Taller,,1234567890,no,34,0,0,
2026-09-22 14:57:30,CM cola Taller,Sofia Montaño,1234567890,yes,126,453,579,SIP/656
2026-09-22 14:57:12,CM cola Taller,Sofia Montaño,1234567890,yes,5,133,138,SIP/656
2026-09-22 14:56:09,MPC cola Taller,Rocío Cornejo,1234567890,yes,7,198,205,SIP/651
2026-09-22 14:52:07,CM cola Taller,Sofia Montaño,1234567890,yes,15,253,268,SIP/656
2026-09-22 14:44:30,CM cola Taller,Sofia Montaño,1234567890,yes,25,59,84,SIP/656
2026-09-22 14:43:11,CM cola Taller,Rocío Cornejo,1234567890,yes,5,225,230,SIP/651
2026-09-22 14:42:12,CM cola Taller,,1234567890,no,6,0,0,
2026-09-22 14:41:01,CM cola Taller,Sofia Montaño,1234567890,yes,9,164,173,SIP/656
2026-09-22 14:40:03,CM cola Taller,,1234567890,no,11,0,0,
2026-09-22 14:33:13,CM cola Taller,Rocío Cornejo,1234567890,yes,6,119,125,SIP/651
2026-09-22 14:14:36,MPC cola Taller,Rocío Cornejo,1234567890,yes,11,314,325,SIP/651
2026-09-22 14:12:54,CM cola Taller,Camila Mias,251,yes,10,17,27,SIP/251
2026-09-22 14:02:50,CM cola Taller,Rocío Cornejo,1234567890,yes,8,111,119,SIP/651
2026-09-22 12:49:59,CM cola Taller,Alma Cordoba,1234567890,yes,31,98,129,SIP/655
2026-09-22 12:42:51,SF cola Taller,Rocío Cornejo,1234567890,yes,22,39,61,SIP/651
2026-09-22 12:40:54,CM cola Taller,Alma Cordoba,1234567890,yes,22,293,315,SIP/655
2026-09-22 12:21:37,CM cola Taller,Sofia Montaño,1234567890,yes,16,185,201,SIP/656
2026-09-22 12:16:20,MPC cola Taller,Rocío Cornejo,1234567890,yes,8,163,171,SIP/651
2026-09-22 12:06:22,CM cola Taller,Camila Mias,251,yes,12,35,47,SIP/251
2026-09-22 11:58:55,CM cola Taller,Sabrina Mercado,250,yes,18,24,42,SIP/250
2026-09-22 11:53:19,CM cola Taller,,1234567890,no,0,0,0,
2026-09-22 11:51:52,CM cola Taller,Camila Mias,251,yes,10,42,52,SIP/251
2026-09-22 11:49:48,SF cola Taller,Lucia Sosa,1234567890,yes,47,274,321,SIP/650
2026-09-22 11:47:04,CM cola Taller,Matias Villafane,502,yes,30,122,152,SIP/502
2026-09-22 11:40:54,CM cola Taller,Alma Cordoba,1234567890,yes,23,33,56,SIP/655
2026-09-22 11:40:40,CM cola Taller,Sofia Montaño,1234567890,yes,7,101,108,SIP/656
2026-09-22 11:26:11,CM cola Taller,Alma Cordoba,1234567890,yes,103,128,231,SIP/655
2026-09-22 11:24:09,MPC cola Taller,Alma Cordoba,1234567890,yes,17,184,201,SIP/655
2026-09-22 11:22:20,CM cola Taller,Lucia Sosa,1234567890,yes,18,310,328,SIP/650
2026-09-22 11:19:55,MPC cola Taller,Agustina Vargas,255,yes,8,40,48,SIP/255
2026-09-22 11:15:12,SF cola Taller,Lucia Sosa,1234567890,yes,8,122,130,SIP/650
2026-09-22 11:00:36,CM cola Taller,Sabrina Mercado,250,yes,11,21,32,SIP/250
2026-09-22 10:52:24,SF cola Taller,Alma Cordoba,1234567890,yes,35,82,117,SIP/655
2026-09-22 10:49:52,CM cola Taller,Sofia Montaño,1234567890,yes,13,331,344,SIP/656
2026-09-22 10:44:51,CM cola Taller,Lucia Sosa,1234567890,yes,7,302,309,SIP/650
2026-09-22 10:43:43,CM cola Taller,,1234567890,no,7,0,0,
2026-09-22 10:43:31,MPC cola Taller,Alma Cordoba,1234567890,yes,6,130,136,SIP/655
2026-09-22 10:40:58,CM cola Taller,Lucia Sosa,1234567890,yes,39,73,112,SIP/650
2026-09-22 10:40:11,SF cola Taller,Sofia Montaño,1234567890,yes,127,172,299,SIP/656
2026-09-22 10:37:04,CM cola Taller,Alma Cordoba,1234567890,yes,157,125,282,SIP/655
2026-09-22 10:36:00,SF cola Taller,Alma Cordoba,1234567890,yes,7,56,63,SIP/655
2026-09-22 10:35:16,CM cola Taller,Camila Mias,251,yes,20,28,48,SIP/251
2026-09-22 10:27:12,CM cola Taller,Sofia Montaño,1234567890,yes,8,128,136,SIP/656
2026-09-22 10:19:45,MPC cola Taller,Sofia Montaño,1234567890,yes,21,335,356,SIP/656
2026-09-22 10:18:48,CM cola Taller,Alma Cordoba,1234567890,yes,16,213,229,SIP/655
2026-09-22 10:16:57,SF cola Taller,Sofia Montaño,1234567890,yes,6,138,144,SIP/656
2026-09-22 10:06:50,CM cola Taller,Sofia Montaño,1234567890,yes,191,313,504,SIP/656
2026-09-22 10:05:21,CM cola Taller,,1234567890,no,1,0,0,
2026-09-22 10:05:13,CM cola Taller,Matias Villafane,502,yes,139,56,195,SIP/502
2026-09-22 10:04:25,MPC cola Taller,,1234567890,no,124,0,0,
2026-09-22 10:03:02,CM cola Taller,,1234567890,no,6,0,0,
2026-09-22 10:01:24,CM cola Taller,Lucia Sosa,1234567890,yes,408,207,615,SIP/650
2026-09-22 10:00:59,CM cola Taller,Alma Cordoba,1234567890,yes,128,234,362,SIP/655
2026-09-22 10:00:56,CM cola Taller,Lucia Sosa,1234567890,yes,99,206,305,SIP/650
2026-09-22 09:59:09,CM cola Taller,,1234567890,no,7,0,0,
2026-09-22 09:57:35,CM cola Taller,,1234567890,no,3,0,0,
2026-09-22 09:56:00,CM cola Taller,Lucia Sosa,1234567890,yes,358,29,387,SIP/650
2026-09-22 09:55:51,MPC cola Taller,Alma Cordoba,1234567890,yes,195,212,407,SIP/655
2026-09-22 09:54:02,MPC cola Taller,Agustina Vargas,255,yes,286,44,330,SIP/255
2026-09-22 09:53:46,MPC cola Taller,Alma Cordoba,1234567890,yes,155,18,173,SIP/655
2026-09-22 09:51:42,CM cola Taller,Alma Cordoba,1234567890,yes,15,230,245,SIP/655
2026-09-22 09:51:30,CM cola Taller,Lucia Sosa,1234567890,yes,97,240,337,SIP/650
2026-09-22 09:46:30,CM cola Taller,Alma Cordoba,1234567890,yes,202,54,256,SIP/655
2026-09-22 09:45:15,CM cola Taller,Lucia Sosa,1234567890,yes,64,253,317,SIP/650
2026-09-22 09:41:04,CM cola Taller,Alma Cordoba,503,yes,44,439,483,SIP/655
2026-09-22 09:40:36,CM cola Taller,Lucia Sosa,1234567890,yes,19,302,321,SIP/650
2026-09-22 09:34:51,CM cola Taller,,1234567890,no,36,0,0,
2026-09-22 09:30:25,CM cola Taller,Alma Cordoba,1234567890,yes,68,439,507,SIP/655
2026-09-22 09:29:43,MPC cola Taller,Alma Cordoba,1234567890,yes,5,88,93,SIP/655
2026-09-22 09:25:40,CM cola Taller,Lucia Sosa,1234567890,yes,104,261,365,SIP/650
2026-09-22 09:24:59,CM cola Taller,Alma Cordoba,1234567890,yes,14,143,157,SIP/655
2026-09-22 09:16:52,CM cola Taller,Lucia Sosa,1234567890,yes,142,310,452,SIP/650
2026-09-22 09:16:27,MPC cola Taller,Alma Cordoba,1234567890,yes,7,133,140,SIP/655
2026-09-22 09:16:19,CM cola Taller,Lucia Sosa,1234567890,yes,7,126,133,SIP/650
2026-09-22 09:12:05,CM cola Taller,Lucia Sosa,1234567890,yes,153,48,201,SIP/650
2026-09-22 09:11:36,MPC cola Taller,Lucia Sosa,1234567890,yes,7,68,75,SIP/650
2026-09-22 09:08:51,SF cola Taller,Alma Cordoba,1234567890,yes,175,203,378,SIP/655
2026-09-22 09:06:48,CM cola Taller,,1234567890,no,92,0,0,
2026-09-22 09:06:39,MPC cola Taller,Alma Cordoba,1234567890,yes,109,116,225,SIP/655
2026-09-22 09:01:06,CM cola Taller,Alma Cordoba,1234567890,yes,258,79,337,SIP/655
2026-09-22 08:58:53,CM cola Taller,Alma Cordoba,1234567890,yes,84,220,304,SIP/655
2026-09-22 08:55:48,SF cola Taller,Lucia Sosa,1234567890,yes,331,554,885,SIP/650
2026-09-22 08:52:26,CM cola Taller,Alma Cordoba,1234567890,yes,15,263,278,SIP/655
2026-09-22 08:51:36,CM cola Taller,Lucia Sosa,1234567890,yes,10,562,572,SIP/650
2026-09-22 08:48:49,CM cola Taller,Alma Cordoba,1234567890,yes,98,69,167,SIP/655
2026-09-22 08:43:47,CM cola Taller,,1234567890,no,185,0,0,
2026-09-22 08:41:39,CM cola Taller,,1234567890,no,230,0,0,
2026-09-22 08:38:31,CM cola Taller,Camila Mias,251,yes,21,18,39,SIP/251
2026-09-22 08:32:37,MPC cola Taller,Alma Cordoba,1234567890,yes,13,181,194,SIP/655
2026-09-22 08:25:28,CM cola Taller,Alma Cordoba,1234567890,yes,23,183,206,SIP/655
2026-09-22 08:03:45,CM cola Taller,Alma Cordoba,1234567890,yes,6,126,132,SIP/655
2026-09-22 08:02:54,CM cola Taller,Camila Mias,251,yes,20,19,39,SIP/251
2026-09-21 17:59:43,CM cola Taller,,1234567890,no,497,0,0,
2026-09-21 17:57:05,CM cola Taller,,1234567890,no,462,0,0,
2026-09-21 17:50:56,CM cola Taller,Alma Cordoba,1234567890,yes,262,95,357,SIP/655
2026-09-21 17:48:23,CM cola Taller,Alma Cordoba,1234567890,yes,82,262,344,SIP/655
2026-09-21 17:37:24,CM cola Taller,Alma Cordoba,1234567890,yes,14,154,168,SIP/655
2026-09-21 17:24:12,CM cola Taller,Alma Cordoba,1234567890,yes,292,168,460,SIP/655
2026-09-21 17:24:11,CM cola Taller,Alma Cordoba,1234567890,yes,117,137,254,SIP/655
2026-09-21 17:22:43,CM cola Taller,Alma Cordoba,1234567890,yes,50,131,181,SIP/655
2026-09-21 17:11:44,CM cola Taller,Alma Cordoba,1234567890,yes,193,162,355,SIP/655
2026-09-21 16:57:50,CM cola Taller,Alma Cordoba,1234567890,yes,53,127,180,SIP/655
2026-09-21 16:54:01,MPC cola Taller,Alma Cordoba,1234567890,yes,102,163,265,SIP/655
2026-09-21 16:48:55,CM cola Taller,Alma Cordoba,1234567890,yes,45,146,191,SIP/655
2026-09-21 16:42:15,CM cola Taller,Alma Cordoba,1234567890,yes,5,213,218,SIP/655
2026-09-21 16:35:57,CM cola Taller,,1234567890,no,193,0,0,
2026-09-21 16:26:12,CM cola Taller,Alma Cordoba,1234567890,yes,18,165,183,SIP/655
2026-09-21 16:24:30,MPC cola Taller,Alma Cordoba,1234567890,yes,17,19,36,SIP/655
2026-09-21 16:23:17,MPC cola Taller,,1234567890,no,19,0,0,
2026-09-21 16:17:40,CM cola Taller,Sabrina Mercado,250,yes,239,47,286,SIP/250
2026-09-21 16:17:40,CM cola Taller,Alma Cordoba,1234567890,yes,264,103,367,SIP/655
2026-09-21 16:15:42,CM cola Taller,,1234567890,no,169,0,0,
2026-09-21 16:12:35,CM cola Taller,Alma Cordoba,1234567890,yes,289,226,515,SIP/655
2026-09-21 16:11:33,CM cola Taller,Sabrina Mercado,250,yes,62,58,120,SIP/250
2026-09-21 16:08:46,SF cola Taller,,1234567890,no,196,0,0,
2026-09-21 16:08:08,CM cola Taller,Camila Mias,251,yes,14,38,52,SIP/251
2026-09-21 16:03:45,SF cola Taller,Alma Cordoba,1234567890,yes,68,51,119,SIP/655
2026-09-21 15:53:09,MPC cola Taller,Alma Cordoba,1234567890,yes,356,339,695,SIP/655
2026-09-21 15:48:40,CM cola Taller,Alma Cordoba,1234567890,yes,268,119,387,SIP/655
2026-09-21 15:45:46,CM cola Taller,,1234567890,no,416,0,0,
2026-09-21 15:44:08,CM cola Taller,Alma Cordoba,1234567890,yes,367,156,523,SIP/655
2026-09-21 15:36:35,CM cola Taller,Alma Cordoba,1234567890,yes,272,231,503,SIP/655
2026-09-21 15:33:46,MPC cola Taller,Alma Cordoba,1234567890,yes,5,427,432,SIP/655
2026-09-21 15:11:30,CM cola Taller,Matias Villafane,502,yes,9,57,66,SIP/502
2026-09-21 14:57:22,CM cola Taller,Alma Cordoba,1234567890,yes,8,126,134,SIP/655
2026-09-21 14:51:50,CM cola Taller,Alma Cordoba,1234567890,yes,36,253,289,SIP/655
2026-09-21 14:42:04,CM cola Taller,Alma Cordoba,1234567890,yes,159,90,249,SIP/655
2026-09-21 14:42:00,CM cola Taller,Alma Cordoba,1234567890,yes,6,125,131,SIP/655
2026-09-21 14:32:23,CM cola Taller,Alma Cordoba,1234567890,yes,6,91,97,SIP/655
2026-09-21 14:25:47,CM cola Taller,Alma Cordoba,1234567890,yes,6,47,53,SIP/655
2026-09-21 14:20:48,SF cola Taller,Alma Cordoba,1234567890,yes,5,227,232,SIP/655
2026-09-21 14:18:56,MPC cola Taller,Alma Cordoba,1234567890,yes,41,40,81,SIP/655
2026-09-21 14:18:22,SF cola Taller,,1234567890,no,5,0,0,
2026-09-21 14:14:14,SF cola Taller,,1234567890,no,80,0,0,
2026-09-21 14:13:46,CM cola Taller,Camila Mias,251,yes,205,13,218,SIP/251
2026-09-21 14:13:20,SF cola Taller,Alma Cordoba,1234567890,yes,100,51,151,SIP/655
2026-09-21 14:12:15,CM cola Taller,,901,no,35,0,0,
2026-09-21 14:11:04,SF cola Taller,,1234567890,no,125,0,0,
2026-09-21 14:07:16,SF cola Taller,,1234567890,no,200,0,0,
2026-09-21 14:04:13,CM cola Taller,Alma Cordoba,1234567890,yes,552,73,625,SIP/655
2026-09-21 14:02:49,CM cola Taller,,1234567890,no,25,0,0,
2026-09-21 14:02:45,CM cola Taller,Alma Cordoba,1234567890,yes,239,292,531,SIP/655
2026-09-21 14:01:27,CM cola Taller,Alma Cordoba,1234567890,yes,78,212,290,SIP/655
2026-09-21 12:56:29,CM cola Taller,Rocío Cornejo,1234567890,yes,18,180,198,SIP/651
2026-09-21 12:51:19,CM cola Taller,Martin Jalil,503,yes,28,17,45,SIP/503
2026-09-21 12:46:28,MPC cola Taller,Alma Cordoba,1234567890,yes,12,111,123,SIP/655
2026-09-21 12:41:52,CM cola Taller,Sofia Montaño,1234567890,yes,16,109,125,SIP/656
2026-09-21 12:36:16,CM cola Taller,Rocío Cornejo,1234567890,yes,183,119,302,SIP/651
2026-09-21 12:35:23,CM cola Taller,Alma Cordoba,1234567890,yes,84,166,250,SIP/655
2026-09-21 12:32:24,CM cola Taller,Rocío Cornejo,1234567890,yes,133,122,255,SIP/651
2026-09-21 12:31:37,SF cola Taller,Sofia Montaño,1234567890,yes,149,223,372,SIP/656
2026-09-21 12:30:48,CM cola Taller,Sofia Montaño,1234567890,yes,32,126,158,SIP/656
2026-09-21 12:30:17,SF cola Taller,Alma Cordoba,1234567890,yes,81,181,262,SIP/655
2026-09-21 12:27:44,CM cola Taller,Rocío Cornejo,1234567890,yes,113,208,321,SIP/651
2026-09-21 12:26:23,CM cola Taller,Lucia Sosa,1234567890,yes,101,377,478,SIP/650
2026-09-21 12:25:35,CM cola Taller,Sofia Montaño,1234567890,yes,8,279,287,SIP/656
2026-09-21 12:25:12,CM cola Taller,Alma Cordoba,1234567890,yes,9,241,250,SIP/655
2026-09-21 12:18:52,SF cola Taller,Rocío Cornejo,1234567890,yes,9,198,207,SIP/651
2026-09-21 12:17:17,CM cola Taller,Lucia Sosa,1234567890,yes,38,304,342,SIP/650
2026-09-21 12:09:38,CM cola Taller,Lucia Sosa,1234567890,yes,15,87,102,SIP/650
2026-09-21 12:08:43,MPC cola Taller,Alma Cordoba,1234567890,yes,105,72,177,SIP/655
2026-09-21 12:03:21,CM cola Taller,Sofia Montaño,1234567890,yes,9,128,137,SIP/656
2026-09-21 12:01:59,CM cola Taller,Camila Mias,251,yes,20,23,43,SIP/251
2026-09-21 11:58:22,CM cola Taller,Lucia Sosa,1234567890,yes,8,268,276,SIP/650
2026-09-21 11:53:54,MPC cola Taller,Sofia Montaño,1234567890,yes,10,36,46,SIP/656
2026-09-21 11:47:49,CM cola Taller,Sofia Montaño,1234567890,yes,16,128,144,SIP/656
2026-09-21 11:41:52,MPC cola Taller,Sofia Montaño,1234567890,yes,33,90,123,SIP/656
2026-09-21 11:36:07,MPC cola Taller,Sofia Montaño,1234567890,yes,208,3,211,SIP/656
2026-09-21 11:33:11,CM cola Taller,Lucia Sosa,1234567890,yes,279,325,604,SIP/650
2026-09-21 11:31:16,CM cola Taller,Sofia Montaño,1234567890,yes,103,163,266,SIP/656
2026-09-21 11:29:12,CM cola Taller,Sofia Montaño,1234567890,yes,10,163,173,SIP/656
2026-09-21 11:25:15,CM cola Taller,,499,yes,27,140,167,SIP/499
2026-09-21 11:20:10,CM cola Taller,Sofia Montaño,1234567890,yes,161,109,270,SIP/656
2026-09-21 11:17:20,CM cola Taller,Sofia Montaño,1234567890,yes,55,190,245,SIP/656
2026-09-21 11:15:47,CM cola Taller,Lucia Sosa,1234567890,yes,167,299,466,SIP/650
2026-09-21 11:15:13,CM cola Taller,Sofia Montaño,1234567890,yes,22,140,162,SIP/656
2026-09-21 11:05:59,MPC cola Taller,Lucia Sosa,1234567890,yes,17,44,61,SIP/650
2026-09-21 11:04:05,CM cola Taller,Lucia Sosa,1234567890,yes,25,36,61,SIP/650
2026-09-21 10:53:20,CM cola Taller,Camila Mias,251,yes,126,22,148,SIP/251
2026-09-21 10:52:49,CM cola Taller,Sabrina Mercado,250,yes,106,32,138,SIP/250
2026-09-21 10:52:48,CM cola Taller,Sofia Montaño,1234567890,yes,10,58,68,SIP/656
2026-09-21 10:50:45,CM cola Taller,Lucia Sosa,1234567890,yes,28,97,125,SIP/650
2026-09-21 10:48:08,CM cola Taller,Lucia Sosa,1234567890,yes,117,42,159,SIP/650
2026-09-21 10:46:48,CM cola Taller,Sofia Montaño,1234567890,yes,7,249,256,SIP/656
2026-09-21 10:40:23,MPC cola Taller,,1234567890,no,302,0,0,
2026-09-21 10:39:49,CM cola Taller,Camila Mias,251,yes,38,24,62,SIP/251
2026-09-21 10:33:49,MPC cola Taller,,1234567890,no,205,0,0,
2026-09-21 10:31:17,MPC cola Taller,,1234567890,no,90,0,0,
2026-09-21 10:29:49,CM cola Taller,Lucia Sosa,1234567890,yes,267,192,459,SIP/650
2026-09-21 10:29:22,CM cola Taller,,499,yes,126,28,154,SIP/499
2026-09-21 10:28:32,CM cola Taller,,499,yes,78,58,136,SIP/499
2026-09-21 10:26:06,CM cola Taller,Lucia Sosa,1234567890,yes,171,171,342,SIP/650
2026-09-21 10:24:44,CM cola Taller,,1234567890,no,78,0,0,
2026-09-21 10:24:08,CM cola Taller,,499,yes,111,51,162,SIP/499
2026-09-21 10:23:39,MPC cola Taller,Lucia Sosa,1234567890,yes,26,270,296,SIP/650
2026-09-21 10:23:28,CM cola Taller,Sofia Montaño,1234567890,yes,10,315,325,SIP/656
2026-09-21 10:14:39,CM cola Taller,Camila Mias,251,yes,7,54,61,SIP/251
2026-09-21 10:03:34,CM cola Taller,Sabrina Mercado,503,yes,4,67,71,SIP/250
2026-09-21 09:59:31,SF cola Taller,Sofia Montaño,1234567890,yes,10,47,57,SIP/656
2026-09-21 09:55:55,CM cola Taller,Sabrina Mercado,250,yes,22,67,89,SIP/250
2026-09-21 09:51:01,CM cola Taller,Sofia Montaño,1234567890,yes,117,153,270,SIP/656
2026-09-21 09:50:51,SF cola Taller,Lucia Sosa,1234567890,yes,210,234,444,SIP/650
2026-09-21 09:50:38,CM cola Taller,Lucia Sosa,1234567890,yes,150,40,190,SIP/650
2026-09-21 09:47:26,CM cola Taller,Rodrigo Funes,571,yes,16,23,39,SIP/571
2026-09-21 09:44:21,CM cola Taller,Lucia Sosa,1234567890,yes,42,385,427,SIP/650
2026-09-21 09:42:54,CM cola Taller,Sofia Montaño,1234567890,yes,94,153,247,SIP/656
2026-09-21 09:37:30,CM cola Taller,Lucia Sosa,1234567890,yes,273,142,415,SIP/650
2026-09-21 09:34:34,CM cola Taller,Sofia Montaño,1234567890,yes,150,361,511,SIP/656
2026-09-21 09:33:27,CM cola Taller,,1234567890,no,3,0,0,
2026-09-21 09:33:13,CM cola Taller,,251,no,59,0,0,
2026-09-21 09:27:53,SF cola Taller,Lucia Sosa,1234567890,yes,107,301,408,SIP/650
2026-09-21 09:26:28,SF cola Taller,Sofia Montaño,1234567890,yes,409,183,592,SIP/656
2026-09-21 09:26:27,CM cola Taller,,1234567890,no,252,0,0,
2026-09-21 09:26:22,CM cola Taller,Lucia Sosa,1234567890,yes,535,304,839,SIP/650
2026-09-21 09:24:06,CM cola Taller,Matias Villafane,502,yes,491,56,547,SIP/502
2026-09-21 09:21:34,CM cola Taller,Sofia Montaño,1234567890,yes,280,98,378,SIP/656
2026-09-21 09:21:27,CM cola Taller,,1234567890,no,93,0,0,
2026-09-21 09:13:33,CM cola Taller,,1234567890,no,28,0,0,
2026-09-21 09:12:50,CM cola Taller,Sofia Montaño,1234567890,yes,572,174,746,SIP/656
2026-09-21 09:12:33,CM cola Taller,Lucia Sosa,1234567890,yes,126,399,525,SIP/650
2026-09-21 09:11:52,CM cola Taller,,1234567890,no,1,0,0,
2026-09-21 09:11:03,CM cola Taller,Sofia Montaño,1234567890,yes,191,362,553,SIP/656
2026-09-21 09:09:09,MPC cola Taller,,1234567890,no,40,0,0,
2026-09-21 09:05:53,MPC cola Taller,Lucia Sosa,1234567890,yes,101,209,310,SIP/650
2026-09-21 09:03:15,CM cola Taller,,1234567890,no,137,0,0,
2026-09-21 09:01:30,CM cola Taller,,1234567890,no,64,0,0,
2026-09-21 08:58:01,CM cola Taller,Sofia Montaño,1234567890,yes,163,704,867,SIP/656
2026-09-21 08:56:30,CM cola Taller,,1234567890,no,8,0,0,
2026-09-21 08:55:16,CM cola Taller,Lucia Sosa,1234567890,yes,366,265,631,SIP/650
2026-09-21 08:54:17,SF cola Taller,Sofia Montaño,1234567890,yes,143,224,367,SIP/656
2026-09-21 08:49:29,SF cola Taller,Sofia Montaño,1234567890,yes,116,308,424,SIP/656
2026-09-21 08:46:58,CM cola Taller,Lucia Sosa,1234567890,yes,458,177,635,SIP/650
2026-09-21 08:46:39,CM cola Taller,Sofia Montaño,1234567890,yes,22,233,255,SIP/656
2026-09-21 08:43:51,CM cola Taller,Lucia Sosa,1234567890,yes,122,487,609,SIP/650
2026-09-21 08:41:56,MPC cola Taller,Sofia Montaño,1234567890,yes,94,182,276,SIP/656
2026-09-21 08:39:56,CM cola Taller,Lucia Sosa,1234567890,yes,14,308,322,SIP/650
2026-09-21 08:36:56,MPC cola Taller,Sofia Montaño,1234567890,yes,3,377,380,SIP/656
2026-09-21 08:33:06,CM cola Taller,Lucia Sosa,1234567890,yes,121,119,240,SIP/650
2026-09-21 08:32:52,MPC cola Taller,Sofia Montaño,1234567890,yes,8,113,121,SIP/656
2026-09-21 08:30:41,MPC cola Taller,Lucia Sosa,1234567890,yes,5,233,238,SIP/650
2026-09-21 08:18:14,CM cola Taller,Sofia Montaño,1234567890,yes,18,223,241,SIP/656
2026-09-21 08:04:41,CM cola Taller,Lucia Sosa,1234567890,yes,68,170,238,SIP/650
2026-09-21 08:04:27,CM cola Taller,Lucia Sosa,1234567890,yes,14,49,63,SIP/650
2026-09-18 17:51:43,CM cola Taller,,1234567890,no,587,0,0,
2026-09-18 17:43:38,CM cola Taller,,1234567890,no,569,0,0,
2026-09-18 17:01:11,CM cola Taller,,1234567890,no,277,0,0,
2026-09-18 16:59:21,CM cola Taller,,1234567890,no,31,0,0,
2026-09-18 16:53:23,CM cola Taller,Rocío Cornejo,1234567890,yes,118,149,267,SIP/651
2026-09-18 16:49:52,CM cola Taller,Lucia Sosa,1234567890,yes,236,286,522,SIP/650
2026-09-18 16:38:43,MPC cola Taller,Lucia Sosa,1234567890,yes,33,186,219,SIP/650
2026-09-18 16:30:02,CM cola Taller,Sabrina Mercado,250,yes,118,84,202,SIP/250
2026-09-18 16:21:06,CM cola Taller,Rocío Cornejo,1234567890,yes,5,579,584,SIP/651
2026-09-18 16:17:45,CM cola Taller,Lucia Sosa,1234567890,yes,245,341,586,SIP/650
2026-09-18 16:16:11,CM cola Taller,Rocío Cornejo,1234567890,yes,218,61,279,SIP/651
2026-09-18 16:11:24,CM cola Taller,,1234567890,no,235,0,0,
2026-09-18 15:57:31,CM cola Taller,Rocío Cornejo,1234567890,yes,177,101,278,SIP/651
2026-09-18 15:56:19,SF cola Taller,Rocío Cornejo,1234567890,yes,12,222,234,SIP/651
2026-09-18 15:56:13,CM cola Taller,Lucia Sosa,1234567890,yes,11,292,303,SIP/650
2026-09-18 15:41:33,CM cola Taller,Rocío Cornejo,1234567890,yes,12,272,284,SIP/651
2026-09-18 15:36:10,CM cola Taller,,1234567890,no,271,0,0,
2026-09-18 15:36:01,CM cola Taller,Lucia Sosa,1234567890,yes,27,276,303,SIP/650
2026-09-18 15:30:25,CM cola Taller,Rocío Cornejo,1234567890,yes,13,143,156,SIP/651
2026-09-18 15:26:15,CM cola Taller,Lucia Sosa,1234567890,yes,37,148,185,SIP/650
2026-09-18 15:19:19,CM cola Taller,Rocío Cornejo,1234567890,yes,5,148,153,SIP/651
2026-09-18 15:12:20,CM cola Taller,Rocío Cornejo,1234567890,yes,45,49,94,SIP/651
2026-09-18 15:11:50,MPC cola Taller,Lucia Sosa,1234567890,yes,37,52,89,SIP/650
2026-09-18 15:08:24,MPC cola Taller,Rocío Cornejo,1234567890,yes,17,65,82,SIP/651
2026-09-18 14:54:50,CM cola Taller,Lucia Sosa,1234567890,yes,24,435,459,SIP/650
2026-09-18 14:54:47,CM cola Taller,Rocío Cornejo,1234567890,yes,11,114,125,SIP/651
2026-09-18 14:34:34,CM cola Taller,Rocío Cornejo,1234567890,yes,12,301,313,SIP/651
2026-09-18 14:26:03,CM cola Taller,Rocío Cornejo,1234567890,yes,14,244,258,SIP/651
2026-09-18 14:23:32,CM cola Taller,Lucia Sosa,1234567890,yes,52,180,232,SIP/650
2026-09-18 14:17:46,CM cola Taller,Lucia Sosa,1234567890,yes,20,126,146,SIP/650
2026-09-18 14:15:16,CM cola Taller,Rocío Cornejo,1234567890,yes,7,47,54,SIP/651
2026-09-18 14:13:32,CM cola Taller,,1234567890,no,0,0,0,
2026-09-18 14:08:09,SF cola Taller,Lucia Sosa,1234567890,yes,7,261,268,SIP/650
2026-09-18 14:04:55,SF cola Taller,Rocío Cornejo,1234567890,yes,9,120,129,SIP/651
2026-09-18 12:47:55,CM cola Taller,Sabrina Mercado,250,yes,116,33,149,SIP/250
2026-09-18 12:42:35,CM cola Taller,Lucia Sosa,1234567890,yes,189,83,272,SIP/650
2026-09-18 12:40:00,CM cola Taller,Agustina Vargas,255,yes,11,24,35,SIP/255
2026-09-18 12:30:37,MPC cola Taller,,1234567890,no,420,0,0,
2026-09-18 12:30:21,CM cola Taller,Sabrina Mercado,502,yes,399,43,442,SIP/250
2026-09-18 12:24:51,CM cola Taller,,1234567890,no,101,0,0,
2026-09-18 12:22:46,CM cola Taller,Rocío Cornejo,1234567890,yes,120,126,246,SIP/651
2026-09-18 12:20:56,CM cola Taller,Sabrina Mercado,250,yes,35,43,78,SIP/250
2026-09-18 12:19:12,CM cola Taller,,1234567890,no,1,0,0,
2026-09-18 12:06:54,CM cola Taller,Lucia Sosa,1234567890,yes,17,146,163,SIP/650
2026-09-18 12:04:53,MPC cola Taller,Rocío Cornejo,1234567890,yes,44,100,144,SIP/651
2026-09-18 12:04:40,CM cola Taller,Rocío Cornejo,1234567890,yes,14,35,49,SIP/651
2026-09-18 12:00:02,CM cola Taller,Lucia Sosa,1234567890,yes,21,304,325,SIP/650
2026-09-18 11:54:52,MPC cola Taller,Rocío Cornejo,1234567890,yes,8,331,339,SIP/651
2026-09-18 11:38:07,SF cola Taller,Rocío Cornejo,1234567890,yes,10,257,267,SIP/651
2026-09-18 11:36:40,CM cola Taller,Lucia Sosa,1234567890,yes,45,543,588,SIP/650
2026-09-18 11:28:11,CM cola Taller,Rocío Cornejo,1234567890,yes,337,181,518,SIP/651
2026-09-18 11:26:35,CM cola Taller,,1234567890,no,354,0,0,
2026-09-18 11:24:58,CM cola Taller,Lucia Sosa,1234567890,yes,93,179,272,SIP/650
2026-09-18 11:19:26,CM cola Taller,,1234567890,no,0,0,0,
2026-09-18 11:18:34,CM cola Taller,,1234567890,no,196,0,0,
2026-09-18 11:17:45,CM cola Taller,,1234567890,no,288,0,0,
2026-09-18 11:13:12,CM cola Taller,,1234567890,no,661,0,0,
2026-09-18 11:12:16,CM cola Taller,Lucia Sosa,1234567890,yes,401,228,629,SIP/650
2026-09-18 11:10:56,CM cola Taller,,1234567890,no,1,0,0,
2026-09-18 11:08:12,SF cola Taller,,1234567890,no,421,0,0,
2026-09-18 11:06:23,CM cola Taller,Lucia Sosa,1234567890,yes,102,173,275,SIP/650
2026-09-18 11:02:40,CM cola Taller,,1234567890,no,118,0,0,
2026-09-18 10:57:09,CM cola Taller,Lucia Sosa,1234567890,yes,133,247,380,SIP/650
2026-09-18 10:54:20,CM cola Taller,Lucia Sosa,1234567890,yes,112,184,296,SIP/650
2026-09-18 10:51:42,CM cola Taller,Rocío Cornejo,1234567890,yes,510,469,979,SIP/651
2026-09-18 10:51:06,CM cola Taller,Rocío Cornejo,670,yes,10,12,22,SIP/651
2026-09-18 10:43:44,CM cola Taller,Rocío Cornejo,1234567890,yes,126,164,290,SIP/651
2026-09-18 10:38:58,CM cola Taller,Rocío Cornejo,1234567890,yes,230,175,405,SIP/651
2026-09-18 10:37:50,MPC cola Taller,,1234567890,no,163,0,0,
2026-09-18 10:37:36,SF cola Taller,Lucia Sosa,1234567890,yes,14,168,182,SIP/650
2026-09-18 10:37:33,CM cola Taller,Rocío Cornejo,1234567890,yes,91,210,301,SIP/651
2026-09-18 10:35:49,SF cola Taller,,1234567890,no,181,0,0,
2026-09-18 10:35:29,SF cola Taller,Lucia Sosa,1234567890,yes,11,47,58,SIP/650
2026-09-18 10:30:46,MPC cola Taller,Rocío Cornejo,1234567890,yes,29,102,131,SIP/651
2026-09-18 10:25:08,CM cola Taller,Rocío Cornejo,1234567890,yes,148,134,282,SIP/651
2026-09-18 10:25:05,CM cola Taller,Sabrina Mercado,250,yes,159,21,180,SIP/250
2026-09-18 10:21:04,CM cola Taller,,1234567890,no,79,0,0,
2026-09-18 10:20:10,CM cola Taller,Rocío Cornejo,1234567890,yes,11,278,289,SIP/651
2026-09-18 10:17:48,CM cola Taller,Lucia Sosa,1234567890,yes,72,306,378,SIP/650
2026-09-18 10:17:19,CM cola Taller,Rocío Cornejo,1234567890,yes,5,156,161,SIP/651
2026-09-18 10:10:29,CM cola Taller,Lucia Sosa,499,yes,19,259,278,SIP/650
2026-09-18 10:04:59,CM cola Taller,Rocío Cornejo,1234567890,yes,82,144,226,SIP/651
2026-09-18 10:04:45,CM cola Taller,Lucia Sosa,1234567890,yes,33,259,292,SIP/650
2026-09-18 09:58:02,CM cola Taller,,1234567890,no,176,0,0,
2026-09-18 09:39:12,CM cola Taller,Rocío Cornejo,1234567890,yes,41,92,133,SIP/651
2026-09-18 09:27:40,CM cola Taller,Rocío Cornejo,1234567890,yes,11,38,49,SIP/651
2026-09-18 09:26:46,SF cola Taller,Lucia Sosa,1234567890,yes,6,188,194,SIP/650
2026-09-18 09:20:38,CM cola Taller,Rocío Cornejo,1234567890,yes,11,188,199,SIP/651
2026-09-18 09:19:16,CM cola Taller,Lucia Sosa,1234567890,yes,89,103,192,SIP/650
2026-09-18 09:18:35,CM cola Taller,Rocío Cornejo,1234567890,yes,11,108,119,SIP/651
2026-09-18 09:03:21,MPC cola Taller,Rocío Cornejo,1234567890,yes,63,69,132,SIP/651
2026-09-18 09:03:15,CM cola Taller,Lucia Sosa,1234567890,yes,8,162,170,SIP/650
2026-09-18 08:56:59,CM cola Taller,Rocío Cornejo,1234567890,yes,8,82,90,SIP/651
2026-09-18 08:53:48,CM cola Taller,Lucia Sosa,1234567890,yes,9,138,147,SIP/650
2026-09-18 08:51:53,CM cola Taller,Rocío Cornejo,1234567890,yes,12,193,205,SIP/651
2026-09-18 08:42:30,MPC cola Taller,Lucia Sosa,1234567890,yes,15,94,109,SIP/650
2026-09-18 08:25:31,SF cola Taller,Lucia Sosa,1234567890,yes,9,62,71,SIP/650
2026-09-18 08:24:15,CM cola Taller,,1234567890,no,11,0,0,
2026-09-18 08:16:28,CM cola Taller,Rocío Cornejo,1234567890,yes,5,539,544,SIP/651
2026-09-18 08:12:25,CM cola Taller,Lucia Sosa,1234567890,yes,26,186,212,SIP/650
2026-09-17 17:52:48,CM cola Taller,,1234567890,no,354,0,0,
2026-09-17 17:48:32,CM cola Taller,,1234567890,no,442,0,0,
2026-09-17 17:44:01,CM cola Taller,,1234567890,no,337,0,0,
2026-09-17 17:42:40,CM cola Taller,,1234567890,no,611,0,0,
2026-09-17 17:40:10,CM cola Taller,,1234567890,no,262,0,0,
2026-09-17 17:20:55,CM cola Taller,,1234567890,no,1220,0,0,
2026-09-17 17:16:11,CM cola Taller,,1234567890,no,355,0,0,
2026-09-17 17:08:29,CM cola Taller,,1234567890,no,362,0,0,
2026-09-17 16:58:17,CM cola Taller,,1234567890,no,272,0,0,
2026-09-17 16:55:30,CM cola Taller,,1234567890,no,87,0,0,
2026-09-17 16:55:00,CM cola Taller,Sabrina Mercado,250,yes,759,28,787,SIP/250
2026-09-17 16:54:33,CM cola Taller,,1234567890,no,71,0,0,
2026-09-17 16:49:09,CM cola Taller,,1234567890,no,255,0,0,
2026-09-17 16:46:37,CM cola Taller,,1234567890,no,2064,0,0,
2026-09-17 16:46:00,CM cola Taller,,1234567890,no,296,0,0,
2026-09-17 16:40:09,MPC cola Taller,Lucia Sosa,1234567890,yes,145,332,477,SIP/650
2026-09-17 16:26:51,MPC cola Taller,,1234567890,no,411,0,0,
2026-09-17 16:25:53,MPC cola Taller,,1234567890,no,19,0,0,
2026-09-17 16:25:22,MPC cola Taller,Rocío Cornejo,1234567890,yes,63,341,404,SIP/651
2026-09-17 16:25:19,CM cola Taller,Lucia Sosa,1234567890,yes,12,161,173,SIP/650
2026-09-17 16:14:42,CM cola Taller,Lucia Sosa,1234567890,yes,83,201,284,SIP/650
2026-09-17 16:11:27,CM cola Taller,Rocío Cornejo,1234567890,yes,101,108,209,SIP/651
2026-09-17 16:08:34,CM cola Taller,Rocío Cornejo,1234567890,yes,184,68,252,SIP/651
2026-09-17 16:06:46,CM cola Taller,Rocío Cornejo,1234567890,yes,129,103,232,SIP/651
2026-09-17 16:06:04,CM cola Taller,Rocío Cornejo,1234567890,yes,9,142,151,SIP/651
2026-09-17 16:02:29,CM cola Taller,Lucia Sosa,1234567890,yes,181,199,380,SIP/650
2026-09-17 15:55:53,SF cola Taller,Lucia Sosa,1234567890,yes,63,94,157,SIP/650
2026-09-17 15:51:48,MPC cola Taller,Rocío Cornejo,1234567890,yes,414,87,501,SIP/651
2026-09-17 15:35:28,CM cola Taller,Rocío Cornejo,1234567890,yes,22,241,263,SIP/651
2026-09-17 15:25:59,CM cola Taller,,1234567890,no,62,0,0,
2026-09-17 15:24:31,CM cola Taller,,1234567890,no,107,0,0,
2026-09-17 15:24:23,CM cola Taller,Rocío Cornejo,1234567890,yes,203,105,308,SIP/651
2026-09-17 15:19:10,CM cola Taller,Sabrina Mercado,250,yes,267,58,325,SIP/250
2026-09-17 15:16:28,CM cola Taller,,1234567890,no,1,0,0,
2026-09-17 15:14:10,SF cola Taller,Rocío Cornejo,1234567890,yes,57,153,210,SIP/651
2026-09-17 15:11:30,MPC cola Taller,Lucia Sosa,1234567890,yes,195,133,328,SIP/650
2026-09-17 15:10:18,CM cola Taller,Lucia Sosa,1234567890,yes,12,144,156,SIP/650
2026-09-17 15:06:42,CM cola Taller,Rocío Cornejo,1234567890,yes,13,211,224,SIP/651
2026-09-17 14:59:35,CM cola Taller,Rocío Cornejo,1234567890,yes,35,155,190,SIP/651
2026-09-17 14:58:37,CM cola Taller,Lucia Sosa,1234567890,yes,22,129,151,SIP/650
2026-09-17 14:53:21,MPC cola Taller,Rocío Cornejo,1234567890,yes,9,315,324,SIP/651
2026-09-17 14:48:46,MPC cola Taller,Rocío Cornejo,1234567890,yes,16,36,52,SIP/651
2026-09-17 14:39:10,SF cola Taller,Rocío Cornejo,1234567890,yes,101,282,383,SIP/651
2026-09-17 14:37:47,MPC cola Taller,Lucia Sosa,1234567890,yes,10,568,578,SIP/650
2026-09-17 14:30:02,CM cola Taller,Rocío Cornejo,1234567890,yes,28,132,160,SIP/651
2026-09-17 14:25:06,MPC cola Taller,Rocío Cornejo,1234567890,yes,31,58,89,SIP/651
2026-09-17 14:22:54,CM cola Taller,Rocío Cornejo,1234567890,yes,58,67,125,SIP/651
2026-09-17 14:22:39,CM cola Taller,Lucia Sosa,1234567890,yes,25,31,56,SIP/650
2026-09-17 14:22:22,CM cola Taller,Rocío Cornejo,1234567890,yes,19,39,58,SIP/651
2026-09-17 14:17:58,MPC cola Taller,Lucia Sosa,1234567890,yes,6,194,200,SIP/650
2026-09-17 14:11:54,CM cola Taller,Rocío Cornejo,1234567890,yes,78,101,179,SIP/651
2026-09-17 14:09:25,CM cola Taller,Lucia Sosa,1234567890,yes,31,46,77,SIP/650
2026-09-17 14:07:10,SF cola Taller,Rocío Cornejo,1234567890,yes,89,126,215,SIP/651
2026-09-17 14:06:27,CM cola Taller,Lucia Sosa,1234567890,yes,53,103,156,SIP/650
2026-09-17 14:06:12,CM cola Taller,Rocío Cornejo,1234567890,yes,25,115,140,SIP/651
2026-09-17 12:53:55,CM cola Taller,Lucia Sosa,503,yes,12,216,228,SIP/650
2026-09-17 12:42:57,CM cola Taller,Rocío Cornejo,1234567890,yes,91,34,125,SIP/651
2026-09-17 12:41:39,CM cola Taller,,1234567890,no,87,0,0,
2026-09-17 12:40:16,SF cola Taller,Lucia Sosa,1234567890,yes,15,216,231,SIP/650
2026-09-17 12:28:11,CM cola Taller,Sabrina Mercado,250,yes,25,163,188,SIP/250
2026-09-17 12:24:26,CM cola Taller,Lucia Sosa,502,yes,127,178,305,SIP/650
2026-09-17 12:19:43,CM cola Taller,,1234567890,no,193,0,0,
2026-09-17 12:18:33,CM cola Taller,Rocío Cornejo,1234567890,yes,119,474,593,SIP/651
2026-09-17 12:16:46,CM cola Taller,,1234567890,no,56,0,0,
2026-09-17 12:14:57,CM cola Taller,Lucia Sosa,1234567890,yes,95,178,273,SIP/650
2026-09-17 12:10:54,CM cola Taller,Lucia Sosa,1234567890,yes,20,95,115,SIP/650
2026-09-17 12:04:09,CM cola Taller,,1234567890,no,1,0,0,
2026-09-17 11:58:42,CM cola Taller,Rocío Cornejo,1234567890,yes,9,74,83,SIP/651
2026-09-17 11:53:15,MPC cola Taller,Lucia Sosa,1234567890,yes,42,191,233,SIP/650
2026-09-17 11:51:42,CM cola Taller,Lucia Sosa,1234567890,yes,15,89,104,SIP/650
2026-09-17 11:44:56,CM cola Taller,Rocío Cornejo,1234567890,yes,22,196,218,SIP/651
2026-09-17 11:44:54,CM cola Taller,Lucia Sosa,1234567890,yes,14,159,173,SIP/650
2026-09-17 11:36:22,CM cola Taller,Rocío Cornejo,1234567890,yes,18,159,177,SIP/651
2026-09-17 11:29:43,CM cola Taller,Agustina Vargas,255,yes,20,75,95,SIP/255
2026-09-17 11:27:26,MPC cola Taller,Rocío Cornejo,1234567890,yes,18,131,149,SIP/651
2026-09-17 11:24:04,CM cola Taller,Lucia Sosa,499,yes,38,92,130,SIP/650
2026-09-17 11:22:54,CM cola Taller,Rocío Cornejo,1234567890,yes,15,231,246,SIP/651
2026-09-17 11:19:01,SF cola Taller,,1234567890,no,174,0,0,
2026-09-17 11:18:45,CM cola Taller,Rocío Cornejo,1234567890,yes,67,119,186,SIP/651
2026-09-17 11:17:28,SF cola Taller,Rocío Cornejo,1234567890,yes,3,126,129,SIP/651
2026-09-17 11:17:13,CM cola Taller,Lucia Sosa,1234567890,yes,15,92,107,SIP/650
2026-09-17 11:06:55,CM cola Taller,Sabrina Mercado,250,yes,12,23,35,SIP/250
2026-09-17 11:00:04,MPC cola Taller,Lucia Sosa,1234567890,yes,264,117,381,SIP/650
2026-09-17 10:52:28,CM cola Taller,,499,yes,454,18,472,SIP/499
2026-09-17 10:52:19,CM cola Taller,Sabrina Mercado,250,yes,314,18,332,SIP/250
2026-09-17 10:50:55,CM cola Taller,Lucia Sosa,1234567890,yes,461,111,572,SIP/650
2026-09-17 10:50:24,CM cola Taller,Rocío Cornejo,1234567890,yes,91,311,402,SIP/651
2026-09-17 10:41:20,MPC cola Taller,Rocío Cornejo,1234567890,yes,13,122,135,SIP/651
2026-09-17 10:26:23,CM cola Taller,,1234567890,no,253,0,0,
2026-09-17 10:25:57,CM cola Taller,Lucia Sosa,1234567890,yes,341,112,453,SIP/650
2026-09-17 10:22:30,CM cola Taller,Rocío Cornejo,1234567890,yes,619,141,760,SIP/651
2026-09-17 10:22:15,CM cola Taller,Rocío Cornejo,1234567890,yes,269,84,353,SIP/651
2026-09-17 10:21:56,CM cola Taller,Lucia Sosa,1234567890,yes,168,299,467,SIP/650
2026-09-17 10:21:27,CM cola Taller,Lucia Sosa,1234567890,yes,41,120,161,SIP/650
2026-09-17 10:16:57,CM cola Taller,Lucia Sosa,1234567890,yes,194,35,229,SIP/650
2026-09-17 10:15:51,CM cola Taller,Rocío Cornejo,1234567890,yes,153,75,228,SIP/651
2026-09-17 10:07:09,CM cola Taller,Rocío Cornejo,1234567890,yes,264,148,412,SIP/651
2026-09-17 10:06:15,CM cola Taller,Lucia Sosa,1234567890,yes,233,506,739,SIP/650
2026-09-17 10:03:17,CM cola Taller,,1234567890,no,473,0,0,
2026-09-17 10:00:34,CM cola Taller,,1234567890,no,192,0,0,
2026-09-17 09:58:12,CM cola Taller,Lucia Sosa,1234567890,yes,29,649,678,SIP/650
2026-09-17 09:56:43,CM cola Taller,Rocío Cornejo,1234567890,yes,8,245,253,SIP/651
2026-09-17 09:55:15,CM cola Taller,,1234567890,no,1,0,0,
2026-09-17 09:47:34,CM cola Taller,Rocío Cornejo,1234567890,yes,29,90,119,SIP/651
2026-09-17 09:46:42,CM cola Taller,Lucia Sosa,1234567890,yes,24,120,144,SIP/650
2026-09-17 09:30:09,CM cola Taller,Rocío Cornejo,1234567890,yes,204,186,390,SIP/651
2026-09-17 09:29:47,CM cola Taller,Lucia Sosa,1234567890,yes,221,228,449,SIP/650
2026-09-17 09:29:25,MPC cola Taller,Rocío Cornejo,1234567890,yes,3,230,233,SIP/651
2026-09-17 09:26:38,MPC cola Taller,Lucia Sosa,1234567890,yes,6,350,356,SIP/650
2026-09-17 09:19:05,MPC cola Taller,Rocío Cornejo,1234567890,yes,7,104,111,SIP/651
2026-09-17 09:15:38,CM cola Taller,Rocío Cornejo,1234567890,yes,6,74,80,SIP/651
2026-09-17 09:12:01,CM cola Taller,Lucia Sosa,1234567890,yes,13,269,282,SIP/650
2026-09-17 09:10:17,MPC cola Taller,Rocío Cornejo,1234567890,yes,10,127,137,SIP/651
2026-09-17 09:09:17,CM cola Taller,Lucia Sosa,1234567890,yes,7,152,159,SIP/650
2026-09-17 09:03:07,CM cola Taller,Rocío Cornejo,1234567890,yes,8,364,372,SIP/651
2026-09-17 08:42:05,CM cola Taller,Rocío Cornejo,1234567890,yes,8,100,108,SIP/651
2026-09-17 08:39:09,CM cola Taller,,499,yes,10,38,48,SIP/499
2026-09-17 08:19:51,CM cola Taller,Lucia Sosa,1234567890,yes,84,138,222,SIP/650
2026-09-17 08:18:00,CM cola Taller,Rocío Cornejo,1234567890,yes,2,200,202,SIP/651
2026-09-17 08:03:52,CM cola Taller,Sabrina Mercado,250,yes,95,18,113,SIP/250
2026-09-17 08:02:11,CM cola Taller,Rocío Cornejo,1234567890,yes,61,121,182,SIP/651
2026-09-16 17:22:30,CM cola Taller,,1234567890,no,638,0,0,
2026-09-16 17:17:00,CM cola Taller,,1234567890,no,365,0,0,
2026-09-16 17:08:42,CM cola Taller,,1234567890,no,0,0,0,
2026-09-16 17:02:40,CM cola Taller,,1234567890,no,659,0,0,
2026-09-16 16:54:32,CM cola Taller,,1234567890,no,77,0,0,
2026-09-16 16:51:47,CM cola Taller,,1234567890,no,200,0,0,
2026-09-16 16:45:16,SF cola Taller,,1234567890,no,142,0,0,
2026-09-16 16:38:10,CM cola Taller,,1234567890,no,370,0,0,
2026-09-16 16:35:15,MPC cola Taller,,1234567890,no,421,0,0,
2026-09-16 16:34:16,CM cola Taller,Sabrina Mercado,250,yes,836,214,1050,SIP/250
2026-09-16 16:27:28,MPC cola Taller,,1234567890,no,126,0,0,
2026-09-16 16:27:10,CM cola Taller,,1234567890,no,80,0,0,
2026-09-16 16:26:30,CM cola Taller,Rocío Cornejo,1234567890,yes,255,770,1025,SIP/651
2026-09-16 16:24:51,MPC cola Taller,Rocío Cornejo,1234567890,yes,300,41,341,SIP/651
2026-09-16 16:23:13,MPC cola Taller,,1234567890,no,190,0,0,
2026-09-16 16:11:34,CM cola Taller,Rocío Cornejo,250,yes,287,230,517,SIP/651
2026-09-16 16:10:03,CM cola Taller,Rocío Cornejo,502,yes,203,149,352,SIP/651
2026-09-16 16:09:26,MPC cola Taller,,1234567890,no,420,0,0,
2026-09-16 16:06:06,CM cola Taller,Rocío Cornejo,1234567890,yes,7,149,156,SIP/651
2026-09-16 15:58:26,CM cola Taller,Rocío Cornejo,1234567890,yes,17,236,253,SIP/651
2026-09-16 15:54:03,MPC cola Taller,Rocío Cornejo,1234567890,yes,87,131,218,SIP/651
2026-09-16 15:50:00,CM cola Taller,,1234567890,no,305,0,0,
2026-09-16 15:49:02,CM cola Taller,,1234567890,no,89,0,0,
2026-09-16 15:48:47,MPC cola Taller,,1234567890,no,263,0,0,
2026-09-16 15:45:01,CM cola Taller,,1234567890,no,203,0,0,
2026-09-16 15:39:30,MPC cola Taller,Rocío Cornejo,1234567890,yes,135,179,314,SIP/651
2026-09-16 15:39:06,CM cola Taller,,1234567890,no,137,0,0,
2026-09-16 15:32:29,CM cola Taller,Rocío Cornejo,1234567890,yes,820,344,1164,SIP/651
2026-09-16 15:32:22,SF cola Taller,Rocío Cornejo,1234567890,yes,167,151,318,SIP/651
2026-09-16 15:31:10,CM cola Taller,,1234567890,no,134,0,0,
2026-09-16 15:29:57,CM cola Taller,Rocío Cornejo,1234567890,yes,534,161,695,SIP/651
2026-09-16 15:29:29,CM cola Taller,,1234567890,no,260,0,0,
2026-09-16 15:27:04,CM cola Taller,,1234567890,no,365,0,0,
2026-09-16 15:26:16,SF cola Taller,Rocío Cornejo,1234567890,yes,293,222,515,SIP/651
2026-09-16 15:24:21,CM cola Taller,Rocío Cornejo,1234567890,yes,820,35,855,SIP/651
2026-09-16 15:21:17,CM cola Taller,Sabrina Mercado,250,yes,203,29,232,SIP/250
2026-09-16 15:21:10,SF cola Taller,,1234567890,no,237,0,0,
2026-09-16 15:16:28,CM cola Taller,Rocío Cornejo,1234567890,yes,404,79,483,SIP/651
2026-09-16 15:15:09,CM cola Taller,Rocío Cornejo,1234567890,yes,304,171,475,SIP/651
2026-09-16 15:12:25,CM cola Taller,Sabrina Mercado,250,yes,192,16,208,SIP/250
2026-09-16 15:08:53,CM cola Taller,,1234567890,no,1,0,0,
2026-09-16 15:08:38,CM cola Taller,Rocío Cornejo,1234567890,yes,224,164,388,SIP/651
2026-09-16 15:05:50,CM cola Taller,Rocío Cornejo,1234567890,yes,12,332,344,SIP/651
2026-09-16 14:52:06,CM cola Taller,Rocío Cornejo,1234567890,yes,7,375,382,SIP/651
2026-09-16 14:48:36,CM cola Taller,Rocío Cornejo,1234567890,yes,7,58,65,SIP/651
2026-09-16 14:35:22,CM cola Taller,Rocío Cornejo,1234567890,yes,101,70,171,SIP/651
2026-09-16 14:34:46,CM cola Taller,Rocío Cornejo,1234567890,yes,12,117,129,SIP/651
2026-09-16 14:27:16,CM cola Taller,Sabrina Mercado,250,yes,122,45,167,SIP/250
2026-09-16 14:25:31,MPC cola Taller,Rocío Cornejo,1234567890,yes,78,138,216,SIP/651
2026-09-16 14:19:43,CM cola Taller,Rocío Cornejo,1234567890,yes,76,72,148,SIP/651
2026-09-16 14:16:31,CM cola Taller,,1234567890,no,149,0,0,
2026-09-16 14:14:30,CM cola Taller,,1234567890,no,68,0,0,
2026-09-16 14:13:35,CM cola Taller,Martin Jalil,503,yes,203,32,235,SIP/503
2026-09-16 14:11:13,CM cola Taller,Rocío Cornejo,1234567890,yes,188,151,339,SIP/651
2026-09-16 14:03:39,CM cola Taller,Sabrina Mercado,250,yes,306,37,343,SIP/250
2026-09-16 14:01:43,CM cola Taller,Rocío Cornejo,1234567890,yes,16,243,259,SIP/651
2026-09-16 12:56:12,MPC cola Taller,,1234567890,no,254,0,0,
2026-09-16 12:54:53,CM cola Taller,,1234567890,no,437,0,0,
2026-09-16 12:53:41,CM cola Taller,,1234567890,no,91,0,0,
2026-09-16 12:52:05,CM cola Taller,Rocío Cornejo,1234567890,yes,206,498,704,SIP/651
2026-09-16 12:48:51,CM cola Taller,Rocío Cornejo,1234567890,yes,14,329,343,SIP/651
2026-09-16 12:45:28,CM cola Taller,Sabrina Mercado,250,yes,51,28,79,SIP/250
2026-09-16 12:39:13,CM cola Taller,Rocío Cornejo,1234567890,yes,8,74,82,SIP/651
2026-09-16 12:33:42,CM cola Taller,Sabrina Mercado,250,yes,10,35,45,SIP/250
2026-09-16 12:28:51,CM cola Taller,,1234567890,no,136,0,0,
2026-09-16 12:22:30,CM cola Taller,Rocío Cornejo,1234567890,yes,423,212,635,SIP/651
2026-09-16 12:21:13,CM cola Taller,Sabrina Mercado,250,yes,304,15,319,SIP/250
2026-09-16 12:20:45,CM cola Taller,Rocío Cornejo,1234567890,yes,455,55,510,SIP/651
2026-09-16 12:18:29,CM cola Taller,Rocío Cornejo,1234567890,yes,278,211,489,SIP/651
2026-09-16 12:12:10,CM cola Taller,Sabrina Mercado,250,yes,508,41,549,SIP/250
2026-09-16 12:08:16,CM cola Taller,Sabrina Mercado,250,yes,541,24,565,SIP/250
2026-09-16 12:07:51,CM cola Taller,,1234567890,no,244,0,0,
2026-09-16 12:07:01,CM cola Taller,,1234567890,no,2,0,0,
2026-09-16 12:06:41,SF cola Taller,Rocío Cornejo,1234567890,yes,58,131,189,SIP/651
2026-09-16 12:05:17,CM cola Taller,Rocío Cornejo,1234567890,yes,292,320,612,SIP/651
2026-09-16 12:03:29,CM cola Taller,,1234567890,no,105,0,0,
2026-09-16 12:02:26,MPC cola Taller,Rocío Cornejo,1234567890,yes,92,183,275,SIP/651
2026-09-16 12:01:13,MPC cola Taller,,1234567890,no,67,0,0,
2026-09-16 11:58:45,CM cola Taller,,1234567890,no,451,0,0,
2026-09-16 11:58:20,CM cola Taller,,1234567890,no,112,0,0,
2026-09-16 11:56:58,MPC cola Taller,Rocío Cornejo,1234567890,yes,7,332,339,SIP/651
2026-09-16 11:50:21,MPC cola Taller,,1234567890,no,275,0,0,
2026-09-16 11:46:04,CM cola Taller,Rocío Cornejo,1234567890,yes,279,258,537,SIP/651
2026-09-16 11:42:08,CM cola Taller,,1234567890,no,330,0,0,
2026-09-16 11:41:57,CM cola Taller,,1234567890,no,474,0,0,
2026-09-16 11:40:53,CM cola Taller,,1234567890,no,135,0,0,
2026-09-16 11:39:16,CM cola Taller,,1234567890,no,436,0,0,
2026-09-16 11:36:35,CM cola Taller,,1234567890,no,22,0,0,
2026-09-16 11:36:15,CM cola Taller,Rocío Cornejo,1234567890,yes,675,182,857,SIP/651
2026-09-16 11:27:06,CM cola Taller,Sabrina Mercado,250,yes,716,39,755,SIP/250
2026-09-16 11:23:36,MPC cola Taller,Rocío Cornejo,1234567890,yes,149,258,407,SIP/651
2026-09-16 11:23:22,CM cola Taller,,1234567890,no,581,0,0,
2026-09-16 11:22:44,CM cola Taller,,1234567890,no,178,0,0,
2026-09-16 11:22:16,MPC cola Taller,,1234567890,no,41,0,0,
2026-09-16 11:20:28,CM cola Taller,Sabrina Mercado,250,yes,770,38,808,SIP/250
2026-09-16 11:20:09,CM cola Taller,,1234567890,no,141,0,0,
2026-09-16 11:13:42,CM cola Taller,Rocío Cornejo,1234567890,yes,386,252,638,SIP/651
2026-09-16 11:12:28,MPC cola Taller,Rocío Cornejo,1234567890,yes,178,272,450,SIP/651
2026-09-16 11:09:50,CM cola Taller,,1234567890,no,432,0,0,
2026-09-16 11:07:02,CM cola Taller,,1234567890,no,332,0,0,
2026-09-16 11:04:48,CM cola Taller,Rocío Cornejo,1234567890,yes,259,213,472,SIP/651
2026-09-16 11:01:13,CM cola Taller,,1234567890,no,915,0,0,
2026-09-16 11:01:03,SF cola Taller,,1234567890,no,183,0,0,
2026-09-16 10:58:33,CM cola Taller,Rocío Cornejo,1234567890,yes,433,100,533,SIP/651
2026-09-16 10:57:37,CM cola Taller,Rocío Cornejo,1234567890,yes,67,262,329,SIP/651
2026-09-16 10:56:41,MPC cola Taller,Rocío Cornejo,1234567890,yes,392,146,538,SIP/651
2026-09-16 10:54:52,SF cola Taller,Rocío Cornejo,1234567890,yes,42,180,222,SIP/651
2026-09-16 10:51:12,CM cola Taller,,1234567890,no,96,0,0,
2026-09-16 10:47:47,MPC cola Taller,Rocío Cornejo,1234567890,yes,229,233,462,SIP/651
2026-09-16 10:46:25,CM cola Taller,,1234567890,no,322,0,0,
2026-09-16 10:45:38,CM cola Taller,Sabrina Mercado,250,yes,497,36,533,SIP/250
2026-09-16 10:44:54,CM cola Taller,,1234567890,no,291,0,0,
2026-09-16 10:44:33,CM cola Taller,Rocío Cornejo,1234567890,yes,118,195,313,SIP/651
2026-09-16 10:29:13,CM cola Taller,Rocío Cornejo,1234567890,yes,781,247,1028,SIP/651
2026-09-16 10:27:54,SF cola Taller,Rocío Cornejo,1234567890,yes,242,120,362,SIP/651
2026-09-16 10:27:40,CM cola Taller,,1234567890,no,159,0,0,
2026-09-16 10:26:13,CM cola Taller,,1234567890,no,663,0,0,
2026-09-16 10:25:38,CM cola Taller,,1234567890,no,388,0,0,
2026-09-16 10:25:14,CM cola Taller,,1234567890,no,221,0,0,
2026-09-16 10:21:33,CM cola Taller,Rocío Cornejo,1234567890,yes,778,230,1008,SIP/651
2026-09-16 10:20:59,CM cola Taller,Rocío Cornejo,1234567890,yes,333,314,647,SIP/651
2026-09-16 10:19:19,CM cola Taller,Sabrina Mercado,250,yes,221,20,241,SIP/250
2026-09-16 10:16:41,CM cola Taller,,1234567890,no,203,0,0,
2026-09-16 10:10:44,CM cola Taller,Rocío Cornejo,1234567890,yes,342,355,697,SIP/651
2026-09-16 10:08:07,SF cola Taller,,1234567890,no,422,0,0,
2026-09-16 10:07:23,CM cola Taller,Rocío Cornejo,1234567890,yes,358,174,532,SIP/651
2026-09-16 10:06:03,CM cola Taller,Rocío Cornejo,1234567890,yes,196,223,419,SIP/651
2026-09-16 10:04:57,MPC cola Taller,,1234567890,no,292,0,0,
2026-09-16 10:03:02,MPC cola Taller,Rocío Cornejo,1234567890,yes,12,272,284,SIP/651
2026-09-16 09:56:50,CM cola Taller,Rocío Cornejo,1234567890,yes,12,220,232,SIP/651
2026-09-16 09:51:08,CM cola Taller,Rocío Cornejo,1234567890,yes,22,218,240,SIP/651
2026-09-16 09:45:44,CM cola Taller,Rocío Cornejo,1234567890,yes,7,148,155,SIP/651
2026-09-16 09:35:34,MPC cola Taller,Rocío Cornejo,1234567890,yes,304,165,469,SIP/651
2026-09-16 09:30:49,SF cola Taller,Rocío Cornejo,1234567890,yes,253,96,349,SIP/651
2026-09-16 09:29:12,MPC cola Taller,Rocío Cornejo,1234567890,yes,176,130,306,SIP/651
2026-09-16 09:28:43,CM cola Taller,,1234567890,no,712,0,0,
2026-09-16 09:28:27,CM cola Taller,Rocío Cornejo,1234567890,yes,516,187,703,SIP/651
2026-09-16 09:23:14,MPC cola Taller,,1234567890,no,423,0,0,
2026-09-16 09:21:15,CM cola Taller,Sabrina Mercado,250,yes,418,32,450,SIP/250
2026-09-16 09:15:42,MPC cola Taller,,1234567890,no,422,0,0,
2026-09-16 09:15:15,CM cola Taller,Rocío Cornejo,1234567890,yes,113,172,285,SIP/651
2026-09-16 09:14:11,CM cola Taller,Rocío Cornejo,1234567890,yes,377,260,637,SIP/651
2026-09-16 09:10:13,CM cola Taller,Rocío Cornejo,1234567890,yes,182,141,323,SIP/651
2026-09-16 09:09:02,CM cola Taller,Rocío Cornejo,1234567890,yes,48,148,196,SIP/651
2026-09-16 09:05:56,CM cola Taller,Rocío Cornejo,1234567890,yes,98,125,223,SIP/651
2026-09-16 09:04:24,CM cola Taller,Rocío Cornejo,1234567890,yes,90,93,183,SIP/651
2026-09-16 09:03:30,MPC cola Taller,Rocío Cornejo,1234567890,yes,12,115,127,SIP/651
2026-09-16 08:48:12,CM cola Taller,Rocío Cornejo,1234567890,yes,6,84,90,SIP/651
2026-09-16 08:41:34,CM cola Taller,Rocío Cornejo,1234567890,yes,96,56,152,SIP/651
2026-09-16 08:38:46,SF cola Taller,Rocío Cornejo,1234567890,yes,337,151,488,SIP/651
2026-09-16 08:38:15,CM cola Taller,Rocío Cornejo,1234567890,yes,10,213,223,SIP/651
2026-09-16 08:25:57,MPC cola Taller,Rocío Cornejo,1234567890,yes,14,223,237,SIP/651
2026-09-16 08:16:26,CM cola Taller,Rocío Cornejo,1234567890,yes,6,511,517,SIP/651
2026-09-16 08:07:54,CM cola Taller,Rocío Cornejo,1234567890,yes,225,90,315,SIP/651
2026-09-15 17:45:01,CM cola Taller,,1234567890,no,121,0,0,
2026-09-15 17:25:28,CM cola Taller,,1234567890,no,545,0,0,
2026-09-15 17:16:33,CM cola Taller,,1234567890,no,77,0,0,
2026-09-15 17:09:51,CM cola Taller,,1234567890,no,848,0,0,
2026-09-15 17:05:16,CM cola Taller,,1234567890,no,242,0,0,
2026-09-15 17:02:56,CM cola Taller,,1234567890,no,106,0,0,
2026-09-15 16:58:54,CM cola Taller,,1234567890,no,1073,0,0,
2026-09-15 16:52:49,CM cola Taller,,1234567890,no,643,0,0,
2026-09-15 16:50:13,CM cola Taller,,1234567890,no,804,0,0,
2026-09-15 16:46:32,CM cola Taller,,1234567890,no,306,0,0,
2026-09-15 16:38:31,CM cola Taller,,1234567890,no,135,0,0,
2026-09-15 16:37:55,CM cola Taller,,1234567890,no,279,0,0,
2026-09-15 16:31:06,CM cola Taller,Agustina Vargas,255,yes,391,13,404,SIP/255
2026-09-15 16:30:47,CM cola Taller,,1234567890,no,365,0,0,
2026-09-15 16:29:25,MPC cola Taller,,1234567890,no,422,0,0,
2026-09-15 16:25:31,CM cola Taller,,1234567890,no,471,0,0,
2026-09-15 16:24:36,CM cola Taller,,1234567890,no,331,0,0,
2026-09-15 16:24:28,CM cola Taller,,1234567890,no,170,0,0,
2026-09-15 16:23:54,MPC cola Taller,,1234567890,no,42,0,0,
2026-09-15 16:17:58,CM cola Taller,,1234567890,no,635,0,0,
2026-09-15 16:16:34,CM cola Taller,Sabrina Mercado,250,yes,260,43,303,SIP/250
2026-09-15 16:02:28,CM cola Taller,,1234567890,no,1705,0,0,
2026-09-15 16:01:01,CM cola Taller,,1234567890,no,77,0,0,
2026-09-15 15:50:44,CM cola Taller,,1234567890,no,614,0,0,
2026-09-15 15:49:41,CM cola Taller,Alma Cordoba,1234567890,yes,85,216,301,SIP/655
2026-09-15 15:46:10,SF cola Taller,Alma Cordoba,Anonymous,yes,104,70,174,SIP/655
2026-09-15 15:45:54,CM cola Taller,Rocío Cornejo,1234567890,yes,11,167,178,SIP/651
2026-09-15 15:29:20,CM cola Taller,Rocío Cornejo,1234567890,yes,31,383,414,SIP/651
2026-09-15 15:24:08,CM cola Taller,Alma Cordoba,1234567890,yes,19,167,186,SIP/655
2026-09-15 15:10:48,CM cola Taller,Rocío Cornejo,1234567890,yes,9,106,115,SIP/651
2026-09-15 15:04:01,CM cola Taller,Rocío Cornejo,1234567890,yes,103,101,204,SIP/651
2026-09-15 15:02:03,SF cola Taller,Alma Cordoba,1234567890,yes,25,100,125,SIP/655
2026-09-15 14:49:10,MPC cola Taller,Rocío Cornejo,1234567890,yes,93,115,208,SIP/651
2026-09-15 14:39:37,CM cola Taller,Sabrina Mercado,250,yes,15,25,40,SIP/250
2026-09-15 14:32:50,CM cola Taller,Alma Cordoba,1234567890,yes,5,238,243,SIP/655
2026-09-15 14:32:06,CM cola Taller,Rocío Cornejo,1234567890,yes,34,238,272,SIP/651
2026-09-15 14:30:06,CM cola Taller,Alma Cordoba,255,yes,17,1,18,SIP/655
2026-09-15 14:29:30,SF cola Taller,Rocío Cornejo,1234567890,yes,15,126,141,SIP/651
2026-09-15 14:15:39,CM cola Taller,Alma Cordoba,1234567890,yes,5,64,69,SIP/655
2026-09-15 14:13:56,CM cola Taller,Rocío Cornejo,1234567890,yes,63,216,279,SIP/651
2026-09-15 14:12:08,MPC cola Taller,Rocío Cornejo,1234567890,yes,30,124,154,SIP/651
2026-09-15 14:07:13,MPC cola Taller,Rocío Cornejo,1234567890,yes,21,158,179,SIP/651
2026-09-15 14:06:27,CM cola Taller,Alma Cordoba,1234567890,yes,9,119,128,SIP/655
2026-09-15 12:59:13,CM cola Taller,Rocío Cornejo,1234567890,yes,31,93,124,SIP/651
2026-09-15 12:57:03,CM cola Taller,Rocío Cornejo,1234567890,yes,12,43,55,SIP/651
2026-09-15 12:55:07,CM cola Taller,Rocío Cornejo,1234567890,yes,16,35,51,SIP/651
2026-09-15 12:51:58,CM cola Taller,Agustina Vargas,255,yes,20,29,49,SIP/255
2026-09-15 12:49:06,CM cola Taller,Sofia Montaño,255,yes,6,2,8,SIP/656
2026-09-15 12:43:10,MPC cola Taller,Alma Cordoba,1234567890,yes,22,120,142,SIP/655
2026-09-15 12:27:47,CM cola Taller,Rocío Cornejo,1234567890,yes,100,152,252,SIP/651
2026-09-15 12:26:33,CM cola Taller,Alma Cordoba,1234567890,yes,39,147,186,SIP/655
2026-09-15 12:25:00,SF cola Taller,Alma Cordoba,1234567890,yes,19,98,117,SIP/655
2026-09-15 12:22:48,MPC cola Taller,,1234567890,no,66,0,0,
2026-09-15 12:19:09,MPC cola Taller,,1234567890,no,92,0,0,
2026-09-15 12:17:12,CM cola Taller,,1234567890,no,113,0,0,
2026-09-15 12:13:46,MPC cola Taller,,1234567890,no,252,0,0,
2026-09-15 12:07:19,CM cola Taller,,1234567890,no,101,0,0,
2026-09-15 12:04:52,CM cola Taller,Rocío Cornejo,1234567890,yes,11,55,66,SIP/651
2026-09-15 12:00:22,CM cola Taller,Sofia Montaño,1234567890,yes,5,135,140,SIP/656
2026-09-15 11:56:30,CM cola Taller,Rocío Cornejo,1234567890,yes,7,278,285,SIP/651
2026-09-15 11:55:58,CM cola Taller,Sofia Montaño,1234567890,yes,4,132,136,SIP/656
2026-09-15 11:51:52,CM cola Taller,Sofia Montaño,1234567890,yes,127,42,169,SIP/656
2026-09-15 11:49:46,CM cola Taller,Sofia Montaño,1234567890,yes,10,177,187,SIP/656
2026-09-15 11:46:28,MPC cola Taller,Alma Cordoba,1234567890,yes,108,173,281,SIP/655
2026-09-15 11:45:30,CM cola Taller,Sofia Montaño,1234567890,yes,82,130,212,SIP/656
2026-09-15 11:42:29,CM cola Taller,,1234567890,no,182,0,0,
2026-09-15 11:42:18,MPC cola Taller,,1234567890,no,206,0,0,
2026-09-15 11:39:58,MPC cola Taller,Rocío Cornejo,1234567890,yes,183,108,291,SIP/651
2026-09-15 11:39:45,MPC cola Taller,,1234567890,no,102,0,0,
2026-09-15 11:38:31,CM cola Taller,,1234567890,no,157,0,0,
2026-09-15 11:36:47,MPC cola Taller,Alma Cordoba,1234567890,yes,49,333,382,SIP/655
2026-09-15 11:35:55,CM cola Taller,Alma Cordoba,1234567890,yes,489,184,673,SIP/655
2026-09-15 11:35:22,CM cola Taller,Sofia Montaño,1234567890,yes,55,153,208,SIP/656
2026-09-15 11:35:12,CM cola Taller,Sabrina Mercado,250,yes,19,39,58,SIP/250
2026-09-15 11:33:35,CM cola Taller,Alma Cordoba,1234567890,yes,20,115,135,SIP/655
2026-09-15 11:25:08,CM cola Taller,Rocío Cornejo,1234567890,yes,15,388,403,SIP/651
2026-09-15 11:20:49,MPC cola Taller,Alma Cordoba,1234567890,yes,5,130,135,SIP/655
2026-09-15 11:17:35,CM cola Taller,Sofia Montaño,1234567890,yes,115,197,312,SIP/656
2026-09-15 11:15:59,CM cola Taller,Alma Cordoba,1234567890,yes,17,163,180,SIP/655
2026-09-15 11:02:17,CM cola Taller,Sofia Montaño,1234567890,yes,15,193,208,SIP/656
2026-09-15 11:00:53,CM cola Taller,,1234567890,no,28,0,0,
2026-09-15 10:59:56,CM cola Taller,,1234567890,no,1,0,0,
2026-09-15 10:56:19,CM cola Taller,Alma Cordoba,1234567890,yes,23,91,114,SIP/655
2026-09-15 10:54:56,CM cola Taller,Sofia Montaño,1234567890,yes,4,197,201,SIP/656
2026-09-15 10:54:30,MPC cola Taller,Alma Cordoba,1234567890,yes,20,12,32,SIP/655
2026-09-15 10:49:02,CM cola Taller,Sofia Montaño,1234567890,yes,158,139,297,SIP/656
2026-09-15 10:47:51,CM cola Taller,Sabrina Mercado,250,yes,208,59,267,SIP/250
2026-09-15 10:46:02,CM cola Taller,Alma Cordoba,1234567890,yes,118,189,307,SIP/655
2026-09-15 10:45:11,CM cola Taller,,1234567890,no,379,0,0,
2026-09-15 10:44:04,MPC cola Taller,Rocío Cornejo,651,yes,1,13,14,SIP/651
2026-09-15 10:42:12,MPC cola Taller,Rocío Cornejo,1234567890,yes,25,13,38,SIP/651
2026-09-15 10:41:55,CM cola Taller,Alma Cordoba,1234567890,yes,17,106,123,SIP/655
2026-09-15 10:38:16,CM cola Taller,Alma Cordoba,1234567890,yes,54,55,109,SIP/655
2026-09-15 10:37:59,CM cola Taller,Rocío Cornejo,1234567890,yes,23,188,211,SIP/651
2026-09-15 10:37:38,CM cola Taller,Alma Cordoba,1234567890,yes,20,23,43,SIP/655
2026-09-15 10:35:12,MPC cola Taller,Sofia Montaño,1234567890,yes,2,506,508,SIP/656
2026-09-15 10:27:11,CM cola Taller,Sofia Montaño,1234567890,yes,4,200,204,SIP/656
2026-09-15 10:23:21,CM cola Taller,Alma Cordoba,1234567890,yes,41,49,90,SIP/655
2026-09-15 10:17:58,CM cola Taller,Sofia Montaño,1234567890,yes,228,40,268,SIP/656
2026-09-15 10:15:02,SF cola Taller,Sofia Montaño,1234567890,yes,6,351,357,SIP/656
2026-09-15 10:10:18,CM cola Taller,Alma Cordoba,1234567890,yes,10,152,162,SIP/655
2026-09-15 10:00:44,CM cola Taller,,1234567890,no,85,0,0,
2026-09-15 09:59:41,CM cola Taller,Alma Cordoba,1234567890,yes,413,156,569,SIP/655
2026-09-15 09:57:23,CM cola Taller,Alma Cordoba,1234567890,yes,345,181,526,SIP/655
2026-09-15 09:57:09,MPC cola Taller,,1234567890,no,89,0,0,
2026-09-15 09:56:22,MPC cola Taller,,1234567890,no,0,0,0,
2026-09-15 09:55:31,CM cola Taller,Alma Cordoba,1234567890,yes,305,133,438,SIP/655
2026-09-15 09:53:46,CM cola Taller,Alma Cordoba,1234567890,yes,211,168,379,SIP/655
2026-09-15 09:50:54,CM cola Taller,Rocío Cornejo,1234567890,yes,511,512,1023,SIP/651
2026-09-15 09:47:38,CM cola Taller,,1234567890,no,408,0,0,
2026-09-15 09:47:01,SF cola Taller,,1234567890,no,178,0,0,
2026-09-15 09:44:45,CM cola Taller,Rocío Cornejo,1234567890,yes,332,175,507,SIP/651
2026-09-15 09:42:14,CM cola Taller,Rocío Cornejo,1234567890,yes,294,127,421,SIP/651
2026-09-15 09:40:39,CM cola Taller,,1234567890,no,250,0,0,
2026-09-15 09:39:29,CM cola Taller,Rocío Cornejo,1234567890,yes,5,241,246,SIP/651
2026-09-15 09:24:57,CM cola Taller,Rocío Cornejo,1234567890,yes,16,49,65,SIP/651
2026-09-15 09:14:41,CM cola Taller,Fernando Ducloux - GSM,370,yes,218,28,246,SIP/370
2026-09-15 09:09:01,CM cola Taller,Rocío Cornejo,1234567890,yes,179,217,396,SIP/651
2026-09-15 09:03:27,CM cola Taller,Sabrina Mercado,250,yes,121,22,143,SIP/250
2026-09-15 09:02:28,CM cola Taller,Rocío Cornejo,1234567890,yes,12,119,131,SIP/651
2026-09-15 08:41:02,CM cola Taller,Rocío Cornejo,1234567890,yes,11,118,129,SIP/651
2026-09-15 08:35:21,CM cola Taller,Rocío Cornejo,1234567890,yes,21,189,210,SIP/651
2026-09-15 08:28:26,CM cola Taller,Rocío Cornejo,1234567890,yes,87,136,223,SIP/651
2026-09-15 08:21:53,SF cola Taller,Rocío Cornejo,1234567890,yes,3,90,93,SIP/651
2026-09-15 08:01:22,MPC cola Taller,Rocío Cornejo,1234567890,yes,218,286,504,SIP/651
2026-09-14 17:15:51,CM cola Taller,,1234567890,no,286,0,0,
2026-09-14 17:07:37,CM cola Taller,Rocío Cornejo,1234567890,yes,87,244,331,SIP/651
2026-09-14 16:48:54,CM cola Taller,Rocío Cornejo,1234567890,yes,7,304,311,SIP/651
2026-09-14 16:46:44,CM cola Taller,Sabrina Mercado,250,yes,54,27,81,SIP/250
2026-09-14 16:45:08,CM cola Taller,Rocío Cornejo,1234567890,yes,28,145,173,SIP/651
2026-09-14 16:40:21,CM cola Taller,,1234567890,no,42,0,0,
2026-09-14 16:37:04,CM cola Taller,Rocío Cornejo,1234567890,yes,4,229,233,SIP/651
2026-09-14 16:33:56,CM cola Taller,Rocío Cornejo,1234567890,yes,6,84,90,SIP/651
2026-09-14 16:20:59,CM cola Taller,Rocío Cornejo,1234567890,yes,16,189,205,SIP/651
2026-09-14 16:17:18,SF cola Taller,Rocío Cornejo,1234567890,yes,134,66,200,SIP/651
2026-09-14 16:14:50,MPC cola Taller,Rocío Cornejo,1234567890,yes,142,113,255,SIP/651
2026-09-14 16:11:01,CM cola Taller,,1234567890,no,298,0,0,
2026-09-14 16:03:49,CM cola Taller,,1234567890,no,373,0,0,
2026-09-14 16:00:09,CM cola Taller,Rocío Cornejo,1234567890,yes,316,285,601,SIP/651
2026-09-14 15:53:38,SF cola Taller,Sofia Montaño,1234567890,yes,54,121,175,SIP/656
2026-09-14 15:53:23,CM cola Taller,Sabrina Mercado,250,yes,82,19,101,SIP/250
2026-09-14 15:53:16,CM cola Taller,Rocío Cornejo,1234567890,yes,218,199,417,SIP/651
2026-09-14 15:50:15,MPC cola Taller,Sofia Montaño,1234567890,yes,4,218,222,SIP/656
2026-09-14 15:41:34,MPC cola Taller,Sofia Montaño,1234567890,yes,3,118,121,SIP/656
2026-09-14 15:40:08,CM cola Taller,Sabrina Mercado,250,yes,9,78,87,SIP/250
2026-09-14 15:35:41,CM cola Taller,Rocío Cornejo,1234567890,yes,6,45,51,SIP/651
2026-09-14 15:30:13,CM cola Taller,,1234567890,no,71,0,0,
2026-09-14 15:20:32,CM cola Taller,Rocío Cornejo,1234567890,yes,88,151,239,SIP/651
2026-09-14 15:15:14,CM cola Taller,Sofia Montaño,1234567890,yes,20,314,334,SIP/656
2026-09-14 15:08:19,CM cola Taller,Rocío Cornejo,1234567890,yes,16,112,128,SIP/651
2026-09-14 15:04:20,MPC cola Taller,Sofia Montaño,1234567890,yes,1,1,2,SIP/656
2026-09-14 15:01:43,CM cola Taller,Sofia Montaño,1234567890,yes,61,95,156,SIP/656
2026-09-14 15:00:31,CM cola Taller,,1234567890,no,24,0,0,
2026-09-14 14:57:13,CM cola Taller,,1234567890,no,97,0,0,
2026-09-14 14:55:51,SF cola Taller,,1234567890,no,176,0,0,
2026-09-14 14:55:48,SF cola Taller,Sofia Montaño,1234567890,yes,98,262,360,SIP/656
2026-09-14 14:55:37,CM cola Taller,Rocío Cornejo,1234567890,yes,322,217,539,SIP/651
2026-09-14 14:54:35,CM cola Taller,,1234567890,no,271,0,0,
2026-09-14 14:51:29,SF cola Taller,Rocío Cornejo,1234567890,yes,251,134,385,SIP/651
2026-09-14 14:51:13,MPC cola Taller,Sofia Montaño,1234567890,yes,37,261,298,SIP/656
2026-09-14 14:45:07,CM cola Taller,,1234567890,no,3,0,0,
2026-09-14 14:44:43,CM cola Taller,Sabrina Mercado,250,yes,902,38,940,SIP/250
2026-09-14 14:42:04,MPC cola Taller,Sofia Montaño,1234567890,yes,156,246,402,SIP/656
2026-09-14 14:40:49,CM cola Taller,,1234567890,no,330,0,0,
2026-09-14 14:38:18,CM cola Taller,Sabrina Mercado,250,yes,305,32,337,SIP/250
2026-09-14 14:37:35,SF cola Taller,,1234567890,no,197,0,0,
2026-09-14 14:36:46,CM cola Taller,,1234567890,no,139,0,0,
2026-09-14 14:33:20,CM cola Taller,Rocío Cornejo,1234567890,yes,84,297,381,SIP/651
2026-09-14 14:31:39,CM cola Taller,,1234567890,no,5,0,0,
2026-09-14 14:29:30,SF cola Taller,Rocío Cornejo,1234567890,yes,18,252,270,SIP/651
2026-09-14 14:26:59,CM cola Taller,Sofia Montaño,1234567890,yes,118,207,325,SIP/656
2026-09-14 14:26:29,CM cola Taller,Rocío Cornejo,1234567890,yes,29,134,163,SIP/651
2026-09-14 14:24:36,CM cola Taller,Sofia Montaño,1234567890,yes,163,73,236,SIP/656
2026-09-14 14:21:54,CM cola Taller,Rocío Cornejo,1234567890,yes,33,128,161,SIP/651
2026-09-14 14:21:17,CM cola Taller,Sabrina Mercado,250,yes,253,19,272,SIP/250
2026-09-14 14:19:12,CM cola Taller,Sofia Montaño,1234567890,yes,77,329,406,SIP/656
2026-09-14 14:15:17,CM cola Taller,Rocío Cornejo,1234567890,yes,48,100,148,SIP/651
2026-09-14 14:11:23,CM cola Taller,Sabrina Mercado,250,yes,39,29,68,SIP/250
2026-09-14 14:10:45,SF cola Taller,,1234567890,no,191,0,0,
2026-09-14 14:06:19,MPC cola Taller,,1234567890,no,148,0,0,
2026-09-14 14:03:19,SF cola Taller,Sofia Montaño,1234567890,yes,79,244,323,SIP/656
2026-09-14 12:44:22,CM cola Taller,,1234567890,no,89,0,0,
2026-09-14 12:43:48,CM cola Taller,Alma Cordoba,1234567890,yes,206,186,392,SIP/655
2026-09-14 12:42:39,CM cola Taller,Rocío Cornejo,1234567890,yes,239,109,348,SIP/651
2026-09-14 12:42:16,CM cola Taller,Rocío Cornejo,1234567890,yes,34,180,214,SIP/651
2026-09-14 12:41:40,CM cola Taller,Alma Cordoba,1234567890,yes,82,137,219,SIP/655
2026-09-14 12:38:49,CM cola Taller,Sofia Montaño,1234567890,yes,23,1168,1191,SIP/656
2026-09-14 12:37:34,MPC cola Taller,Alma Cordoba,1234567890,yes,38,104,142,SIP/655
2026-09-14 12:36:31,CM cola Taller,Lucia Sosa,1234567890,yes,15,169,184,SIP/650
2026-09-14 12:33:36,CM cola Taller,Sofia Montaño,1234567890,yes,110,146,256,SIP/656
2026-09-14 12:32:24,CM cola Taller,Sabrina Mercado,250,yes,132,27,159,SIP/250
2026-09-14 12:30:01,MPC cola Taller,Rocío Cornejo,1234567890,yes,19,100,119,SIP/651
2026-09-14 12:27:27,CM cola Taller,Alma Cordoba,1234567890,yes,14,127,141,SIP/655
2026-09-14 12:25:51,CM cola Taller,Sofia Montaño,1234567890,yes,15,134,149,SIP/656
2026-09-14 12:25:33,CM cola Taller,Lucia Sosa,1234567890,yes,23,158,181,SIP/650
2026-09-14 12:23:36,CM cola Taller,Rocío Cornejo,1234567890,yes,8,87,95,SIP/651
2026-09-14 12:22:45,CM cola Taller,,1234567890,no,16,0,0,
2026-09-14 12:21:41,CM cola Taller,Alma Cordoba,1234567890,yes,41,61,102,SIP/655
2026-09-14 12:18:05,CM cola Taller,Rocío Cornejo,1234567890,yes,5,143,148,SIP/651
2026-09-14 12:14:52,MPC cola Taller,Lucia Sosa,1234567890,yes,33,218,251,SIP/650
2026-09-14 12:09:00,CM cola Taller,Alma Cordoba,1234567890,yes,91,147,238,SIP/655
2026-09-14 12:04:06,SF cola Taller,Alma Cordoba,1234567890,yes,14,57,71,SIP/655
2026-09-14 11:56:40,CM cola Taller,Lucia Sosa,1234567890,yes,21,214,235,SIP/650
2026-09-14 11:48:53,CM cola Taller,Alma Cordoba,1234567890,yes,22,64,86,SIP/655
2026-09-14 11:38:48,CM cola Taller,Sofia Montaño,1234567890,yes,9,515,524,SIP/656
2026-09-14 11:37:28,CM cola Taller,Alma Cordoba,1234567890,yes,43,184,227,SIP/655
2026-09-14 11:32:00,CM cola Taller,Lucia Sosa,1234567890,yes,36,121,157,SIP/650
2026-09-14 11:30:25,CM cola Taller,,1234567890,no,87,0,0,
2026-09-14 11:21:21,CM cola Taller,Alma Cordoba,1234567890,yes,256,118,374,SIP/655
2026-09-14 11:20:21,CM cola Taller,Alma Cordoba,1234567890,yes,11,143,154,SIP/655
2026-09-14 11:19:12,CM cola Taller,Lucia Sosa,1234567890,yes,53,430,483,SIP/650
2026-09-14 11:17:14,SF cola Taller,Alma Cordoba,1234567890,yes,26,138,164,SIP/655
2026-09-14 11:15:31,CM cola Taller,,1234567890,no,250,0,0,
2026-09-14 11:11:50,SF cola Taller,,1234567890,no,260,0,0,
2026-09-14 11:11:29,CM cola Taller,Lucia Sosa,1234567890,yes,275,109,384,SIP/650
2026-09-14 11:10:17,CM cola Taller,,1234567890,no,20,0,0,
2026-09-14 11:10:13,CM cola Taller,Sofia Montaño,1234567890,yes,98,930,1028,SIP/656
2026-09-14 11:03:44,CM cola Taller,Lucia Sosa,1234567890,yes,265,419,684,SIP/650
2026-09-14 11:02:54,CM cola Taller,Lucia Sosa,1234567890,yes,98,150,248,SIP/650
2026-09-14 10:57:42,CM cola Taller,Alma Cordoba,1234567890,yes,445,431,876,SIP/655
2026-09-14 10:57:12,CM cola Taller,Lucia Sosa,1234567890,yes,110,70,180,SIP/650
2026-09-14 10:56:13,CM cola Taller,Alma Cordoba,1234567890,yes,38,165,203,SIP/655
2026-09-14 10:55:05,SF cola Taller,Lucia Sosa,1234567890,yes,133,71,204,SIP/650
2026-09-14 10:52:07,CM cola Taller,Sofia Montaño,1234567890,yes,134,504,638,SIP/656
2026-09-14 10:51:09,CM cola Taller,Alma Cordoba,1234567890,yes,13,201,214,SIP/655
2026-09-14 10:50:25,CM cola Taller,Lucia Sosa,1234567890,yes,228,88,316,SIP/650
2026-09-14 10:47:47,CM cola Taller,Sofia Montaño,1234567890,yes,134,197,331,SIP/656
2026-09-14 10:47:19,CM cola Taller,Alma Cordoba,1234567890,yes,33,161,194,SIP/655
2026-09-14 10:45:36,CM cola Taller,Alma Cordoba,1234567890,yes,25,24,49,SIP/655
2026-09-14 10:37:24,CM cola Taller,Sofia Montaño,1234567890,yes,145,146,291,SIP/656
2026-09-14 10:36:44,CM cola Taller,,1234567890,no,82,0,0,
2026-09-14 10:36:08,MPC cola Taller,,1234567890,no,124,0,0,
2026-09-14 10:35:14,MPC cola Taller,Lucia Sosa,1234567890,yes,113,493,606,SIP/650
2026-09-14 10:33:53,CM cola Taller,,1234567890,no,0,0,0,
2026-09-14 10:29:19,CM cola Taller,,1234567890,no,318,0,0,
2026-09-14 10:28:43,CM cola Taller,Alma Cordoba,1234567890,yes,292,195,487,SIP/655
2026-09-14 10:28:03,MPC cola Taller,,1234567890,no,420,0,0,
2026-09-14 10:27:23,CM cola Taller,Sabrina Mercado,503,yes,76,30,106,SIP/250
2026-09-14 10:27:01,CM cola Taller,Sofia Montaño,1234567890,yes,77,419,496,SIP/656
2026-09-14 10:25:24,MPC cola Taller,Sofia Montaño,1234567890,yes,28,109,137,SIP/656
2026-09-14 10:23:31,SF cola Taller,,1234567890,no,332,0,0,
2026-09-14 10:23:10,SF cola Taller,Alma Cordoba,1234567890,yes,80,147,227,SIP/655
2026-09-14 10:20:11,CM cola Taller,Sofia Montaño,1234567890,yes,7,45,52,SIP/656
2026-09-14 10:19:45,CM cola Taller,Alma Cordoba,1234567890,yes,22,50,72,SIP/655
2026-09-14 10:19:29,CM cola Taller,Sabrina Mercado,250,yes,27,30,57,SIP/250
2026-09-14 10:16:21,CM cola Taller,Sofia Montaño,1234567890,yes,11,157,168,SIP/656
2026-09-14 10:15:15,CM cola Taller,,1234567890,no,0,0,0,
2026-09-14 10:12:51,MPC cola Taller,Sofia Montaño,1234567890,yes,153,30,183,SIP/656
2026-09-14 10:10:41,MPC cola Taller,,1234567890,no,68,0,0,
2026-09-14 10:09:33,CM cola Taller,Alma Cordoba,1234567890,yes,296,175,471,SIP/655
2026-09-14 10:08:28,CM cola Taller,Alma Cordoba,1234567890,yes,237,55,292,SIP/655
2026-09-14 10:06:52,MPC cola Taller,Sofia Montaño,1234567890,yes,85,258,343,SIP/656
2026-09-14 10:05:07,CM cola Taller,,1234567890,no,212,0,0,
2026-09-14 10:03:22,SF cola Taller,,1234567890,no,390,0,0,
2026-09-14 10:02:58,MPC cola Taller,,1234567890,no,7,0,0,
2026-09-14 10:00:51,CM cola Taller,Sofia Montaño,1234567890,yes,190,214,404,SIP/656
2026-09-14 09:57:35,CM cola Taller,,1234567890,no,305,0,0,
2026-09-14 09:56:53,CM cola Taller,Agustina Vargas,503,yes,38,33,71,SIP/255
2026-09-14 09:54:54,MPC cola Taller,,1234567890,no,355,0,0,
2026-09-14 09:54:43,CM cola Taller,Lucia Sosa,1234567890,yes,235,254,489,SIP/650
2026-09-14 09:52:22,CM cola Taller,Agustina Vargas,255,yes,45,35,80,SIP/255
2026-09-14 09:51:39,SF cola Taller,Lucia Sosa,1234567890,yes,99,105,204,SIP/650
2026-09-14 09:49:02,CM cola Taller,Alma Cordoba,1234567890,yes,52,659,711,SIP/655
2026-09-14 09:48:13,CM cola Taller,Lucia Sosa,1234567890,yes,29,118,147,SIP/650
2026-09-14 09:44:45,CM cola Taller,Alma Cordoba,1234567890,yes,69,164,233,SIP/655
2026-09-14 09:40:02,CM cola Taller,Sabrina Mercado,250,yes,274,34,308,SIP/250
2026-09-14 09:39:29,CM cola Taller,Alma Cordoba,1234567890,yes,97,136,233,SIP/655
2026-09-14 09:37:21,CM cola Taller,Lucia Sosa,1234567890,yes,164,168,332,SIP/650
2026-09-14 09:37:13,CM cola Taller,,1234567890,no,26,0,0,
2026-09-14 09:34:36,CM cola Taller,Alma Cordoba,1234567890,yes,19,203,222,SIP/655
2026-09-14 09:32:27,SF cola Taller,Lucia Sosa,1234567890,yes,30,332,362,SIP/650
2026-09-14 09:24:50,CM cola Taller,Alma Cordoba,1234567890,yes,121,184,305,SIP/655
2026-09-14 09:21:54,CM cola Taller,,1234567890,no,393,0,0,
2026-09-14 09:21:17,CM cola Taller,,1234567890,no,29,0,0,
2026-09-14 09:18:32,CM cola Taller,Alma Cordoba,1234567890,yes,19,451,470,SIP/655
2026-09-14 09:14:20,CM cola Taller,Lucia Sosa,1234567890,yes,166,474,640,SIP/650
2026-09-14 09:12:51,MPC cola Taller,Lucia Sosa,1234567890,yes,12,108,120,SIP/650
2026-09-14 09:09:55,CM cola Taller,Alma Cordoba,1234567890,yes,42,130,172,SIP/655
2026-09-14 09:08:02,MPC cola Taller,Alma Cordoba,1234567890,yes,29,105,134,SIP/655
2026-09-14 09:07:49,MPC cola Taller,Lucia Sosa,1234567890,yes,11,218,229,SIP/650
2026-09-14 09:00:09,CM cola Taller,,1234567890,no,38,0,0,
2026-09-14 08:59:07,MPC cola Taller,Alma Cordoba,1234567890,yes,26,153,179,SIP/655
2026-09-14 08:56:38,CM cola Taller,Lucia Sosa,1234567890,yes,37,379,416,SIP/650
2026-09-14 08:55:29,CM cola Taller,Alma Cordoba,1234567890,yes,93,73,166,SIP/655
2026-09-14 08:53:04,CM cola Taller,Alma Cordoba,1234567890,yes,9,176,185,SIP/655
2026-09-14 08:48:49,CM cola Taller,Lucia Sosa,1234567890,yes,251,147,398,SIP/650
2026-09-14 08:48:14,CM cola Taller,Alma Cordoba,1234567890,yes,85,107,192,SIP/655
2026-09-14 08:43:45,CM cola Taller,Lucia Sosa,1234567890,yes,71,429,500,SIP/650
2026-09-14 08:43:31,CM cola Taller,Alma Cordoba,1234567890,yes,23,300,323,SIP/655
2026-09-14 08:35:38,MPC cola Taller,Alma Cordoba,1234567890,yes,11,236,247,SIP/655
2026-09-14 08:29:57,CM cola Taller,Lucia Sosa,1234567890,yes,9,95,104,SIP/650
2026-09-14 08:19:38,SF cola Taller,Alma Cordoba,1234567890,yes,7,130,137,SIP/655
2026-09-14 08:09:59,CM cola Taller,Lucia Sosa,1234567890,yes,10,62,72,SIP/650
2026-09-14 08:06:27,CM cola Taller,Alma Cordoba,1234567890,yes,12,127,139,SIP/655
2026-09-14 08:03:31,CM cola Taller,Lucia Sosa,1234567890,yes,26,143,169,SIP/650
2026-09-14 08:01:13,CM cola Taller,Alma Cordoba,1234567890,yes,124,122,246,SIP/655
2026-09-11 17:08:24,CM cola Taller,Alma Cordoba,1234567890,yes,32,300,332,SIP/655
2026-09-11 17:02:32,CM cola Taller,Alma Cordoba,1234567890,yes,129,164,293,SIP/655
2026-09-11 16:57:26,CM cola Taller,Alma Cordoba,1234567890,yes,61,150,211,SIP/655
2026-09-11 16:56:44,CM cola Taller,,1234567890,no,70,0,0,
2026-09-11 16:51:12,MPC cola Taller,Alma Cordoba,1234567890,yes,96,101,197,SIP/655
2026-09-11 16:46:49,CM cola Taller,Alma Cordoba,1234567890,yes,226,40,266,SIP/655
2026-09-11 16:41:55,CM cola Taller,,1234567890,no,26,0,0,
2026-09-11 16:40:43,CM cola Taller,Alma Cordoba,1234567890,yes,171,134,305,SIP/655
2026-09-11 16:37:10,CM cola Taller,Alma Cordoba,1234567890,yes,772,16,788,SIP/655
2026-09-11 16:35:17,MPC cola Taller,,1234567890,no,183,0,0,
2026-09-11 16:33:37,CM cola Taller,Sabrina Mercado,250,yes,275,47,322,SIP/250
2026-09-11 16:32:03,CM cola Taller,,1234567890,no,451,0,0,
2026-09-11 16:30:08,CM cola Taller,,1234567890,no,24,0,0,
2026-09-11 16:23:37,CM cola Taller,Alma Cordoba,1234567890,yes,301,364,665,SIP/655
2026-09-11 16:22:21,CM cola Taller,,1234567890,no,133,0,0,
2026-09-11 16:16:20,CM cola Taller,,1234567890,no,51,0,0,
2026-09-11 16:15:41,SF cola Taller,,1234567890,no,263,0,0,
2026-09-11 16:14:30,MPC cola Taller,,1234567890,no,251,0,0,
2026-09-11 16:13:01,MPC cola Taller,,1234567890,no,37,0,0,
2026-09-11 16:12:34,CM cola Taller,,1234567890,no,315,0,0,
2026-09-11 16:09:34,CM cola Taller,,1234567890,no,358,0,0,
2026-09-11 16:08:33,CM cola Taller,,1234567890,no,6,0,0,
2026-09-11 16:06:49,CM cola Taller,Alma Cordoba,1234567890,yes,72,453,525,SIP/655
2026-09-11 16:05:00,CM cola Taller,Alma Cordoba,1234567890,yes,78,74,152,SIP/655
2026-09-11 15:48:29,CM cola Taller,Alma Cordoba,1234567890,yes,10,97,107,SIP/655
2026-09-11 15:46:41,CM cola Taller,,1234567890,no,1,0,0,
2026-09-11 15:36:09,CM cola Taller,,1234567890,no,154,0,0,
2026-09-11 15:35:14,CM cola Taller,Alma Cordoba,1234567890,yes,17,399,416,SIP/655
2026-09-11 15:05:38,CM cola Taller,,1234567890,no,34,0,0,
2026-09-11 15:00:32,MPC cola Taller,,1234567890,no,171,0,0,
2026-09-11 14:55:14,MPC cola Taller,Alma Cordoba,1234567890,yes,18,149,167,SIP/655
2026-09-11 14:48:46,CM cola Taller,,1234567890,no,100,0,0,
2026-09-11 14:47:52,CM cola Taller,Sabrina Mercado,250,yes,9,16,25,SIP/250
2026-09-11 14:46:09,CM cola Taller,,1234567890,no,1,0,0,
2026-09-11 14:44:39,CM cola Taller,,1234567890,no,1,0,0,
2026-09-11 14:39:34,CM cola Taller,Sofia Montaño,1234567890,yes,93,131,224,SIP/656
2026-09-11 14:34:55,SF cola Taller,Sofia Montaño,1234567890,yes,236,105,341,SIP/656
2026-09-11 14:33:26,CM cola Taller,Alma Cordoba,1234567890,yes,7,793,800,SIP/655
2026-09-11 14:21:56,CM cola Taller,Sofia Montaño,1234567890,yes,4,24,28,SIP/656
2026-09-11 14:13:01,CM cola Taller,Sofia Montaño,1234567890,yes,161,156,317,SIP/656
2026-09-11 14:10:33,CM cola Taller,Sabrina Mercado,250,yes,36,23,59,SIP/250
2026-09-11 14:07:54,CM cola Taller,Alma Cordoba,1234567890,yes,11,119,130,SIP/655
2026-09-11 12:59:38,CM cola Taller,,1234567890,no,2,0,0,
2026-09-11 12:56:02,CM cola Taller,Rocío Cornejo,1234567890,yes,11,39,50,SIP/651
2026-09-11 12:54:09,CM cola Taller,Alma Cordoba,1234567890,yes,25,108,133,SIP/655
2026-09-11 12:48:54,CM cola Taller,Rocío Cornejo,1234567890,yes,39,138,177,SIP/651
2026-09-11 12:44:44,CM cola Taller,Alma Cordoba,1234567890,yes,10,124,134,SIP/655
2026-09-11 12:27:20,CM cola Taller,Sabrina Mercado,250,yes,154,153,307,SIP/250
2026-09-11 12:25:27,CM cola Taller,Sofia Montaño,1234567890,yes,14,134,148,SIP/656
2026-09-11 12:18:41,CM cola Taller,Sofia Montaño,1234567890,yes,16,131,147,SIP/656
2026-09-11 12:10:55,CM cola Taller,Alma Cordoba,1234567890,yes,19,152,171,SIP/655
2026-09-11 12:07:54,CM cola Taller,Lucia Sosa,1234567890,yes,102,450,552,SIP/650
2026-09-11 11:58:54,CM cola Taller,Sofia Montaño,1234567890,yes,115,173,288,SIP/656
2026-09-11 11:57:56,CM cola Taller,Lucia Sosa,1234567890,yes,62,237,299,SIP/650
2026-09-11 11:53:29,CM cola Taller,Sofia Montaño,1234567890,yes,48,246,294,SIP/656
2026-09-11 11:49:42,CM cola Taller,Alma Cordoba,1234567890,yes,122,342,464,SIP/655
2026-09-11 11:46:49,CM cola Taller,Sofia Montaño,1234567890,yes,87,244,331,SIP/656
2026-09-11 11:42:20,CM cola Taller,Lucia Sosa,1234567890,yes,169,373,542,SIP/650
2026-09-11 11:38:54,CM cola Taller,Sofia Montaño,1234567890,yes,85,220,305,SIP/656
2026-09-11 11:35:37,CM cola Taller,Rocío Cornejo,1234567890,yes,13,78,91,SIP/651
2026-09-11 11:33:23,CM cola Taller,Sofia Montaño,1234567890,yes,37,240,277,SIP/656
2026-09-11 11:23:33,MPC cola Taller,Sofia Montaño,1234567890,yes,32,107,139,SIP/656
2026-09-11 11:22:18,CM cola Taller,Sofia Montaño,1234567890,yes,11,72,83,SIP/656
2026-09-11 11:19:52,CM cola Taller,Rocío Cornejo,1234567890,yes,135,143,278,SIP/651
2026-09-11 11:16:25,CM cola Taller,Lucia Sosa,1234567890,yes,18,1432,1450,SIP/650
2026-09-11 11:14:46,CM cola Taller,Rocío Cornejo,1234567890,yes,53,54,107,SIP/651
2026-09-11 11:10:26,SF cola Taller,Sofia Montaño,1234567890,yes,10,700,710,SIP/656
2026-09-11 10:56:12,CM cola Taller,Sofia Montaño,670,yes,38,141,179,SIP/656
2026-09-11 10:53:49,CM cola Taller,Sofia Montaño,1234567890,yes,13,118,131,SIP/656
2026-09-11 10:44:45,CM cola Taller,Sabrina Mercado,250,yes,36,46,82,SIP/250
2026-09-11 10:41:02,CM cola Taller,Sofia Montaño,1234567890,yes,132,269,401,SIP/656
2026-09-11 10:39:48,CM cola Taller,,1234567890,no,127,0,0,
2026-09-11 10:33:25,CM cola Taller,Sabrina Mercado,250,yes,285,35,320,SIP/250
2026-09-11 10:31:24,CM cola Taller,Lucia Sosa,1234567890,yes,265,130,395,SIP/650
2026-09-11 10:30:48,CM cola Taller,Lucia Sosa,1234567890,yes,125,147,272,SIP/650
2026-09-11 10:30:17,CM cola Taller,Sofia Montaño,1234567890,yes,123,293,416,SIP/656
2026-09-11 10:29:04,CM cola Taller,Lucia Sosa,1234567890,yes,23,191,214,SIP/650
2026-09-11 10:22:47,CM cola Taller,Sofia Montaño,1234567890,yes,121,365,486,SIP/656
2026-09-11 10:19:50,CM cola Taller,Lucia Sosa,1234567890,yes,75,375,450,SIP/650
2026-09-11 10:17:55,MPC cola Taller,Sofia Montaño,1234567890,yes,2,405,407,SIP/656
2026-09-11 10:12:46,CM cola Taller,Lucia Sosa,1234567890,yes,120,268,388,SIP/650
2026-09-11 10:11:08,CM cola Taller,Sofia Montaño,1234567890,yes,70,124,194,SIP/656
2026-09-11 10:10:51,CM cola Taller,Lucia Sosa,1234567890,yes,9,198,207,SIP/650
2026-09-11 10:06:30,CM cola Taller,Sabrina Mercado,250,yes,7,24,31,SIP/250
2026-09-11 10:06:27,CM cola Taller,Sofia Montaño,1234567890,yes,5,197,202,SIP/656
2026-09-11 09:59:41,CM cola Taller,Lucia Sosa,1234567890,yes,59,261,320,SIP/650
2026-09-11 09:52:40,MPC cola Taller,,1234567890,no,112,0,0,
2026-09-11 09:50:48,CM cola Taller,,1234567890,no,364,0,0,
2026-09-11 09:42:58,CM cola Taller,Lucia Sosa,1234567890,yes,505,392,897,SIP/650
2026-09-11 09:42:41,CM cola Taller,Lucia Sosa,1234567890,yes,127,353,480,SIP/650
2026-09-11 09:39:52,MPC cola Taller,Lucia Sosa,1234567890,yes,16,253,269,SIP/650
2026-09-11 09:35:35,MPC cola Taller,Lucia Sosa,1234567890,yes,185,16,201,SIP/650
2026-09-11 09:35:27,CM cola Taller,,1234567890,no,213,0,0,
2026-09-11 09:33:10,MPC cola Taller,,1234567890,no,192,0,0,
2026-09-11 09:29:04,MPC cola Taller,Agustina Vargas,255,yes,275,32,307,SIP/255
2026-09-11 09:27:48,CM cola Taller,,1234567890,no,524,0,0,
2026-09-11 09:25:15,CM cola Taller,Camila Mias,251,yes,530,32,562,SIP/251
2026-09-11 09:25:08,CM cola Taller,Lucia Sosa,1234567890,yes,77,393,470,SIP/650
2026-09-11 09:21:39,CM cola Taller,Lucia Sosa,1234567890,yes,173,99,272,SIP/650
2026-09-11 09:18:07,CM cola Taller,Lucia Sosa,1234567890,yes,315,41,356,SIP/650
2026-09-11 09:17:13,CM cola Taller,,1234567890,no,129,0,0,
2026-09-11 09:04:01,CM cola Taller,Lucia Sosa,1234567890,yes,9,260,269,SIP/650
2026-09-11 09:02:16,CM cola Taller,Lucia Sosa,1234567890,yes,17,29,46,SIP/650
2026-09-11 08:56:49,CM cola Taller,Lucia Sosa,1234567890,yes,16,270,286,SIP/650
2026-09-11 08:56:05,SF cola Taller,Lucia Sosa,1234567890,yes,16,13,29,SIP/650
2026-09-11 08:50:16,MPC cola Taller,Lucia Sosa,1234567890,yes,8,167,175,SIP/650
2026-09-11 08:46:45,CM cola Taller,Lucia Sosa,1234567890,yes,137,74,211,SIP/650
2026-09-11 08:45:02,CM cola Taller,Lucia Sosa,1234567890,yes,5,209,214,SIP/650
2026-09-11 08:35:18,CM cola Taller,Lucia Sosa,1234567890,yes,14,83,97,SIP/650
2026-09-11 08:17:30,SF cola Taller,Lucia Sosa,1234567890,yes,6,77,83,SIP/650
2026-09-11 08:12:38,CM cola Taller,Lucia Sosa,1234567890,yes,156,109,265,SIP/650
2026-09-11 08:09:14,CM cola Taller,Lucia Sosa,1234567890,yes,184,145,329,SIP/650
2026-09-11 08:03:56,CM cola Taller,Lucia Sosa,1234567890,yes,115,349,464,SIP/650
2026-09-10 17:22:08,CM cola Taller,,1234567890,no,34,0,0,
2026-09-10 17:06:19,CM cola Taller,,1234567890,no,542,0,0,
2026-09-10 16:59:23,CM cola Taller,,1234567890,no,168,0,0,
2026-09-10 16:58:03,CM cola Taller,,1234567890,no,143,0,0,
2026-09-10 16:54:30,CM cola Taller,,1234567890,no,27,0,0,
2026-09-10 16:53:29,CM cola Taller,Alma Cordoba,1234567890,yes,14,147,161,SIP/655
2026-09-10 16:23:53,MPC cola Taller,Agustina Vargas,255,yes,238,43,281,SIP/255
2026-09-10 16:16:50,MPC cola Taller,,1234567890,no,235,0,0,
2026-09-10 16:11:45,SF cola Taller,Alma Cordoba,1234567890,yes,398,233,631,SIP/655
2026-09-10 16:09:53,CM cola Taller,Alma Cordoba,1234567890,yes,100,280,380,SIP/655
2026-09-10 16:06:43,MPC cola Taller,Alma Cordoba,1234567890,yes,5,259,264,SIP/655
2026-09-10 16:05:42,MPC cola Taller,,1234567890,no,22,0,0,
2026-09-10 15:56:06,MPC cola Taller,Alma Cordoba,1234567890,yes,13,338,351,SIP/655
2026-09-10 15:54:53,CM cola Taller,,1234567890,no,7,0,0,
2026-09-10 15:51:36,MPC cola Taller,Rocío Cornejo,1234567890,yes,4,98,102,SIP/651
2026-09-10 15:46:24,CM cola Taller,Alma Cordoba,1234567890,yes,20,98,118,SIP/655
2026-09-10 15:34:03,CM cola Taller,Rocío Cornejo,1234567890,yes,54,105,159,SIP/651
2026-09-10 15:25:40,CM cola Taller,,1234567890,no,30,0,0,
2026-09-10 15:18:10,CM cola Taller,Rocío Cornejo,1234567890,yes,106,151,257,SIP/651
2026-09-10 15:17:00,CM cola Taller,Rocío Cornejo,1234567890,yes,70,94,164,SIP/651
2026-09-10 15:09:08,CM cola Taller,Alma Cordoba,499,yes,532,173,705,SIP/655
2026-09-10 15:08:16,CM cola Taller,Alma Cordoba,1234567890,yes,216,247,463,SIP/655
2026-09-10 15:07:39,CM cola Taller,Rocío Cornejo,1234567890,yes,11,370,381,SIP/651
2026-09-10 14:50:19,CM cola Taller,Alma Cordoba,1234567890,yes,167,187,354,SIP/655
2026-09-10 14:49:39,CM cola Taller,Sabrina Mercado,250,yes,9,93,102,SIP/250
2026-09-10 14:39:56,CM cola Taller,Alma Cordoba,1234567890,yes,25,355,380,SIP/655
2026-09-10 14:32:48,CM cola Taller,Rocío Cornejo,1234567890,yes,19,222,241,SIP/651
2026-09-10 14:29:37,CM cola Taller,Rocío Cornejo,1234567890,yes,10,181,191,SIP/651
2026-09-10 14:07:35,CM cola Taller,Rocío Cornejo,1234567890,yes,9,97,106,SIP/651
2026-09-10 14:04:17,CM cola Taller,Alma Cordoba,1234567890,yes,171,118,289,SIP/655
2026-09-10 14:03:08,CM cola Taller,Alma Cordoba,1234567890,yes,23,123,146,SIP/655
2026-09-10 12:58:59,MPC cola Taller,Alma Cordoba,1234567890,yes,22,49,71,SIP/655
2026-09-10 12:39:24,CM cola Taller,Sofia Montaño,1234567890,yes,6,74,80,SIP/656
2026-09-10 12:34:29,SF cola Taller,Sofia Montaño,Anonymous,yes,13,128,141,SIP/656
2026-09-10 12:34:15,CM cola Taller,Alma Cordoba,1234567890,yes,18,140,158,SIP/655
2026-09-10 12:25:17,CM cola Taller,Sabrina Mercado,250,yes,13,31,44,SIP/250
2026-09-10 12:19:02,CM cola Taller,Rocío Cornejo,1234567890,yes,58,333,391,SIP/651
2026-09-10 12:18:59,CM cola Taller,Sofia Montaño,1234567890,yes,10,391,401,SIP/656
2026-09-10 12:17:32,CM cola Taller,,1234567890,no,39,0,0,
2026-09-10 12:16:16,MPC cola Taller,Alma Cordoba,1234567890,yes,119,133,252,SIP/655
2026-09-10 12:16:10,CM cola Taller,Alma Cordoba,1234567890,yes,13,91,104,SIP/655
2026-09-10 12:12:12,MPC cola Taller,Rocío Cornejo,1234567890,yes,22,94,116,SIP/651
2026-09-10 12:02:18,CM cola Taller,Alma Cordoba,1234567890,yes,119,131,250,SIP/655
2026-09-10 12:02:17,CM cola Taller,Sofia Montaño,1234567890,yes,36,94,130,SIP/656
2026-09-10 11:54:08,SF cola Taller,Alma Cordoba,1234567890,yes,14,444,458,SIP/655
2026-09-10 11:47:45,MPC cola Taller,Sofia Montaño,1234567890,yes,15,322,337,SIP/656
2026-09-10 11:47:15,CM cola Taller,Alma Cordoba,1234567890,yes,12,134,146,SIP/655
2026-09-10 11:45:09,CM cola Taller,Sofia Montaño,1234567890,yes,8,109,117,SIP/656
2026-09-10 11:43:10,CM cola Taller,Rocío Cornejo,1234567890,yes,5,241,246,SIP/651
2026-09-10 11:41:12,CM cola Taller,Lucia Sosa,1234567890,yes,19,220,239,SIP/650
2026-09-10 11:25:47,CM cola Taller,Alma Cordoba,1234567890,yes,21,200,221,SIP/655
2026-09-10 11:24:47,CM cola Taller,,1234567890,no,0,0,0,
2026-09-10 11:24:13,CM cola Taller,Camila Mias,251,yes,15,25,40,SIP/251
2026-09-10 11:22:11,CM cola Taller,Alma Cordoba,1234567890,yes,8,59,67,SIP/655
2026-09-10 11:20:43,CM cola Taller,,1234567890,no,3,0,0,
2026-09-10 11:15:18,CM cola Taller,Sofia Montaño,1234567890,yes,17,185,202,SIP/656
2026-09-10 11:13:55,CM cola Taller,,1234567890,no,1,0,0,
2026-09-10 11:10:19,CM cola Taller,Lucia Sosa,1234567890,yes,37,79,116,SIP/650
2026-09-10 11:08:55,MPC cola Taller,Alma Cordoba,1234567890,yes,5,98,103,SIP/655
2026-09-10 11:03:53,MPC cola Taller,Lucia Sosa,1234567890,yes,172,145,317,SIP/650
2026-09-10 11:02:41,CM cola Taller,Sofia Montaño,1234567890,yes,8,312,320,SIP/656
2026-09-10 10:44:09,CM cola Taller,Sofia Montaño,503,yes,11,269,280,SIP/656
2026-09-10 10:38:16,CM cola Taller,Sofia Montaño,1234567890,yes,19,269,288,SIP/656
2026-09-10 10:37:06,CM cola Taller,,1234567890,no,4,0,0,
2026-09-10 10:30:58,CM cola Taller,Lucia Sosa,1234567890,yes,25,34,59,SIP/650
2026-09-10 10:23:52,CM cola Taller,Sofia Montaño,1234567890,yes,18,223,241,SIP/656
2026-09-10 10:16:39,CM cola Taller,Lucia Sosa,1234567890,yes,145,3,148,SIP/650
2026-09-10 10:09:01,CM cola Taller,Lucia Sosa,1234567890,yes,319,170,489,SIP/650
2026-09-10 10:08:25,CM cola Taller,Sabrina Mercado,250,yes,232,17,249,SIP/250
2026-09-10 10:07:53,CM cola Taller,Lucia Sosa,1234567890,yes,172,73,245,SIP/650
2026-09-10 10:07:31,CM cola Taller,Sofia Montaño,1234567890,yes,125,544,669,SIP/656
2026-09-10 10:07:08,CM cola Taller,Lucia Sosa,1234567890,yes,116,77,193,SIP/650
2026-09-10 10:06:14,CM cola Taller,Sofia Montaño,1234567890,yes,33,152,185,SIP/656
2026-09-10 10:02:31,CM cola Taller,Lucia Sosa,1234567890,yes,168,141,309,SIP/650
2026-09-10 09:57:10,CM cola Taller,,1234567890,no,51,0,0,
2026-09-10 09:53:59,MPC cola Taller,Sofia Montaño,1234567890,yes,392,246,638,SIP/656
2026-09-10 09:52:50,CM cola Taller,,1234567890,no,212,0,0,
2026-09-10 09:42:19,CM cola Taller,,1234567890,no,59,0,0,
2026-09-10 09:41:00,CM cola Taller,Lucia Sosa,1234567890,yes,778,218,996,SIP/650
2026-09-10 09:39:56,CM cola Taller,Camila Mias,251,yes,202,37,239,SIP/251
2026-09-10 09:37:56,CM cola Taller,Lucia Sosa,1234567890,yes,559,239,798,SIP/650
2026-09-10 09:34:47,CM cola Taller,Sabrina Mercado,250,yes,222,75,297,SIP/250
2026-09-10 09:31:56,CM cola Taller,,1234567890,no,335,0,0,
2026-09-10 09:31:34,MPC cola Taller,Lucia Sosa,1234567890,yes,108,131,239,SIP/650
2026-09-10 09:27:42,CM cola Taller,Camila Mias,251,yes,496,24,520,SIP/251
2026-09-10 09:24:19,CM cola Taller,Lucia Sosa,1234567890,yes,728,328,1056,SIP/650
2026-09-10 09:24:10,CM cola Taller,Lucia Sosa,1234567890,yes,371,153,524,SIP/650
2026-09-10 09:23:23,SF cola Taller,Lucia Sosa,1234567890,yes,237,71,308,SIP/650
2026-09-10 09:21:00,MPC cola Taller,Lucia Sosa,1234567890,yes,90,146,236,SIP/650
2026-09-10 09:16:09,CM cola Taller,Lucia Sosa,1234567890,yes,534,105,639,SIP/650
2026-09-10 09:15:20,CM cola Taller,Camila Mias,251,yes,19,22,41,SIP/251
2026-09-10 09:09:05,MPC cola Taller,,1234567890,no,424,0,0,
2026-09-10 09:07:49,CM cola Taller,Lucia Sosa,1234567890,yes,167,286,453,SIP/650
2026-09-10 09:07:03,CM cola Taller,,1234567890,no,5,0,0,
2026-09-10 08:59:43,MPC cola Taller,,1234567890,no,33,0,0,
2026-09-10 08:52:41,CM cola Taller,Lucia Sosa,1234567890,yes,479,96,575,SIP/650
2026-09-10 08:49:48,CM cola Taller,Camila Mias,251,yes,39,22,61,SIP/251
2026-09-10 08:39:20,CM cola Taller,Lucia Sosa,1234567890,yes,464,116,580,SIP/650
2026-09-10 08:38:19,CM cola Taller,Lucia Sosa,1234567890,yes,18,469,487,SIP/650
2026-09-10 08:28:40,CM cola Taller,Lucia Sosa,1234567890,yes,19,164,183,SIP/650
2026-09-10 08:17:29,CM cola Taller,Lucia Sosa,1234567890,yes,11,147,158,SIP/650
2026-09-10 08:12:07,CM cola Taller,Camila Mias,251,yes,22,30,52,SIP/251
2026-09-10 08:02:03,CM cola Taller,Lucia Sosa,1234567890,yes,51,170,221,SIP/650
2026-09-09 17:55:43,CM cola Taller,,1234567890,no,264,0,0,
2026-09-09 17:42:43,CM cola Taller,,1234567890,no,507,0,0,
2026-09-09 17:36:11,CM cola Taller,,1234567890,no,445,0,0,
2026-09-09 17:17:59,CM cola Taller,,1234567890,no,1432,0,0,
2026-09-09 17:13:11,CM cola Taller,,1234567890,no,262,0,0,
2026-09-09 17:11:32,CM cola Taller,Rocío Cornejo,1234567890,yes,447,902,1349,SIP/651
2026-09-09 17:07:39,CM cola Taller,,1234567890,no,211,0,0,
2026-09-09 16:59:21,CM cola Taller,Sabrina Mercado,250,yes,79,34,113,SIP/250
2026-09-09 16:57:54,CM cola Taller,,1234567890,no,21,0,0,
2026-09-09 16:53:24,CM cola Taller,Rocío Cornejo,1234567890,yes,226,251,477,SIP/651
2026-09-09 16:49:37,CM cola Taller,Rocío Cornejo,1234567890,yes,106,109,215,SIP/651
2026-09-09 16:42:31,CM cola Taller,Rocío Cornejo,1234567890,yes,12,206,218,SIP/651
2026-09-09 16:40:05,CM cola Taller,Camila Mias,251,yes,13,37,50,SIP/251
2026-09-09 16:36:43,SF cola Taller,,1234567890,no,69,0,0,
2026-09-09 16:35:26,SF cola Taller,,1234567890,no,58,0,0,
2026-09-09 16:22:55,CM cola Taller,Rocío Cornejo,1234567890,yes,289,425,714,SIP/651
2026-09-09 16:22:54,CM cola Taller,Rocío Cornejo,1234567890,yes,116,124,240,SIP/651
2026-09-09 16:21:15,CM cola Taller,Rocío Cornejo,1234567890,yes,7,201,208,SIP/651
2026-09-09 16:11:35,MPC cola Taller,,1234567890,no,421,0,0,
2026-09-09 16:09:56,CM cola Taller,Rocío Cornejo,1234567890,yes,491,148,639,SIP/651
2026-09-09 16:09:50,SF cola Taller,Rocío Cornejo,1234567890,yes,122,261,383,SIP/651
2026-09-09 16:09:10,SF cola Taller,Rocío Cornejo,1234567890,yes,3,154,157,SIP/651
2026-09-09 16:04:00,CM cola Taller,Rocío Cornejo,1234567890,yes,6,237,243,SIP/651
2026-09-09 15:56:53,CM cola Taller,Rocío Cornejo,1234567890,yes,77,104,181,SIP/651
2026-09-09 15:45:59,MPC cola Taller,Sofia Montaño,1234567890,yes,5,85,90,SIP/656
2026-09-09 15:45:00,CM cola Taller,Rocío Cornejo,1234567890,yes,7,217,224,SIP/651
2026-09-09 15:36:18,CM cola Taller,Camila Mias,251,yes,11,20,31,SIP/251
2026-09-09 15:31:05,MPC cola Taller,Rocío Cornejo,1234567890,yes,14,70,84,SIP/651
2026-09-09 15:04:36,CM cola Taller,Sofia Montaño,1234567890,yes,153,174,327,SIP/656
2026-09-09 15:03:42,CM cola Taller,Rocío Cornejo,1234567890,yes,176,291,467,SIP/651
2026-09-09 14:43:49,CM cola Taller,Rocío Cornejo,1234567890,yes,20,192,212,SIP/651
2026-09-09 14:39:42,SF cola Taller,Rocío Cornejo,1234567890,yes,19,26,45,SIP/651
2026-09-09 14:33:28,CM cola Taller,Sofia Montaño,1234567890,yes,30,209,239,SIP/656
2026-09-09 14:26:26,CM cola Taller,Sofia Montaño,1234567890,yes,180,80,260,SIP/656
2026-09-09 14:26:20,CM cola Taller,Sabrina Mercado,250,yes,12,44,56,SIP/250
2026-09-09 14:21:10,CM cola Taller,Sofia Montaño,1234567890,yes,121,93,214,SIP/656
2026-09-09 14:17:46,SF cola Taller,Rocío Cornejo,1234567890,yes,20,148,168,SIP/651
2026-09-09 14:15:35,CM cola Taller,Sofia Montaño,1234567890,yes,11,235,246,SIP/656
2026-09-09 14:04:27,CM cola Taller,Rocío Cornejo,1234567890,yes,14,87,101,SIP/651
2026-09-09 14:02:40,CM cola Taller,Sofia Montaño,1234567890,yes,12,56,68,SIP/656
2026-09-09 12:50:38,CM cola Taller,Alma Cordoba,1234567890,yes,10,135,145,SIP/655
2026-09-09 12:49:00,CM cola Taller,Rocío Cornejo,1234567890,yes,6,265,271,SIP/651
2026-09-09 12:38:43,CM cola Taller,Alma Cordoba,1234567890,yes,28,310,338,SIP/655
2026-09-09 12:36:13,CM cola Taller,Sabrina Mercado,250,yes,9,25,34,SIP/250
2026-09-09 12:34:15,CM cola Taller,,1234567890,no,2,0,0,
2026-09-09 12:19:48,CM cola Taller,Sofia Montaño,1234567890,yes,10,771,781,SIP/656
2026-09-09 12:07:52,CM cola Taller,Rocío Cornejo,1234567890,yes,18,171,189,SIP/651
2026-09-09 12:04:08,CM cola Taller,Alma Cordoba,1234567890,yes,17,202,219,SIP/655
2026-09-09 12:03:41,CM cola Taller,Sofia Montaño,1234567890,yes,9,310,319,SIP/656
2026-09-09 12:00:21,CM cola Taller,,1234567890,no,3,0,0,
2026-09-09 11:53:43,CM cola Taller,Rocío Cornejo,1234567890,yes,542,222,764,SIP/651
2026-09-09 11:53:30,CM cola Taller,Lucia Sosa,1234567890,yes,35,294,329,SIP/650
2026-09-09 11:49:16,CM cola Taller,Sofia Montaño,1234567890,yes,29,337,366,SIP/656
2026-09-09 11:44:56,CM cola Taller,Sofia Montaño,1234567890,yes,54,56,110,SIP/656
2026-09-09 11:43:38,CM cola Taller,,1234567890,no,45,0,0,
2026-09-09 11:41:59,CM cola Taller,Lucia Sosa,1234567890,yes,83,487,570,SIP/650
2026-09-09 11:35:27,CM cola Taller,Sofia Montaño,1234567890,yes,306,206,512,SIP/656
2026-09-09 11:33:15,CM cola Taller,Lucia Sosa,1234567890,yes,74,0,74,SIP/650
2026-09-09 11:30:41,MPC cola Taller,Agustina Vargas,255,yes,186,29,215,SIP/255
2026-09-09 11:28:56,CM cola Taller,Lucia Sosa,1234567890,yes,95,111,206,SIP/650
2026-09-09 11:24:41,CM cola Taller,Sofia Montaño,1234567890,yes,147,276,423,SIP/656
2026-09-09 11:24:24,CM cola Taller,Sofia Montaño,1234567890,yes,14,127,141,SIP/656
2026-09-09 11:22:07,MPC cola Taller,Lucia Sosa,1234567890,yes,173,284,457,SIP/650
2026-09-09 11:20:28,CM cola Taller,Lucia Sosa,1234567890,yes,14,146,160,SIP/650
2026-09-09 11:20:21,CM cola Taller,,1234567890,no,2,0,0,
2026-09-09 11:10:13,CM cola Taller,Lucia Sosa,1234567890,yes,13,351,364,SIP/650
2026-09-09 11:04:57,CM cola Taller,Sofia Montaño,1234567890,yes,14,142,156,SIP/656
2026-09-09 11:00:28,CM cola Taller,Sabrina Mercado,250,yes,185,37,222,SIP/250
2026-09-09 10:48:20,CM cola Taller,Sofia Montaño,1234567890,yes,6,62,68,SIP/656
2026-09-09 10:43:26,CM cola Taller,Martin Jalil,503,yes,6,356,362,SIP/503
2026-09-09 10:38:23,CM cola Taller,,1234567890,no,139,0,0,
2026-09-09 10:37:33,CM cola Taller,Lucia Sosa,1234567890,yes,156,247,403,SIP/650
2026-09-09 10:37:17,CM cola Taller,,1234567890,no,159,0,0,
2026-09-09 10:35:44,CM cola Taller,Sofia Montaño,1234567890,yes,108,58,166,SIP/656
2026-09-09 10:33:01,CM cola Taller,Sofia Montaño,1234567890,yes,364,94,458,SIP/656
2026-09-09 10:30:12,CM cola Taller,Sofia Montaño,1234567890,yes,252,82,334,SIP/656
2026-09-09 10:29:05,SF cola Taller,,1234567890,no,230,0,0,
2026-09-09 10:28:04,MPC cola Taller,,1234567890,no,423,0,0,
2026-09-09 10:24:36,CM cola Taller,Lucia Sosa,1234567890,yes,219,259,478,SIP/650
2026-09-09 10:24:25,SF cola Taller,,1234567890,no,421,0,0,
2026-09-09 10:24:22,MPC cola Taller,,1234567890,no,108,0,0,
2026-09-09 10:23:30,CM cola Taller,,1234567890,no,194,0,0,
2026-09-09 10:21:43,MPC cola Taller,Lucia Sosa,1234567890,yes,39,259,298,SIP/650
2026-09-09 10:19:14,CM cola Taller,,1234567890,no,200,0,0,
2026-09-09 10:15:58,CM cola Taller,,1234567890,no,362,0,0,
2026-09-09 10:11:37,CM cola Taller,Sofia Montaño,1234567890,yes,970,362,1332,SIP/656
2026-09-09 10:10:41,CM cola Taller,Camila Mias,251,yes,35,42,77,SIP/251
2026-09-09 10:10:35,CM cola Taller,Lucia Sosa,1234567890,yes,255,310,565,SIP/650
2026-09-09 10:07:21,CM cola Taller,,1234567890,no,180,0,0,
2026-09-09 10:02:37,CM cola Taller,,1234567890,no,362,0,0,
2026-09-09 10:00:19,CM cola Taller,,1234567890,no,143,0,0,
2026-09-09 10:00:04,CM cola Taller,Sofia Montaño,1234567890,yes,281,385,666,SIP/656
2026-09-09 09:58:39,CM cola Taller,,1234567890,no,23,0,0,
2026-09-09 09:54:09,CM cola Taller,,1234567890,no,211,0,0,
2026-09-09 09:53:52,CM cola Taller,Sofia Montaño,1234567890,yes,320,270,590,SIP/656
2026-09-09 09:53:33,CM cola Taller,Lucia Sosa,499,yes,511,118,629,SIP/650
2026-09-09 09:50:25,CM cola Taller,,1234567890,no,162,0,0,
2026-09-09 09:50:03,CM cola Taller,,1234567890,no,124,0,0,
2026-09-09 09:49:58,CM cola Taller,Camila Mias,251,yes,239,30,269,SIP/251
2026-09-09 09:49:31,CM cola Taller,,1234567890,no,518,0,0,
2026-09-09 09:48:38,CM cola Taller,Lucia Sosa,1234567890,yes,298,311,609,SIP/650
2026-09-09 09:45:24,SF cola Taller,,1234567890,no,56,0,0,
2026-09-09 09:43:58,CM cola Taller,Lucia Sosa,1234567890,yes,354,118,472,SIP/650
2026-09-09 09:42:46,CM cola Taller,,1234567890,no,414,0,0,
2026-09-09 09:40:05,CM cola Taller,Lucia Sosa,1234567890,yes,68,277,345,SIP/650
2026-09-09 09:39:32,SF cola Taller,,1234567890,no,420,0,0,
2026-09-09 09:37:27,CM cola Taller,,1234567890,no,213,0,0,
2026-09-09 09:34:06,CM cola Taller,Lucia Sosa,1234567890,yes,16,389,405,SIP/650
2026-09-09 09:29:22,CM cola Taller,,499,yes,180,196,376,SIP/499
2026-09-09 09:27:48,CM cola Taller,,1234567890,no,48,0,0,
2026-09-09 09:26:03,CM cola Taller,Lucia Sosa,1234567890,yes,17,307,324,SIP/650
2026-09-09 09:16:49,CM cola Taller,Camila Mias,251,yes,146,44,190,SIP/251
2026-09-09 09:16:13,CM cola Taller,,1234567890,no,299,0,0,
2026-09-09 09:13:43,CM cola Taller,Sabrina Mercado,250,yes,194,54,248,SIP/250
2026-09-09 09:13:07,CM cola Taller,Lucia Sosa,1234567890,yes,358,145,503,SIP/650
2026-09-09 09:12:19,CM cola Taller,,1234567890,no,156,0,0,
2026-09-09 09:09:13,CM cola Taller,,1234567890,no,148,0,0,
2026-09-09 09:06:26,CM cola Taller,,1234567890,no,79,0,0,
2026-09-09 09:06:24,CM cola Taller,,1234567890,no,158,0,0,
2026-09-09 09:03:22,CM cola Taller,Lucia Sosa,1234567890,yes,225,535,760,SIP/650
2026-09-09 09:03:18,SF cola Taller,,1234567890,no,145,0,0,
2026-09-09 08:55:15,CM cola Taller,,1234567890,no,409,0,0,
2026-09-09 08:50:29,MPC cola Taller,Lucia Sosa,1234567890,yes,46,568,614,SIP/650
2026-09-09 08:50:24,CM cola Taller,,1234567890,no,209,0,0,
2026-09-09 08:49:21,CM cola Taller,Lucia Sosa,1234567890,yes,774,269,1043,SIP/650
2026-09-09 08:45:28,CM cola Taller,,1234567890,no,85,0,0,
2026-09-09 08:43:42,CM cola Taller,Lucia Sosa,1234567890,yes,56,295,351,SIP/650
2026-09-09 08:40:37,CM cola Taller,Lucia Sosa,1234567890,yes,47,162,209,SIP/650
2026-09-09 08:31:04,CM cola Taller,Lucia Sosa,1234567890,yes,17,102,119,SIP/650
2026-09-09 08:28:44,MPC cola Taller,Lucia Sosa,1234567890,yes,19,125,144,SIP/650
2026-09-09 08:16:31,CM cola Taller,Lucia Sosa,1234567890,yes,220,307,527,SIP/650
2026-09-09 08:13:01,CM cola Taller,,1234567890,no,365,0,0,
2026-09-09 08:12:02,CM cola Taller,Lucia Sosa,1234567890,yes,18,429,447,SIP/650
2026-09-08 17:51:18,CM cola Taller,,1234567890,no,59,0,0,
2026-09-08 17:49:17,CM cola Taller,,1234567890,no,53,0,0,
2026-09-08 17:36:49,CM cola Taller,,1234567890,no,256,0,0,
2026-09-08 17:01:43,CM cola Taller,,1234567890,no,985,0,0,
2026-09-08 16:59:59,CM cola Taller,,1234567890,no,5,0,0,
2026-09-08 16:54:32,SF cola Taller,,1234567890,no,207,0,0,
2026-09-08 16:54:10,CM cola Taller,,1234567890,no,163,0,0,
2026-09-08 16:48:49,CM cola Taller,,1234567890,no,46,0,0,
2026-09-08 16:46:36,CM cola Taller,,1234567890,no,343,0,0,
2026-09-08 16:44:45,SF cola Taller,,1234567890,no,165,0,0,
2026-09-08 16:39:27,CM cola Taller,Maria de la Paz Gomez,250,yes,779,117,896,SIP/308
2026-09-08 16:35:26,CM cola Taller,,1234567890,no,348,0,0,
2026-09-08 16:34:58,CM cola Taller,Alma Cordoba,1234567890,yes,37,138,175,SIP/655
2026-09-08 16:11:28,CM cola Taller,,1234567890,no,191,0,0,
2026-09-08 16:11:28,MPC cola Taller,,1234567890,no,43,0,0,
2026-09-08 16:10:35,CM cola Taller,Alma Cordoba,1234567890,yes,559,161,720,SIP/655
2026-09-08 16:07:10,CM cola Taller,Alma Cordoba,1234567890,yes,313,219,532,SIP/655
2026-09-08 16:06:23,CM cola Taller,Alma Cordoba,1234567890,yes,28,184,212,SIP/655
2026-09-08 15:59:54,CM cola Taller,,1234567890,no,96,0,0,
2026-09-08 15:58:58,CM cola Taller,Alma Cordoba,1234567890,yes,276,133,409,SIP/655
2026-09-08 15:57:21,CM cola Taller,Alma Cordoba,1234567890,yes,78,140,218,SIP/655
2026-09-08 15:49:50,CM cola Taller,Alma Cordoba,1234567890,yes,108,215,323,SIP/655
2026-09-08 15:45:14,CM cola Taller,Sofia Montaño,1234567890,yes,8,524,532,SIP/656
2026-09-08 15:42:49,CM cola Taller,Alma Cordoba,1234567890,yes,10,17,27,SIP/655
2026-09-08 15:35:36,CM cola Taller,Martin Jalil,503,yes,4,11,15,SIP/503
2026-09-08 15:26:59,SF cola Taller,Sofia Montaño,1234567890,yes,6,110,116,SIP/656
2026-09-08 15:23:27,CM cola Taller,Sofia Montaño,1234567890,yes,7,195,202,SIP/656
2026-09-08 15:13:09,CM cola Taller,Alma Cordoba,1234567890,yes,327,206,533,SIP/655
2026-09-08 15:10:41,CM cola Taller,Alma Cordoba,1234567890,yes,199,149,348,SIP/655
2026-09-08 15:04:19,MPC cola Taller,Sofia Montaño,1234567890,yes,67,115,182,SIP/656
2026-09-08 15:00:46,MPC cola Taller,Alma Cordoba,255,yes,225,100,325,SIP/655
2026-09-08 14:59:04,CM cola Taller,Sofia Montaño,1234567890,yes,12,123,135,SIP/656
2026-09-08 14:53:39,CM cola Taller,Sofia Montaño,1234567890,yes,10,259,269,SIP/656
2026-09-08 14:46:23,CM cola Taller,Alma Cordoba,1234567890,yes,8,122,130,SIP/655
2026-09-08 14:39:35,CM cola Taller,Alma Cordoba,1234567890,yes,106,186,292,SIP/655
2026-09-08 14:36:02,SF cola Taller,Alma Cordoba,1234567890,yes,85,113,198,SIP/655
2026-09-08 14:34:33,CM cola Taller,Alma Cordoba,1234567890,yes,28,106,134,SIP/655
2026-09-08 14:28:24,CM cola Taller,Camila Mias,251,yes,15,39,54,SIP/251
2026-09-08 14:26:09,CM cola Taller,Sabrina Mercado,250,yes,186,58,244,SIP/250
2026-09-08 14:23:55,CM cola Taller,Camila Mias,251,yes,9,28,37,SIP/251
2026-09-08 14:23:43,CM cola Taller,Alma Cordoba,1234567890,yes,7,221,228,SIP/655
2026-09-08 14:17:24,CM cola Taller,Alma Cordoba,1234567890,yes,13,28,41,SIP/655
2026-09-08 14:13:55,CM cola Taller,Sofia Montaño,1234567890,yes,99,231,330,SIP/656
2026-09-08 14:12:55,CM cola Taller,,1234567890,no,120,0,0,
2026-09-08 14:10:56,CM cola Taller,Alma Cordoba,1234567890,yes,75,80,155,SIP/655
2026-09-08 14:07:35,CM cola Taller,Camila Mias,251,yes,7,18,25,SIP/251
2026-09-08 14:04:38,CM cola Taller,Sofia Montaño,1234567890,yes,4,113,117,SIP/656
2026-09-08 12:54:49,CM cola Taller,,1234567890,no,367,0,0,
2026-09-08 12:52:07,CM cola Taller,,1234567890,no,94,0,0,
2026-09-08 12:50:27,CM cola Taller,,1234567890,no,224,0,0,
2026-09-08 12:50:21,CM cola Taller,,1234567890,no,582,0,0,
2026-09-08 12:47:58,CM cola Taller,,1234567890,no,56,0,0,
2026-09-08 12:40:43,CM cola Taller,,1234567890,no,580,0,0,
2026-09-08 12:39:20,CM cola Taller,,1234567890,no,5,0,0,
2026-09-08 12:38:53,SF cola Taller,,1234567890,no,422,0,0,
2026-09-08 12:21:34,CM cola Taller,,1234567890,no,55,0,0,
2026-09-08 12:17:08,SF cola Taller,Sofia Montaño,1234567890,yes,20,239,259,SIP/656
2026-09-08 12:15:20,SF cola Taller,Rocío Cornejo,1234567890,yes,4,18,22,SIP/651
2026-09-08 12:10:29,CM cola Taller,Sofia Montaño,1234567890,yes,10,121,131,SIP/656
2026-09-08 12:07:19,MPC cola Taller,Rocío Cornejo,1234567890,yes,14,192,206,SIP/651
2026-09-08 12:05:20,CM cola Taller,Sofia Montaño,1234567890,yes,10,144,154,SIP/656
2026-09-08 12:03:39,CM cola Taller,Alma Cordoba,1234567890,yes,15,191,206,SIP/655
2026-09-08 11:55:16,MPC cola Taller,Lucia Sosa,1234567890,yes,28,67,95,SIP/650
2026-09-08 11:48:42,CM cola Taller,Alma Cordoba,1234567890,yes,15,62,77,SIP/655
2026-09-08 11:42:06,CM cola Taller,Lucia Sosa,1234567890,yes,24,164,188,SIP/650
2026-09-08 11:39:18,SF cola Taller,Rocío Cornejo,1234567890,yes,7,225,232,SIP/651
2026-09-08 11:29:58,SF cola Taller,Alma Cordoba,1234567890,yes,17,169,186,SIP/655
2026-09-08 11:28:53,CM cola Taller,Sofia Montaño,1234567890,yes,103,123,226,SIP/656
2026-09-08 11:26:49,CM cola Taller,Alma Cordoba,1234567890,yes,8,95,103,SIP/655
2026-09-08 11:21:48,CM cola Taller,Sofia Montaño,1234567890,yes,10,413,423,SIP/656
2026-09-08 11:19:14,CM cola Taller,Alma Cordoba,1234567890,yes,19,198,217,SIP/655
2026-09-08 11:18:18,CM cola Taller,Lucia Sosa,1234567890,yes,15,605,620,SIP/650
2026-09-08 11:16:24,CM cola Taller,Alma Cordoba,1234567890,yes,12,66,78,SIP/655
2026-09-08 11:15:44,SF cola Taller,Sofia Montaño,1234567890,yes,15,290,305,SIP/656
2026-09-08 11:08:53,MPC cola Taller,Sofia Montaño,1234567890,yes,89,132,221,SIP/656
2026-09-08 11:07:08,CM cola Taller,Alma Cordoba,1234567890,yes,5,277,282,SIP/655
2026-09-08 11:06:44,CM cola Taller,Sofia Montaño,1234567890,yes,14,174,188,SIP/656
2026-09-08 10:59:47,SF cola Taller,Rocío Cornejo,1234567890,yes,11,96,107,SIP/651
2026-09-08 10:59:25,CM cola Taller,Sofia Montaño,1234567890,yes,6,142,148,SIP/656
2026-09-08 10:58:27,CM cola Taller,,1234567890,no,2,0,0,
2026-09-08 10:55:28,CM cola Taller,Lucia Sosa,1234567890,yes,163,160,323,SIP/650
2026-09-08 10:53:32,CM cola Taller,Camila Mias,251,yes,6,31,37,SIP/251
2026-09-08 10:48:55,CM cola Taller,,1234567890,no,61,0,0,
2026-09-08 10:46:34,CM cola Taller,Lucia Sosa,1234567890,yes,36,263,299,SIP/650
2026-09-08 10:42:35,SF cola Taller,Lucia Sosa,1234567890,yes,25,94,119,SIP/650
2026-09-08 10:39:29,MPC cola Taller,Lucia Sosa,1234567890,yes,18,95,113,SIP/650
2026-09-08 10:38:43,CM cola Taller,Sofia Montaño,1234567890,yes,12,479,491,SIP/656
2026-09-08 10:21:18,SF cola Taller,Lucia Sosa,1234567890,yes,271,102,373,SIP/650
2026-09-08 10:20:10,CM cola Taller,Sofia Montaño,1234567890,yes,182,183,365,SIP/656
2026-09-08 10:19:21,CM cola Taller,Sofia Montaño,1234567890,yes,14,177,191,SIP/656
2026-09-08 10:17:16,MPC cola Taller,Lucia Sosa,1234567890,yes,32,64,96,SIP/650
2026-09-08 10:16:51,MPC cola Taller,Sofia Montaño,1234567890,yes,6,145,151,SIP/656
2026-09-08 10:16:22,CM cola Taller,,1234567890,no,2,0,0,
2026-09-08 10:14:35,CM cola Taller,Lucia Sosa,1234567890,yes,27,139,166,SIP/650
2026-09-08 10:14:25,CM cola Taller,Sofia Montaño,1234567890,yes,6,118,124,SIP/656
2026-09-08 10:12:12,CM cola Taller,Sabrina Mercado,250,yes,52,26,78,SIP/250
2026-09-08 10:07:11,CM cola Taller,Sofia Montaño,900,yes,6,36,42,SIP/656
2026-09-08 10:01:58,CM cola Taller,Sofia Montaño,250,yes,111,160,271,SIP/656
2026-09-08 10:00:39,CM cola Taller,Camila Mias,251,yes,134,56,190,SIP/251
2026-09-08 09:58:06,MPC cola Taller,Rocío Cornejo,1234567890,yes,116,145,261,SIP/651
2026-09-08 09:57:42,CM cola Taller,Lucia Sosa,1234567890,yes,104,150,254,SIP/650
2026-09-08 09:53:06,CM cola Taller,Lucia Sosa,1234567890,yes,208,145,353,SIP/650
2026-09-08 09:52:12,CM cola Taller,Rocío Cornejo,1234567890,yes,46,247,293,SIP/651
2026-09-08 09:49:28,CM cola Taller,Rocío Cornejo,1234567890,yes,36,105,141,SIP/651
2026-09-08 09:49:26,CM cola Taller,Lucia Sosa,1234567890,yes,21,361,382,SIP/650
2026-09-08 09:47:04,SF cola Taller,Rocío Cornejo,1234567890,yes,126,40,166,SIP/651
2026-09-08 09:43:33,MPC cola Taller,Lucia Sosa,1234567890,yes,179,149,328,SIP/650
2026-09-08 09:40:15,CM cola Taller,,1234567890,no,313,0,0,
2026-09-08 09:39:14,CM cola Taller,Camila Mias,251,yes,216,29,245,SIP/251
2026-09-08 09:38:37,CM cola Taller,Lucia Sosa,1234567890,yes,71,254,325,SIP/650
2026-09-08 09:35:56,CM cola Taller,Lucia Sosa,1234567890,yes,115,100,215,SIP/650
2026-09-08 09:33:37,CM cola Taller,Matias Villafane,502,yes,113,582,695,SIP/502
2026-09-08 09:22:25,CM cola Taller,Rocío Cornejo,1234567890,yes,106,217,323,SIP/651
2026-09-08 09:15:19,CM cola Taller,,499,yes,406,24,430,SIP/499
2026-09-08 09:13:57,CM cola Taller,Rocío Cornejo,1234567890,yes,60,114,174,SIP/651
2026-09-08 09:11:23,CM cola Taller,,1234567890,no,813,0,0,
2026-09-08 09:07:47,CM cola Taller,Rocío Cornejo,1234567890,yes,186,112,298,SIP/651
2026-09-08 09:06:09,MPC cola Taller,Rocío Cornejo,1234567890,yes,112,124,236,SIP/651
2026-09-08 09:05:15,CM cola Taller,Rocío Cornejo,1234567890,yes,12,125,137,SIP/651
2026-09-08 09:03:56,MPC cola Taller,Lucia Sosa,1234567890,yes,81,247,328,SIP/650
2026-09-08 08:37:49,CM cola Taller,,1234567890,no,164,0,0,
2026-09-08 08:36:35,CM cola Taller,Lucia Sosa,1234567890,yes,28,215,243,SIP/650
2026-09-08 08:34:24,CM cola Taller,Lucia Sosa,Anonymous,yes,476,437,913,SIP/650
2026-09-08 08:32:40,CM cola Taller,Rocío Cornejo,1234567890,yes,44,192,236,SIP/651
2026-09-08 08:29:49,CM cola Taller,Rocío Cornejo,1234567890,yes,57,107,164,SIP/651
2026-09-08 08:29:37,CM cola Taller,Lucia Sosa,1234567890,yes,11,416,427,SIP/650
2026-09-08 08:25:36,CM cola Taller,Lucia Sosa,1234567890,yes,13,155,168,SIP/650
2026-09-08 08:18:03,SF cola Taller,Rocío Cornejo,1234567890,yes,10,144,154,SIP/651
2026-09-07 17:41:04,CM cola Taller,,1234567890,no,1414,0,0,
2026-09-07 17:30:27,CM cola Taller,,1234567890,no,512,0,0,
2026-09-07 17:19:50,CM cola Taller,,1234567890,no,239,0,0,
2026-09-07 17:18:53,CM cola Taller,,1234567890,no,542,0,0,
2026-09-07 17:12:09,CM cola Taller,,1234567890,no,327,0,0,
2026-09-07 17:03:17,CM cola Taller,,1234567890,no,4,0,0,
2026-09-07 17:00:37,CM cola Taller,,1234567890,no,1062,0,0,
2026-09-07 16:54:14,CM cola Taller,Sabrina Mercado,250,yes,445,57,502,SIP/250
2026-09-07 16:48:50,CM cola Taller,,1234567890,no,1857,0,0,
2026-09-07 16:47:34,CM cola Taller,,1234567890,no,23,0,0,
2026-09-07 16:42:28,CM cola Taller,Alma Cordoba,1234567890,yes,454,346,800,SIP/655
2026-09-07 16:42:28,CM cola Taller,,499,yes,203,19,222,SIP/499
2026-09-07 16:19:31,CM cola Taller,Alma Cordoba,1234567890,yes,46,176,222,SIP/655
2026-09-07 16:18:30,MPC cola Taller,,1234567890,no,2,0,0,
2026-09-07 16:11:33,CM cola Taller,,1234567890,no,236,0,0,
2026-09-07 16:07:26,MPC cola Taller,,1234567890,no,420,0,0,
2026-09-07 16:05:26,CM cola Taller,Camila Mias,251,yes,363,15,378,SIP/251
2026-09-07 15:56:19,CM cola Taller,Rocío Cornejo,1234567890,yes,30,331,361,SIP/651
2026-09-07 15:52:36,CM cola Taller,Alma Cordoba,1234567890,yes,168,239,407,SIP/655
2026-09-07 15:50:37,CM cola Taller,Alma Cordoba,1234567890,yes,15,204,219,SIP/655
2026-09-07 15:46:42,MPC cola Taller,,1234567890,no,123,0,0,
2026-09-07 15:37:52,CM cola Taller,Camila Mias,251,yes,11,32,43,SIP/251
2026-09-07 15:34:28,CM cola Taller,Sabrina Mercado,250,yes,9,38,47,SIP/250
2026-09-07 15:27:28,CM cola Taller,,670,no,24,0,0,
2026-09-07 15:27:25,CM cola Taller,Alma Cordoba,1234567890,yes,250,167,417,SIP/655
2026-09-07 15:26:48,MPC cola Taller,Alma Cordoba,1234567890,yes,22,159,181,SIP/655
2026-09-07 15:20:08,MPC cola Taller,Rocío Cornejo,1234567890,yes,117,46,163,SIP/651
2026-09-07 15:20:06,CM cola Taller,Alma Cordoba,1234567890,yes,19,93,112,SIP/655
2026-09-07 15:05:24,CM cola Taller,,1234567890,no,142,0,0,
2026-09-07 15:02:17,CM cola Taller,Alma Cordoba,1234567890,yes,32,184,216,SIP/655
2026-09-07 14:59:50,MPC cola Taller,Alma Cordoba,1234567890,yes,28,59,87,SIP/655
2026-09-07 14:56:41,CM cola Taller,Rocío Cornejo,1234567890,yes,85,242,327,SIP/651
2026-09-07 14:55:06,CM cola Taller,Alma Cordoba,1234567890,yes,61,172,233,SIP/655
2026-09-07 14:54:48,CM cola Taller,Alma Cordoba,503,yes,27,27,54,SIP/655
2026-09-07 14:43:15,MPC cola Taller,Alma Cordoba,1234567890,yes,130,27,157,SIP/655
2026-09-07 14:42:00,CM cola Taller,,1234567890,no,249,0,0,
2026-09-07 14:41:59,CM cola Taller,Alma Cordoba,1234567890,yes,8,160,168,SIP/655
2026-09-07 14:40:31,CM cola Taller,Rocío Cornejo,1234567890,yes,9,195,204,SIP/651
2026-09-07 14:27:54,CM cola Taller,Rocío Cornejo,1234567890,yes,6,238,244,SIP/651
2026-09-07 14:25:08,CM cola Taller,Alma Cordoba,1234567890,yes,30,134,164,SIP/655
2026-09-07 14:24:59,CM cola Taller,Rocío Cornejo,1234567890,yes,13,31,44,SIP/651
2026-09-07 14:24:29,CM cola Taller,,1234567890,no,2,0,0,
2026-09-07 14:21:05,MPC cola Taller,Alma Cordoba,1234567890,yes,7,172,179,SIP/655
2026-09-07 14:18:58,CM cola Taller,Alma Cordoba,1234567890,yes,28,93,121,SIP/655
2026-09-07 14:18:12,CM cola Taller,Rocío Cornejo,1234567890,yes,55,126,181,SIP/651
2026-09-07 14:16:34,CM cola Taller,,901,no,60,0,0,
2026-09-07 14:15:22,CM cola Taller,,1234567890,no,179,0,0,
2026-09-07 14:12:45,CM cola Taller,Alma Cordoba,1234567890,yes,207,159,366,SIP/655
2026-09-07 14:11:12,CM cola Taller,Rocío Cornejo,1234567890,yes,125,314,439,SIP/651
2026-09-07 14:11:08,CM cola Taller,,1234567890,no,40,0,0,
2026-09-07 14:10:39,CM cola Taller,Alma Cordoba,1234567890,yes,47,269,316,SIP/655
2026-09-07 14:07:31,MPC cola Taller,Alma Cordoba,1234567890,yes,81,137,218,SIP/655
2026-09-07 14:06:06,CM cola Taller,Alma Cordoba,1234567890,yes,17,129,146,SIP/655
2026-09-07 14:03:10,CM cola Taller,Rocío Cornejo,1234567890,yes,22,314,336,SIP/651
2026-09-07 14:02:03,CM cola Taller,,1234567890,no,5,0,0,
2026-09-07 12:58:04,CM cola Taller,Sabrina Mercado,250,yes,331,32,363,SIP/250
2026-09-07 12:48:24,CM cola Taller,Alma Cordoba,1234567890,yes,8,338,346,SIP/655
2026-09-07 12:41:06,CM cola Taller,Sofia Montaño,1234567890,yes,39,160,199,SIP/656
2026-09-07 12:40:53,CM cola Taller,Camila Mias,251,yes,33,31,64,SIP/251
2026-09-07 12:39:11,CM cola Taller,,1234567890,no,0,0,0,
2026-09-07 12:38:52,CM cola Taller,Sofia Montaño,1234567890,yes,19,114,133,SIP/656
2026-09-07 12:27:06,CM cola Taller,Alma Cordoba,1234567890,yes,88,101,189,SIP/655
2026-09-07 12:22:17,CM cola Taller,Sofia Montaño,1234567890,yes,36,345,381,SIP/656
2026-09-07 12:22:16,CM cola Taller,Alma Cordoba,1234567890,yes,21,87,108,SIP/655
2026-09-07 12:18:15,CM cola Taller,Rocío Cornejo,1234567890,yes,9,576,585,SIP/651
2026-09-07 12:15:59,CM cola Taller,Sofia Montaño,1234567890,yes,43,295,338,SIP/656
2026-09-07 12:14:42,CM cola Taller,Rocío Cornejo,1234567890,yes,53,110,163,SIP/651
2026-09-07 12:10:28,CM cola Taller,Rocío Cornejo,1234567890,yes,30,67,97,SIP/651
2026-09-07 12:05:50,CM cola Taller,Camila Mias,251,yes,113,27,140,SIP/251
2026-09-07 12:04:20,CM cola Taller,Sofia Montaño,1234567890,yes,19,200,219,SIP/656
2026-09-07 12:01:08,CM cola Taller,Rocío Cornejo,1234567890,yes,38,39,77,SIP/651
2026-09-07 11:58:07,CM cola Taller,Lucia Sosa,1234567890,yes,38,141,179,SIP/650
2026-09-07 11:55:44,CM cola Taller,Alma Cordoba,1234567890,yes,8,407,415,SIP/655
2026-09-07 11:55:19,MPC cola Taller,Lucia Sosa,1234567890,yes,11,74,85,SIP/650
2026-09-07 11:51:24,CM cola Taller,Sofia Montaño,1234567890,yes,7,479,486,SIP/656
2026-09-07 11:46:12,CM cola Taller,Sofia Montaño,1234567890,yes,13,231,244,SIP/656
2026-09-07 11:43:17,CM cola Taller,Alma Cordoba,1234567890,yes,20,275,295,SIP/655
2026-09-07 11:39:18,CM cola Taller,Alma Cordoba,1234567890,yes,9,184,193,SIP/655
2026-09-07 11:38:02,MPC cola Taller,Lucia Sosa,1234567890,yes,11,302,313,SIP/650
2026-09-07 11:28:26,CM cola Taller,Alma Cordoba,1234567890,yes,236,97,333,SIP/655
2026-09-07 11:27:39,CM cola Taller,Camila Mias,251,yes,7,31,38,SIP/251
2026-09-07 11:24:39,CM cola Taller,Alma Cordoba,1234567890,yes,275,132,407,SIP/655
2026-09-07 11:24:17,CM cola Taller,Lucia Sosa,1234567890,yes,10,381,391,SIP/650
2026-09-07 11:22:47,CM cola Taller,Sabrina Mercado,250,yes,13,41,54,SIP/250
2026-09-07 11:16:08,MPC cola Taller,Lucia Sosa,1234567890,yes,122,90,212,SIP/650
2026-09-07 11:11:16,MPC cola Taller,Alma Cordoba,1234567890,yes,294,195,489,SIP/655
2026-09-07 11:10:10,CM cola Taller,Sofia Montaño,1234567890,yes,36,386,422,SIP/656
2026-09-07 11:09:57,CM cola Taller,Lucia Sosa,1234567890,yes,124,272,396,SIP/650
2026-09-07 11:06:52,CM cola Taller,Alma Cordoba,1234567890,yes,14,228,242,SIP/655
2026-09-07 11:03:18,CM cola Taller,Sabrina Mercado,250,yes,136,22,158,SIP/250
2026-09-07 11:01:41,CM cola Taller,Sofia Montaño,1234567890,yes,20,262,282,SIP/656
2026-09-07 11:00:39,CM cola Taller,,1234567890,no,57,0,0,
2026-09-07 11:00:32,CM cola Taller,Alma Cordoba,1234567890,yes,12,164,176,SIP/655
2026-09-07 11:00:32,CM cola Taller,Lucia Sosa,1234567890,yes,26,167,193,SIP/650
2026-09-07 10:57:26,MPC cola Taller,Alma Cordoba,1234567890,yes,12,48,60,SIP/655
2026-09-07 10:55:26,MPC cola Taller,Alma Cordoba,1234567890,yes,16,13,29,SIP/655
2026-09-07 10:54:39,CM cola Taller,Camila Mias,251,yes,17,22,39,SIP/251
2026-09-07 10:50:14,CM cola Taller,Sofia Montaño,1234567890,yes,16,267,283,SIP/656
2026-09-07 10:47:43,MPC cola Taller,Lucia Sosa,1234567890,yes,15,106,121,SIP/650
2026-09-07 10:46:19,CM cola Taller,Sofia Montaño,1234567890,yes,38,153,191,SIP/656
2026-09-07 10:45:27,CM cola Taller,Alma Cordoba,1234567890,yes,85,148,233,SIP/655
2026-09-07 10:45:16,MPC cola Taller,,1234567890,no,27,0,0,
2026-09-07 10:40:33,CM cola Taller,Lucia Sosa,1234567890,yes,12,44,56,SIP/650
2026-09-07 10:36:22,CM cola Taller,Alma Cordoba,1234567890,yes,13,129,142,SIP/655
2026-09-07 10:29:19,CM cola Taller,Lucia Sosa,1234567890,yes,38,76,114,SIP/650
2026-09-07 10:27:40,MPC cola Taller,Alma Cordoba,1234567890,yes,21,142,163,SIP/655
2026-09-07 10:18:55,MPC cola Taller,Lucia Sosa,1234567890,yes,171,300,471,SIP/650
2026-09-07 10:17:49,CM cola Taller,Alma Cordoba,1234567890,yes,186,121,307,SIP/655
2026-09-07 10:16:31,MPC cola Taller,Lucia Sosa,1234567890,yes,52,162,214,SIP/650
2026-09-07 10:15:31,CM cola Taller,Sofia Montaño,1234567890,yes,13,504,517,SIP/656
2026-09-07 10:14:21,CM cola Taller,Alma Cordoba,1234567890,yes,30,139,169,SIP/655
2026-09-07 10:12:33,MPC cola Taller,,1234567890,no,108,0,0,
2026-09-07 10:11:49,MPC cola Taller,Lucia Sosa,1234567890,yes,24,278,302,SIP/650
2026-09-07 10:11:28,CM cola Taller,Alma Cordoba,1234567890,yes,25,160,185,SIP/655
2026-09-07 10:11:27,CM cola Taller,Sofia Montaño,1234567890,yes,11,218,229,SIP/656
2026-09-07 10:05:03,CM cola Taller,Sofia Montaño,1234567890,yes,63,89,152,SIP/656
2026-09-07 10:05:02,CM cola Taller,Lucia Sosa,1234567890,yes,61,287,348,SIP/650
2026-09-07 10:03:58,CM cola Taller,Sofia Montaño,1234567890,yes,7,98,105,SIP/656
2026-09-07 09:58:11,CM cola Taller,Matias Villafane,250,yes,226,93,319,SIP/502
2026-09-07 09:57:06,MPC cola Taller,,1234567890,no,248,0,0,
2026-09-07 09:55:27,CM cola Taller,Alma Cordoba,1234567890,yes,46,178,224,SIP/655
2026-09-07 09:55:23,CM cola Taller,Sabrina Mercado,250,yes,41,20,61,SIP/250
2026-09-07 09:52:34,CM cola Taller,Lucia Sosa,1234567890,yes,18,73,91,SIP/650
2026-09-07 09:50:17,CM cola Taller,Alma Cordoba,1234567890,yes,19,210,229,SIP/655
2026-09-07 09:48:16,MPC cola Taller,Lucia Sosa,1234567890,yes,13,139,152,SIP/650
2026-09-07 09:46:35,MPC cola Taller,Alma Cordoba,1234567890,yes,9,220,229,SIP/655
2026-09-07 09:46:07,CM cola Taller,Sabrina Mercado,250,yes,15,52,67,SIP/250
2026-09-07 09:37:07,CM cola Taller,Lucia Sosa,1234567890,yes,21,103,124,SIP/650
2026-09-07 09:32:40,CM cola Taller,Alma Cordoba,1234567890,yes,126,117,243,SIP/655
2026-09-07 09:31:58,CM cola Taller,Sabrina Mercado,250,yes,151,20,171,SIP/250
2026-09-07 09:29:20,CM cola Taller,Sabrina Mercado,250,yes,120,19,139,SIP/250
2026-09-07 09:23:48,CM cola Taller,Lucia Sosa,1234567890,yes,344,279,623,SIP/650
2026-09-07 09:23:34,CM cola Taller,Alma Cordoba,1234567890,yes,175,174,349,SIP/655
2026-09-07 09:20:53,CM cola Taller,Lucia Sosa,1234567890,yes,327,90,417,SIP/650
2026-09-07 09:19:35,CM cola Taller,Lucia Sosa,1234567890,yes,15,361,376,SIP/650
2026-09-07 09:19:33,CM cola Taller,Alma Cordoba,1234567890,yes,13,384,397,SIP/655
2026-09-07 09:13:50,CM cola Taller,Lucia Sosa,1234567890,yes,8,105,113,SIP/650
2026-09-07 09:04:57,CM cola Taller,Alma Cordoba,1234567890,yes,13,265,278,SIP/655
2026-09-07 09:00:23,CM cola Taller,Alma Cordoba,1234567890,yes,36,120,156,SIP/655
2026-09-07 08:58:43,CM cola Taller,Alma Cordoba,1234567890,yes,10,113,123,SIP/655
2026-09-07 08:57:07,CM cola Taller,Alma Cordoba,1234567890,yes,7,48,55,SIP/655
2026-09-07 08:56:32,CM cola Taller,Lucia Sosa,1234567890,yes,16,315,331,SIP/650
2026-09-07 08:46:20,MPC cola Taller,Lucia Sosa,1234567890,yes,14,242,256,SIP/650
2026-09-07 08:36:49,CM cola Taller,Alma Cordoba,1234567890,yes,13,224,237,SIP/655
2026-09-07 08:23:25,SF cola Taller,Alma Cordoba,1234567890,yes,4,65,69,SIP/655
2026-09-07 08:16:05,CM cola Taller,Lucia Sosa,1234567890,yes,13,238,251,SIP/650
2026-09-04 16:56:50,MPC cola Taller,Rocío Cornejo,1234567890,yes,282,144,426,SIP/651
2026-09-04 16:41:49,CM cola Taller,Rocío Cornejo,1234567890,yes,240,153,393,SIP/651
2026-09-04 16:36:13,CM cola Taller,Rocío Cornejo,1234567890,yes,361,175,536,SIP/651
2026-09-04 16:34:11,CM cola Taller,Rocío Cornejo,1234567890,yes,10,319,329,SIP/651
2026-09-04 16:00:24,CM cola Taller,Rocío Cornejo,1234567890,yes,175,103,278,SIP/651
2026-09-04 15:54:04,CM cola Taller,,1234567890,no,247,0,0,
2026-09-04 15:50:41,SF cola Taller,Rocío Cornejo,1234567890,yes,159,59,218,SIP/651
2026-09-04 15:48:36,CM cola Taller,Rocío Cornejo,1234567890,yes,375,303,678,SIP/651
2026-09-04 15:44:07,CM cola Taller,Rocío Cornejo,1234567890,yes,34,135,169,SIP/651
2026-09-04 15:37:27,CM cola Taller,Rocío Cornejo,1234567890,yes,158,265,423,SIP/651
2026-09-04 15:36:07,CM cola Taller,Sabrina Mercado,250,yes,171,38,209,SIP/250
2026-09-04 15:34:10,CM cola Taller,Rocío Cornejo,1234567890,yes,7,293,300,SIP/651
2026-09-04 15:29:32,CM cola Taller,Rocío Cornejo,1234567890,yes,8,264,272,SIP/651
2026-09-04 15:08:38,CM cola Taller,Rocío Cornejo,1234567890,yes,26,346,372,SIP/651
2026-09-04 15:06:40,CM cola Taller,Rocío Cornejo,1234567890,yes,11,118,129,SIP/651
2026-09-04 15:03:41,CM cola Taller,Rocío Cornejo,1234567890,yes,6,156,162,SIP/651
2026-09-04 15:01:19,CM cola Taller,Rocío Cornejo,1234567890,yes,11,77,88,SIP/651
2026-09-04 14:51:59,MPC cola Taller,,1234567890,no,211,0,0,
2026-09-04 14:50:23,CM cola Taller,Rocío Cornejo,1234567890,yes,9,611,620,SIP/651
2026-09-04 14:44:14,MPC cola Taller,Rocío Cornejo,1234567890,yes,152,85,237,SIP/651
2026-09-04 14:31:08,MPC cola Taller,Rocío Cornejo,1234567890,yes,170,126,296,SIP/651
2026-09-04 14:22:43,CM cola Taller,Rocío Cornejo,1234567890,yes,12,284,296,SIP/651
2026-09-04 14:15:32,CM cola Taller,,1234567890,no,60,0,0,
2026-09-04 14:10:31,MPC cola Taller,Rocío Cornejo,1234567890,yes,0,481,481,SIP/651
2026-09-04 14:07:21,MPC cola Taller,Rocío Cornejo,1234567890,yes,46,129,175,SIP/651
2026-09-04 14:05:08,CM cola Taller,Rocío Cornejo,1234567890,yes,14,148,162,SIP/651
2026-09-04 12:43:39,CM cola Taller,Rocío Cornejo,1234567890,yes,139,117,256,SIP/651
2026-09-04 12:41:49,MPC cola Taller,Rocío Cornejo,1234567890,yes,38,72,110,SIP/651
2026-09-04 12:38:20,CM cola Taller,Rocío Cornejo,1234567890,yes,16,124,140,SIP/651
2026-09-04 12:25:02,CM cola Taller,Alma Cordoba,1234567890,yes,26,303,329,SIP/655
2026-09-04 12:18:22,CM cola Taller,Lucia Sosa,1234567890,yes,40,128,168,SIP/650
2026-09-04 12:14:22,MPC cola Taller,Rocío Cornejo,1234567890,yes,10,16,26,SIP/651
2026-09-04 12:12:25,CM cola Taller,Alma Cordoba,1234567890,yes,9,40,49,SIP/655
2026-09-04 12:11:27,SF cola Taller,Lucia Sosa,1234567890,yes,22,360,382,SIP/650
2026-09-04 12:03:56,MPC cola Taller,Alma Cordoba,1234567890,yes,16,264,280,SIP/655
2026-09-04 12:03:42,CM cola Taller,Rocío Cornejo,1234567890,yes,19,206,225,SIP/651
2026-09-04 11:43:22,SF cola Taller,Alma Cordoba,1234567890,yes,27,268,295,SIP/655
2026-09-04 11:40:33,CM cola Taller,Lucia Sosa,1234567890,yes,174,221,395,SIP/650
2026-09-04 11:39:40,CM cola Taller,Alma Cordoba,1234567890,yes,13,178,191,SIP/655
2026-09-04 11:35:40,CM cola Taller,Alma Cordoba,1234567890,yes,19,124,143,SIP/655
2026-09-04 11:16:17,MPC cola Taller,Lucia Sosa,1234567890,yes,34,255,289,SIP/650
2026-09-04 11:15:48,MPC cola Taller,Alma Cordoba,1234567890,yes,23,281,304,SIP/655
2026-09-04 11:08:59,CM cola Taller,Martin Jalil,503,yes,10,18,28,SIP/503
2026-09-04 11:07:03,CM cola Taller,Alma Cordoba,1234567890,yes,16,326,342,SIP/655
2026-09-04 10:49:42,CM cola Taller,Lucia Sosa,1234567890,yes,79,216,295,SIP/650
2026-09-04 10:48:06,CM cola Taller,,1234567890,no,51,0,0,
2026-09-04 10:47:29,CM cola Taller,,1234567890,no,0,0,0,
2026-09-04 10:47:19,MPC cola Taller,Lucia Sosa,1234567890,yes,14,168,182,SIP/650
2026-09-04 10:45:11,CM cola Taller,Alma Cordoba,1234567890,yes,9,318,327,SIP/655
2026-09-04 10:38:22,CM cola Taller,Alma Cordoba,1234567890,yes,18,149,167,SIP/655
2026-09-04 10:35:03,MPC cola Taller,Lucia Sosa,1234567890,yes,19,369,388,SIP/650
2026-09-04 10:34:04,CM cola Taller,Alma Cordoba,1234567890,yes,22,82,104,SIP/655
2026-09-04 10:30:04,CM cola Taller,Lucia Sosa,1234567890,yes,40,193,233,SIP/650
2026-09-04 10:27:44,CM cola Taller,Lucia Sosa,1234567890,yes,16,75,91,SIP/650
2026-09-04 10:19:57,CM cola Taller,Alma Cordoba,1234567890,yes,45,77,122,SIP/655
2026-09-04 10:13:22,CM cola Taller,Lucia Sosa,1234567890,yes,104,94,198,SIP/650
2026-09-04 10:12:04,CM cola Taller,Alma Cordoba,1234567890,yes,86,111,197,SIP/655
2026-09-04 10:10:37,CM cola Taller,Alma Cordoba,1234567890,yes,9,117,126,SIP/655
2026-09-04 10:09:15,CM cola Taller,Lucia Sosa,1234567890,yes,14,98,112,SIP/650
2026-09-04 10:02:03,MPC cola Taller,Alma Cordoba,1234567890,yes,15,90,105,SIP/655
2026-09-04 09:45:56,CM cola Taller,Lucia Sosa,1234567890,yes,632,396,1028,SIP/650
2026-09-04 09:43:15,CM cola Taller,Lucia Sosa,1234567890,yes,229,471,700,SIP/650
2026-09-04 09:39:17,CM cola Taller,Lucia Sosa,1234567890,yes,65,370,435,SIP/650
2026-09-04 09:38:38,CM cola Taller,Lucia Sosa,1234567890,yes,23,50,73,SIP/650
2026-09-04 09:25:42,CM cola Taller,Camila Mias,251,yes,113,38,151,SIP/251
2026-09-04 09:23:38,MPC cola Taller,Lucia Sosa,1234567890,yes,13,191,204,SIP/650
2026-09-04 09:14:23,CM cola Taller,Lucia Sosa,1234567890,yes,117,230,347,SIP/650
2026-09-04 09:11:39,CM cola Taller,Lucia Sosa,1234567890,yes,115,49,164,SIP/650
2026-09-04 08:56:51,CM cola Taller,,1234567890,no,113,0,0,
2026-09-04 08:56:47,CM cola Taller,Sabrina Mercado,250,yes,753,60,813,SIP/250
2026-09-04 08:55:46,CM cola Taller,Lucia Sosa,1234567890,yes,192,501,693,SIP/650
2026-09-04 08:55:34,CM cola Taller,Lucia Sosa,1234567890,yes,81,92,173,SIP/650
2026-09-04 08:52:35,CM cola Taller,Lucia Sosa,1234567890,yes,240,13,253,SIP/650
2026-09-04 08:47:35,CM cola Taller,Sabrina Mercado,250,yes,445,45,490,SIP/250
2026-09-04 08:47:26,MPC cola Taller,,1234567890,no,148,0,0,
2026-09-04 08:46:08,MPC cola Taller,,1234567890,no,186,0,0,
2026-09-04 08:45:46,CM cola Taller,,1234567890,no,383,0,0,
2026-09-04 08:37:34,CM cola Taller,,1234567890,no,529,0,0,
2026-09-04 08:37:11,CM cola Taller,,1234567890,no,322,0,0,
2026-09-04 08:36:50,CM cola Taller,Lucia Sosa,1234567890,yes,690,324,1014,SIP/650
2026-09-04 08:32:32,MPC cola Taller,,1234567890,no,346,0,0,
2026-09-04 08:32:16,CM cola Taller,,1234567890,no,802,0,0,
2026-09-04 08:32:15,SF cola Taller,,1234567890,no,261,0,0,
2026-09-04 08:30:24,CM cola Taller,Sabrina Mercado,250,yes,348,133,481,SIP/250
2026-09-04 08:21:14,CM cola Taller,Lucia Sosa,1234567890,yes,1338,258,1596,SIP/650
2026-09-04 08:19:45,MPC cola Taller,Lucia Sosa,1234567890,yes,13,1314,1327,SIP/650
2026-09-04 08:03:16,CM cola Taller,Lucia Sosa,1234567890,yes,40,52,92,SIP/650
2026-09-03 17:18:57,CM cola Taller,,1234567890,no,478,0,0,
2026-09-03 16:49:31,CM cola Taller,Martin Jalil,503,yes,250,12,262,SIP/503
2026-09-03 16:49:25,CM cola Taller,,499,yes,523,66,589,SIP/499
2026-09-03 16:42:15,MPC cola Taller,Alma Cordoba,1234567890,yes,49,72,121,SIP/655
2026-09-03 16:39:22,CM cola Taller,Alma Cordoba,1234567890,yes,31,147,178,SIP/655
2026-09-03 16:33:53,MPC cola Taller,Alma Cordoba,1234567890,yes,191,38,229,SIP/655
2026-09-03 16:30:56,CM cola Taller,Alma Cordoba,1234567890,yes,181,142,323,SIP/655
2026-09-03 16:27:18,MPC cola Taller,,1234567890,no,312,0,0,
2026-09-03 16:24:44,MPC cola Taller,,1234567890,no,183,0,0,
2026-09-03 16:23:24,MPC cola Taller,,1234567890,no,163,0,0,
2026-09-03 16:17:23,CM cola Taller,Alma Cordoba,1234567890,yes,117,262,379,SIP/655
2026-09-03 16:13:39,MPC cola Taller,,1234567890,no,161,0,0,
2026-09-03 16:10:18,CM cola Taller,Camila Mias,251,yes,87,33,120,SIP/251
2026-09-03 16:09:14,CM cola Taller,Camila Mias,251,yes,103,18,121,SIP/251
2026-09-03 15:53:52,CM cola Taller,,1234567890,no,107,0,0,
2026-09-03 15:53:34,CM cola Taller,,1234567890,no,153,0,0,
2026-09-03 15:51:33,CM cola Taller,Alma Cordoba,1234567890,yes,101,127,228,SIP/655
2026-09-03 15:35:11,CM cola Taller,Alma Cordoba,1234567890,yes,482,118,600,SIP/655
2026-09-03 15:32:51,CM cola Taller,Alma Cordoba,1234567890,yes,420,39,459,SIP/655
2026-09-03 15:30:13,CM cola Taller,Alma Cordoba,1234567890,yes,52,350,402,SIP/655
2026-09-03 15:28:18,CM cola Taller,Alma Cordoba,1234567890,yes,104,85,189,SIP/655
2026-09-03 15:25:59,CM cola Taller,Alma Cordoba,1234567890,yes,195,35,230,SIP/655
2026-09-03 15:24:36,CM cola Taller,Alma Cordoba,1234567890,yes,144,72,216,SIP/655
2026-09-03 15:21:12,CM cola Taller,,1234567890,no,151,0,0,
2026-09-03 15:18:11,MPC cola Taller,,1234567890,no,422,0,0,
2026-09-03 15:17:03,MPC cola Taller,Alma Cordoba,1234567890,yes,323,219,542,SIP/655
2026-09-03 15:13:42,CM cola Taller,Alma Cordoba,1234567890,yes,267,118,385,SIP/655
2026-09-03 15:13:40,CM cola Taller,Alma Cordoba,1234567890,yes,27,204,231,SIP/655
2026-09-03 15:10:12,CM cola Taller,Alma Cordoba,900,yes,13,82,95,SIP/655
2026-09-03 15:08:24,CM cola Taller,Alma Cordoba,1234567890,yes,12,77,89,SIP/655
2026-09-03 14:47:25,MPC cola Taller,Alma Cordoba,1234567890,yes,20,127,147,SIP/655
2026-09-03 14:44:29,MPC cola Taller,,1234567890,no,110,0,0,
2026-09-03 14:44:16,CM cola Taller,Alma Cordoba,1234567890,yes,15,138,153,SIP/655
2026-09-03 14:36:01,MPC cola Taller,Alma Cordoba,1234567890,yes,15,99,114,SIP/655
2026-09-03 14:27:26,MPC cola Taller,Alma Cordoba,1234567890,yes,114,40,154,SIP/655
2026-09-03 14:25:31,CM cola Taller,Alma Cordoba,1234567890,yes,42,148,190,SIP/655
2026-09-03 14:22:18,CM cola Taller,Camila Mias,251,yes,92,136,228,SIP/251
2026-09-03 14:20:58,CM cola Taller,Alma Cordoba,1234567890,yes,17,130,147,SIP/655
2026-09-03 14:13:43,MPC cola Taller,Alma Cordoba,1234567890,yes,122,96,218,SIP/655
2026-09-03 14:10:45,MPC cola Taller,Alma Cordoba,1234567890,yes,8,279,287,SIP/655
2026-09-03 12:50:49,SF cola Taller,Lucia Sosa,1234567890,yes,12,79,91,SIP/650
2026-09-03 12:49:17,CM cola Taller,Rocío Cornejo,1234567890,yes,6,212,218,SIP/651
2026-09-03 12:42:39,MPC cola Taller,Alma Cordoba,1234567890,yes,22,176,198,SIP/655
2026-09-03 12:33:09,CM cola Taller,Alma Cordoba,1234567890,yes,78,149,227,SIP/655
2026-09-03 12:31:31,SF cola Taller,Rocío Cornejo,1234567890,yes,204,48,252,SIP/651
2026-09-03 12:28:26,CM cola Taller,Alma Cordoba,1234567890,yes,8,312,320,SIP/655
2026-09-03 12:27:41,CM cola Taller,Rocío Cornejo,1234567890,yes,7,340,347,SIP/651
2026-09-03 12:21:10,CM cola Taller,Alma Cordoba,1234567890,yes,10,141,151,SIP/655
2026-09-03 12:11:34,CM cola Taller,Alma Cordoba,1234567890,yes,23,176,199,SIP/655
2026-09-03 12:05:57,CM cola Taller,Alma Cordoba,1234567890,yes,7,136,143,SIP/655
2026-09-03 12:05:00,MPC cola Taller,Rocío Cornejo,1234567890,yes,13,133,146,SIP/651
2026-09-03 11:52:22,SF cola Taller,Lucia Sosa,1234567890,yes,91,224,315,SIP/650
2026-09-03 11:51:22,MPC cola Taller,Rocío Cornejo,1234567890,yes,20,83,103,SIP/651
2026-09-03 11:51:22,CM cola Taller,Sabrina Mercado,250,yes,10,21,31,SIP/250
2026-09-03 11:43:15,CM cola Taller,Camila Mias,251,yes,25,31,56,SIP/251
2026-09-03 11:39:01,CM cola Taller,Alma Cordoba,1234567890,yes,40,139,179,SIP/655
2026-09-03 11:38:41,SF cola Taller,Rocío Cornejo,1234567890,yes,26,105,131,SIP/651
2026-09-03 11:23:51,CM cola Taller,Lucia Sosa,1234567890,yes,10,73,83,SIP/650
2026-09-03 11:21:39,CM cola Taller,Alma Cordoba,1234567890,yes,16,212,228,SIP/655
2026-09-03 11:13:48,MPC cola Taller,Rocío Cornejo,1234567890,yes,336,555,891,SIP/651
2026-09-03 11:11:40,SF cola Taller,Lucia Sosa,1234567890,yes,32,415,447,SIP/650
2026-09-03 11:08:47,CM cola Taller,Alma Cordoba,1234567890,yes,7,149,156,SIP/655
2026-09-03 11:04:09,CM cola Taller,Alma Cordoba,1234567890,yes,171,59,230,SIP/655
2026-09-03 11:04:08,CM cola Taller,Alma Cordoba,1234567890,yes,24,107,131,SIP/655
2026-09-03 11:01:58,CM cola Taller,Rocío Cornejo,1234567890,yes,150,68,218,SIP/651
2026-09-03 11:01:32,CM cola Taller,Alma Cordoba,1234567890,yes,11,132,143,SIP/655
2026-09-03 10:56:29,CM cola Taller,Lucia Sosa,1234567890,yes,196,497,693,SIP/650
2026-09-03 10:51:42,MPC cola Taller,,1234567890,no,420,0,0,
2026-09-03 10:51:27,CM cola Taller,Rocío Cornejo,1234567890,yes,108,82,190,SIP/651
2026-09-03 10:45:51,CM cola Taller,Lucia Sosa,1234567890,yes,7,371,378,SIP/650
2026-09-03 10:42:46,SF cola Taller,Rocío Cornejo,1234567890,yes,4,419,423,SIP/651
2026-09-03 10:40:26,CM cola Taller,Camila Mias,251,yes,12,47,59,SIP/251
2026-09-03 10:31:58,CM cola Taller,Lucia Sosa,1234567890,yes,247,124,371,SIP/650
2026-09-03 10:31:35,CM cola Taller,Sabrina Mercado,250,yes,35,53,88,SIP/250
2026-09-03 10:28:18,MPC cola Taller,Rocío Cornejo,1234567890,yes,326,222,548,SIP/651
2026-09-03 10:27:56,CM cola Taller,Camila Mias,251,yes,59,17,76,SIP/251
2026-09-03 10:25:36,CM cola Taller,,1234567890,no,53,0,0,
2026-09-03 10:22:45,CM cola Taller,Rocío Cornejo,1234567890,yes,429,125,554,SIP/651
2026-09-03 10:18:54,CM cola Taller,,1234567890,no,1041,0,0,
2026-09-03 10:16:12,CM cola Taller,,1234567890,no,329,0,0,
2026-09-03 10:12:37,CM cola Taller,Lucia Sosa,1234567890,yes,172,529,701,SIP/650
2026-09-03 10:08:40,CM cola Taller,Rocío Cornejo,1234567890,yes,196,853,1049,SIP/651
2026-09-03 10:06:40,CM cola Taller,,1234567890,no,33,0,0,
2026-09-03 10:06:09,MPC cola Taller,,1234567890,no,34,0,0,
2026-09-03 10:03:08,CM cola Taller,,1234567890,no,125,0,0,
2026-09-03 10:00:41,CM cola Taller,,1234567890,no,553,0,0,
2026-09-03 09:57:56,CM cola Taller,Lucia Sosa,1234567890,yes,459,381,840,SIP/650
2026-09-03 09:55:16,CM cola Taller,Rocío Cornejo,1234567890,yes,262,299,561,SIP/651
2026-09-03 09:52:03,MPC cola Taller,,1234567890,no,421,0,0,
2026-09-03 09:51:03,CM cola Taller,,1234567890,no,217,0,0,
2026-09-03 09:47:23,MPC cola Taller,Lucia Sosa,1234567890,yes,188,488,676,SIP/650
2026-09-03 09:47:14,CM cola Taller,Sabrina Mercado,250,yes,886,36,922,SIP/250
2026-09-03 09:46:26,CM cola Taller,,1234567890,no,227,0,0,
2026-09-03 09:41:42,CM cola Taller,Lucia Sosa,1234567890,yes,324,160,484,SIP/650
2026-09-03 09:40:51,CM cola Taller,,1234567890,no,215,0,0,
2026-09-03 09:39:40,CM cola Taller,,1234567890,no,166,0,0,
2026-09-03 09:37:18,MPC cola Taller,Lucia Sosa,1234567890,yes,74,123,197,SIP/650
2026-09-03 09:31:41,CM cola Taller,Lucia Sosa,1234567890,yes,575,188,763,SIP/650
2026-09-03 09:31:23,CM cola Taller,Lucia Sosa,1234567890,yes,138,217,355,SIP/650
2026-09-03 09:27:42,CM cola Taller,Lucia Sosa,1234567890,yes,198,133,331,SIP/650
2026-09-03 09:16:58,CM cola Taller,Lucia Sosa,1234567890,yes,532,268,800,SIP/650
2026-09-03 09:15:04,CM cola Taller,Lucia Sosa,1234567890,yes,308,175,483,SIP/650
2026-09-03 09:14:09,CM cola Taller,,1234567890,no,1,0,0,
2026-09-03 09:13:33,CM cola Taller,,1234567890,no,376,0,0,
2026-09-03 09:12:00,MPC cola Taller,,1234567890,no,421,0,0,
2026-09-03 09:07:24,SF cola Taller,Lucia Sosa,1234567890,yes,10,588,598,SIP/650
2026-09-03 08:56:57,SF cola Taller,,1234567890,no,422,0,0,
2026-09-03 08:54:02,CM cola Taller,,1234567890,no,219,0,0,
2026-09-03 08:51:16,MPC cola Taller,,1234567890,no,247,0,0,
2026-09-03 08:42:14,CM cola Taller,Lucia Sosa,1234567890,yes,445,74,519,SIP/650
2026-09-03 08:42:08,CM cola Taller,Lucia Sosa,1234567890,yes,534,813,1347,SIP/650
2026-09-03 08:40:39,MPC cola Taller,,1234567890,no,420,0,0,
2026-09-03 08:38:33,CM cola Taller,Lucia Sosa,1234567890,yes,56,322,378,SIP/650
2026-09-03 08:32:48,CM cola Taller,,1234567890,no,341,0,0,
2026-09-03 08:32:35,CM cola Taller,Lucia Sosa,1234567890,yes,127,258,385,SIP/650
2026-09-03 08:31:44,CM cola Taller,Lucia Sosa,1234567890,yes,13,140,153,SIP/650
2026-09-03 08:28:29,CM cola Taller,Lucia Sosa,1234567890,yes,10,190,200,SIP/650
2026-09-03 08:04:29,CM cola Taller,Lucia Sosa,1234567890,yes,11,97,108,SIP/650
2026-09-02 17:41:31,CM cola Taller,Rocío Cornejo,1234567890,yes,89,176,265,SIP/651
2026-09-02 17:19:06,CM cola Taller,Rocío Cornejo,1234567890,yes,63,55,118,SIP/651
2026-09-02 17:14:05,CM cola Taller,Rocío Cornejo,1234567890,yes,204,157,361,SIP/651
2026-09-02 17:12:49,CM cola Taller,Rocío Cornejo,1234567890,yes,5,232,237,SIP/651
2026-09-02 17:01:28,CM cola Taller,Rocío Cornejo,1234567890,yes,91,111,202,SIP/651
2026-09-02 16:58:42,CM cola Taller,Rocío Cornejo,1234567890,yes,9,164,173,SIP/651
2026-09-02 16:55:48,CM cola Taller,Rocío Cornejo,1234567890,yes,15,30,45,SIP/651
2026-09-02 16:40:45,CM cola Taller,Rocío Cornejo,1234567890,yes,94,84,178,SIP/651
2026-09-02 16:35:05,CM cola Taller,,1234567890,no,470,0,0,
2026-09-02 16:28:27,CM cola Taller,Rocío Cornejo,1234567890,yes,5,300,305,SIP/651
2026-09-02 16:21:10,CM cola Taller,,1234567890,no,355,0,0,
2026-09-02 16:17:25,SF cola Taller,,1234567890,no,271,0,0,
2026-09-02 16:16:31,CM cola Taller,Rocío Cornejo,1234567890,yes,176,480,656,SIP/651
2026-09-02 16:15:26,CM cola Taller,Rocío Cornejo,1234567890,yes,123,110,233,SIP/651
2026-09-02 16:11:26,CM cola Taller,Rocío Cornejo,1234567890,yes,12,204,216,SIP/651
2026-09-02 15:57:17,CM cola Taller,Rocío Cornejo,1234567890,yes,205,90,295,SIP/651
2026-09-02 15:53:49,MPC cola Taller,Rocío Cornejo,1234567890,yes,32,54,86,SIP/651
2026-09-02 15:52:27,CM cola Taller,Rocío Cornejo,1234567890,yes,219,239,458,SIP/651
2026-09-02 15:46:00,CM cola Taller,Camila Mias,251,yes,53,108,161,SIP/251
2026-09-02 15:44:55,CM cola Taller,Sabrina Mercado,250,yes,123,32,155,SIP/250
2026-09-02 15:42:33,CM cola Taller,Rocío Cornejo,1234567890,yes,123,228,351,SIP/651
2026-09-02 15:38:12,CM cola Taller,,1234567890,no,136,0,0,
2026-09-02 15:34:00,MPC cola Taller,Rocío Cornejo,1234567890,yes,74,445,519,SIP/651
2026-09-02 15:32:27,CM cola Taller,,1234567890,no,314,0,0,
2026-09-02 15:31:11,CM cola Taller,Rocío Cornejo,1234567890,yes,704,91,795,SIP/651
2026-09-02 15:20:20,CM cola Taller,,1234567890,no,461,0,0,
2026-09-02 15:18:37,CM cola Taller,,251,no,35,0,0,
2026-09-02 15:18:06,CM cola Taller,Rocío Cornejo,1234567890,yes,397,482,879,SIP/651
2026-09-02 15:17:35,CM cola Taller,,251,no,53,0,0,
2026-09-02 15:16:04,SF cola Taller,,1234567890,no,226,0,0,
2026-09-02 15:14:30,CM cola Taller,,1234567890,no,225,0,0,
2026-09-02 15:13:41,CM cola Taller,,1234567890,no,106,0,0,
2026-09-02 15:13:29,MPC cola Taller,Rocío Cornejo,1234567890,yes,406,259,665,SIP/651
2026-09-02 15:11:57,CM cola Taller,,1234567890,no,342,0,0,
2026-09-02 15:09:30,CM cola Taller,,1234567890,no,178,0,0,
2026-09-02 15:08:14,CM cola Taller,Rocío Cornejo,1234567890,yes,31,684,715,SIP/651
2026-09-02 15:04:08,CM cola Taller,,1234567890,no,63,0,0,
2026-09-02 14:48:47,MPC cola Taller,Rocío Cornejo,1234567890,yes,119,368,487,SIP/651
2026-09-02 14:48:41,CM cola Taller,Rocío Cornejo,1234567890,yes,511,90,601,SIP/651
2026-09-02 14:45:55,CM cola Taller,Camila Mias,251,yes,91,34,125,SIP/251
2026-09-02 14:34:54,CM cola Taller,,251,no,58,0,0,
2026-09-02 14:29:41,CM cola Taller,,1234567890,no,359,0,0,
2026-09-02 14:29:07,SF cola Taller,,1234567890,no,177,0,0,
2026-09-02 14:28:08,CM cola Taller,Rocío Cornejo,1234567890,yes,448,215,663,SIP/651
2026-09-02 14:23:23,MPC cola Taller,,1234567890,no,423,0,0,
2026-09-02 14:15:56,CM cola Taller,Rocío Cornejo,1234567890,yes,388,396,784,SIP/651
2026-09-02 14:14:10,SF cola Taller,Rocío Cornejo,1234567890,yes,271,134,405,SIP/651
2026-09-02 14:09:51,SF cola Taller,,1234567890,no,192,0,0,
2026-09-02 14:07:27,CM cola Taller,Rocío Cornejo,1234567890,yes,600,61,661,SIP/651
2026-09-02 14:05:20,SF cola Taller,,1234567890,no,424,0,0,
2026-09-02 14:03:21,CM cola Taller,,1234567890,no,317,0,0,
2026-09-02 14:03:15,CM cola Taller,Rocío Cornejo,1234567890,yes,233,348,581,SIP/651
2026-09-02 12:53:50,CM cola Taller,Rocío Cornejo,1234567890,yes,11,83,94,SIP/651
2026-09-02 12:50:51,CM cola Taller,Alma Cordoba,213,yes,88,110,198,SIP/655
2026-09-02 12:48:35,CM cola Taller,Alma Cordoba,1234567890,yes,6,141,147,SIP/655
2026-09-02 12:45:40,CM cola Taller,Lucia Sosa,1234567890,yes,20,136,156,SIP/650
2026-09-02 12:44:13,CM cola Taller,Lucia Sosa,1234567890,yes,18,12,30,SIP/650
2026-09-02 12:33:28,CM cola Taller,Alma Cordoba,1234567890,yes,8,248,256,SIP/655
2026-09-02 12:31:15,CM cola Taller,Rocío Cornejo,1234567890,yes,18,141,159,SIP/651
2026-09-02 12:22:52,MPC cola Taller,Rocío Cornejo,1234567890,yes,15,234,249,SIP/651
2026-09-02 12:16:39,CM cola Taller,Rocío Cornejo,1234567890,yes,8,119,127,SIP/651
2026-09-02 12:12:54,CM cola Taller,Camila Mias,251,yes,23,396,419,SIP/251
2026-09-02 12:12:37,CM cola Taller,,1234567890,no,1,0,0,
2026-09-02 12:12:07,CM cola Taller,Rocío Cornejo,1234567890,yes,6,138,144,SIP/651
2026-09-02 12:07:42,MPC cola Taller,Rocío Cornejo,1234567890,yes,4,62,66,SIP/651
2026-09-02 12:03:28,SF cola Taller,Rocío Cornejo,1234567890,yes,4,175,179,SIP/651
2026-09-02 12:02:19,CM cola Taller,Alma Cordoba,1234567890,yes,29,290,319,SIP/655
2026-09-02 12:01:16,CM cola Taller,Rocío Cornejo,1234567890,yes,80,39,119,SIP/651
2026-09-02 11:58:31,CM cola Taller,Alma Cordoba,1234567890,yes,31,127,158,SIP/655
2026-09-02 11:57:43,SF cola Taller,Lucia Sosa,1234567890,yes,16,78,94,SIP/650
2026-09-02 11:52:39,CM cola Taller,Alma Cordoba,1234567890,yes,121,87,208,SIP/655
2026-09-02 11:52:12,CM cola Taller,Lucia Sosa,1234567890,yes,8,230,238,SIP/650
2026-09-02 11:45:27,MPC cola Taller,Agustina Vargas,255,yes,104,68,172,SIP/255
2026-09-02 11:36:15,CM cola Taller,,499,yes,12,39,51,SIP/499
2026-09-02 11:32:46,CM cola Taller,Alma Cordoba,1234567890,yes,7,161,168,SIP/655
2026-09-02 11:27:02,CM cola Taller,Lucia Sosa,1234567890,yes,76,125,201,SIP/650
2026-09-02 11:26:45,CM cola Taller,Ivana Scarano,317,yes,18,59,77,SIP/317
2026-09-02 11:24:11,CM cola Taller,Alma Cordoba,1234567890,yes,81,171,252,SIP/655
2026-09-02 11:21:34,CM cola Taller,Lucia Sosa,1234567890,yes,52,66,118,SIP/650
2026-09-02 11:20:43,SF cola Taller,Alma Cordoba,1234567890,yes,56,156,212,SIP/655
2026-09-02 11:20:16,CM cola Taller,Lucia Sosa,1234567890,yes,11,97,108,SIP/650
2026-09-02 11:05:17,CM cola Taller,Sabrina Mercado,250,yes,9,33,42,SIP/250
2026-09-02 10:57:28,CM cola Taller,Lucia Sosa,1234567890,yes,162,155,317,SIP/650
2026-09-02 10:55:45,CM cola Taller,Lucia Sosa,1234567890,yes,15,138,153,SIP/650
2026-09-02 10:51:50,CM cola Taller,Alma Cordoba,1234567890,yes,22,126,148,SIP/655
2026-09-02 10:48:23,CM cola Taller,Alma Cordoba,1234567890,yes,23,22,45,SIP/655
2026-09-02 10:44:58,CM cola Taller,Alma Cordoba,1234567890,yes,7,175,182,SIP/655
2026-09-02 10:42:40,CM cola Taller,,1234567890,no,3,0,0,
2026-09-02 10:41:22,CM cola Taller,Sabrina Mercado,250,yes,46,20,66,SIP/250
2026-09-02 10:39:42,SF cola Taller,Alma Cordoba,1234567890,yes,28,116,144,SIP/655
2026-09-02 10:33:58,SF cola Taller,Alma Cordoba,1234567890,yes,89,110,199,SIP/655
2026-09-02 10:33:04,CM cola Taller,Lucia Sosa,1234567890,yes,218,186,404,SIP/650
2026-09-02 10:29:48,CM cola Taller,,1234567890,no,224,0,0,
2026-09-02 10:29:47,CM cola Taller,Alma Cordoba,1234567890,yes,200,98,298,SIP/655
2026-09-02 10:27:45,CM cola Taller,Sabrina Mercado,250,yes,245,15,260,SIP/250
2026-09-02 10:27:45,MPC cola Taller,Alma Cordoba,1234567890,yes,158,143,301,SIP/655
2026-09-02 10:26:59,CM cola Taller,,1234567890,no,362,0,0,
2026-09-02 10:24:46,CM cola Taller,Lucia Sosa,1234567890,yes,572,95,667,SIP/650
2026-09-02 10:24:42,CM cola Taller,Alma Cordoba,1234567890,yes,169,163,332,SIP/655
2026-09-02 10:23:47,CM cola Taller,,1234567890,no,129,0,0,
2026-09-02 10:22:50,CM cola Taller,,1234567890,no,3,0,0,
2026-09-02 10:22:29,MPC cola Taller,,1234567890,no,277,0,0,
2026-09-02 10:20:46,CM cola Taller,,1234567890,no,43,0,0,
2026-09-02 10:17:31,CM cola Taller,Camila Mias,251,yes,799,52,851,SIP/251
2026-09-02 10:14:07,CM cola Taller,,1234567890,no,554,0,0,
2026-09-02 10:09:22,CM cola Taller,,1234567890,no,403,0,0,
2026-09-02 10:09:09,CM cola Taller,Lucia Sosa,1234567890,yes,590,355,945,SIP/650
2026-09-02 10:05:54,CM cola Taller,Lucia Sosa,1234567890,yes,476,197,673,SIP/650
2026-09-02 10:03:26,MPC cola Taller,,1234567890,no,287,0,0,
2026-09-02 09:57:54,CM cola Taller,,213,no,384,0,0,
2026-09-02 09:57:27,CM cola Taller,,1234567890,no,168,0,0,
2026-09-02 09:53:13,CM cola Taller,Lucia Sosa,1234567890,yes,643,547,1190,SIP/650
2026-09-02 09:53:09,CM cola Taller,Lucia Sosa,1234567890,yes,501,126,627,SIP/650
2026-09-02 09:52:18,CM cola Taller,,1234567890,no,353,0,0,
2026-09-02 09:51:58,MPC cola Taller,,1234567890,no,138,0,0,
2026-09-02 09:49:31,CM cola Taller,,1234567890,no,467,0,0,
2026-09-02 09:45:08,CM cola Taller,,1234567890,no,45,0,0,
2026-09-02 09:44:20,CM cola Taller,Camila Mias,251,yes,367,20,387,SIP/251
2026-09-02 09:42:46,CM cola Taller,,1234567890,no,75,0,0,
2026-09-02 09:40:03,CM cola Taller,,213,no,77,0,0,
2026-09-02 09:39:01,MPC cola Taller,,1234567890,no,312,0,0,
2026-09-02 09:33:45,SF cola Taller,,1234567890,no,422,0,0,
2026-09-02 09:33:17,CM cola Taller,Lucia Sosa,1234567890,yes,1456,201,1657,SIP/650
2026-09-02 09:30:32,MPC cola Taller,Lucia Sosa,1234567890,yes,158,114,272,SIP/650
2026-09-02 09:28:04,SF cola Taller,Lucia Sosa,1234567890,yes,144,142,286,SIP/650
2026-09-02 09:27:55,CM cola Taller,Lucia Sosa,1234567890,yes,680,245,925,SIP/650
2026-09-02 09:27:38,CM cola Taller,Lucia Sosa,1234567890,yes,477,186,663,SIP/650
2026-09-02 09:23:30,CM cola Taller,,213,no,488,0,0,
2026-09-02 09:23:24,CM cola Taller,,1234567890,no,486,0,0,
2026-09-02 09:20:14,SF cola Taller,,1234567890,no,420,0,0,
2026-09-02 09:15:25,MPC cola Taller,,1234567890,no,153,0,0,
2026-09-02 09:12:50,MPC cola Taller,,1234567890,no,303,0,0,
2026-09-02 09:11:34,CM cola Taller,,1234567890,no,79,0,0,
2026-09-02 09:10:59,CM cola Taller,Lucia Sosa,1234567890,yes,459,459,918,SIP/650
2026-09-02 09:09:08,CM cola Taller,Lucia Sosa,1234567890,yes,253,222,475,SIP/650
2026-09-02 09:08:53,CM cola Taller,Lucia Sosa,1234567890,yes,40,186,226,SIP/650
2026-09-02 09:06:00,CM cola Taller,,1234567890,no,125,0,0,
2026-09-02 09:00:55,CM cola Taller,Lucia Sosa,1234567890,yes,19,379,398,SIP/650
2026-09-02 08:53:42,CM cola Taller,Lucia Sosa,1234567890,yes,85,300,385,SIP/650
2026-09-02 08:52:46,SF cola Taller,Lucia Sosa,1234567890,yes,10,95,105,SIP/650
2026-09-02 08:41:48,CM cola Taller,Lucia Sosa,1234567890,yes,96,230,326,SIP/650
2026-09-02 08:37:26,CM cola Taller,Lucia Sosa,1234567890,yes,138,194,332,SIP/650
2026-09-02 08:36:27,CM cola Taller,Camila Mias,251,yes,12,16,28,SIP/251
2026-09-02 08:31:27,CM cola Taller,,1234567890,no,1,0,0,
2026-09-02 08:30:30,CM cola Taller,Lucia Sosa,1234567890,yes,38,125,163,SIP/650
2026-09-02 08:22:55,CM cola Taller,Lucia Sosa,1234567890,yes,13,331,344,SIP/650
2026-09-02 08:10:21,CM cola Taller,Lucia Sosa,1234567890,yes,12,94,106,SIP/650
2026-09-01 17:55:49,CM cola Taller,,1234567890,no,28,0,0,
2026-09-01 17:49:59,CM cola Taller,,1234567890,no,283,0,0,
2026-09-01 17:48:46,CM cola Taller,,1234567890,no,240,0,0,
2026-09-01 17:14:35,CM cola Taller,,1234567890,no,304,0,0,
2026-09-01 17:09:27,CM cola Taller,,1234567890,no,19,0,0,
2026-09-01 17:06:48,CM cola Taller,,1234567890,no,88,0,0,
2026-09-01 17:03:54,CM cola Taller,,1234567890,no,211,0,0,
2026-09-01 17:03:40,CM cola Taller,,1234567890,no,88,0,0,
2026-09-01 16:57:32,MPC cola Taller,,1234567890,no,102,0,0,
2026-09-01 16:56:06,MPC cola Taller,Alma Cordoba,1234567890,yes,33,153,186,SIP/655
2026-09-01 16:46:28,CM cola Taller,Alma Cordoba,1234567890,yes,274,102,376,SIP/655
2026-09-01 16:43:02,MPC cola Taller,,1234567890,no,143,0,0,
2026-09-01 16:43:00,MPC cola Taller,Alma Cordoba,1234567890,yes,5,285,290,SIP/655
2026-09-01 16:37:20,CM cola Taller,Alma Cordoba,1234567890,yes,29,170,199,SIP/655
2026-09-01 16:36:22,CM cola Taller,,1234567890,no,13,0,0,
2026-09-01 16:33:03,MPC cola Taller,,1234567890,no,67,0,0,
2026-09-01 16:30:18,MPC cola Taller,,1234567890,no,72,0,0,
2026-09-01 16:30:09,CM cola Taller,Alma Cordoba,1234567890,yes,33,218,251,SIP/655
2026-09-01 16:24:34,CM cola Taller,Alma Cordoba,1234567890,yes,29,171,200,SIP/655
2026-09-01 16:07:48,MPC cola Taller,Alma Cordoba,1234567890,yes,112,116,228,SIP/655
2026-09-01 15:41:51,MPC cola Taller,,1234567890,no,325,0,0,
2026-09-01 15:39:34,CM cola Taller,Alma Cordoba,1234567890,yes,83,185,268,SIP/655
2026-09-01 15:32:46,CM cola Taller,Alma Cordoba,1234567890,yes,233,150,383,SIP/655
2026-09-01 15:31:37,CM cola Taller,Alma Cordoba,1234567890,yes,8,136,144,SIP/655
2026-09-01 15:28:07,CM cola Taller,Alma Cordoba,1234567890,yes,34,171,205,SIP/655
2026-09-01 15:14:29,MPC cola Taller,,1234567890,no,247,0,0,
2026-09-01 15:13:24,CM cola Taller,Alma Cordoba,1234567890,yes,412,117,529,SIP/655
2026-09-01 15:12:24,CM cola Taller,,1234567890,no,418,0,0,
2026-09-01 15:04:25,MPC cola Taller,Alma Cordoba,1234567890,yes,8,235,243,SIP/655
2026-09-01 15:01:46,CM cola Taller,Alma Cordoba,1234567890,yes,28,114,142,SIP/655
2026-09-01 14:54:47,CM cola Taller,,1234567890,no,79,0,0,
2026-09-01 14:54:15,CM cola Taller,Alma Cordoba,1234567890,yes,153,216,369,SIP/655
2026-09-01 14:53:11,CM cola Taller,Alma Cordoba,1234567890,yes,22,165,187,SIP/655
2026-09-01 14:43:44,CM cola Taller,Alma Cordoba,1234567890,yes,212,206,418,SIP/655
2026-09-01 14:34:23,CM cola Taller,Alma Cordoba,1234567890,yes,207,430,637,SIP/655
2026-09-01 14:29:40,CM cola Taller,Alma Cordoba,1234567890,yes,241,161,402,SIP/655
2026-09-01 14:27:15,CM cola Taller,Alma Cordoba,1234567890,yes,254,120,374,SIP/655
2026-09-01 14:25:52,CM cola Taller,,1234567890,no,231,0,0,
2026-09-01 14:24:39,CM cola Taller,Alma Cordoba,1234567890,yes,223,169,392,SIP/655
2026-09-01 14:23:44,SF cola Taller,,1234567890,no,50,0,0,
2026-09-01 14:23:25,CM cola Taller,Alma Cordoba,1234567890,yes,15,262,277,SIP/655
2026-09-01 14:15:03,CM cola Taller,Alma Cordoba,1234567890,yes,205,110,315,SIP/655
2026-09-01 14:14:30,MPC cola Taller,Alma Cordoba,1234567890,yes,5,205,210,SIP/655
2026-09-01 14:14:11,CM cola Taller,,1234567890,no,1,0,0,
2026-09-01 14:03:03,CM cola Taller,Camila Mias,251,yes,32,20,52,SIP/251
2026-09-01 14:01:29,CM cola Taller,Alma Cordoba,1234567890,yes,10,96,106,SIP/655
2026-09-01 12:50:24,MPC cola Taller,Alma Cordoba,1234567890,yes,8,123,131,SIP/655
2026-09-01 12:37:48,CM cola Taller,,1234567890,no,1,0,0,
2026-09-01 12:36:29,CM cola Taller,Alma Cordoba,1234567890,yes,13,140,153,SIP/655
2026-09-01 12:36:04,CM cola Taller,Lucia Sosa,1234567890,yes,26,271,297,SIP/650
2026-09-01 12:35:17,CM cola Taller,,1234567890,no,1,0,0,
2026-09-01 12:27:31,CM cola Taller,Alma Cordoba,1234567890,yes,146,172,318,SIP/655
2026-09-01 12:25:45,CM cola Taller,Rocío Cornejo,1234567890,yes,118,318,436,SIP/651
2026-09-01 12:25:43,MPC cola Taller,Lucia Sosa,1234567890,yes,204,277,481,SIP/650
2026-09-01 12:25:39,CM cola Taller,Rocío Cornejo,Anonymous,yes,40,69,109,SIP/651
2026-09-01 12:25:14,CM cola Taller,Lucia Sosa,1234567890,yes,6,145,151,SIP/650
2026-09-01 12:23:19,CM cola Taller,Sabrina Mercado,250,yes,55,30,85,SIP/250
2026-09-01 12:21:25,CM cola Taller,,1234567890,no,2,0,0,
2026-09-01 12:12:24,CM cola Taller,Lucia Sosa,1234567890,yes,17,143,160,SIP/650
2026-09-01 12:07:39,CM cola Taller,Sabrina Mercado,250,yes,82,25,107,SIP/250
2026-09-01 11:56:28,CM cola Taller,Sabrina Mercado,250,yes,21,84,105,SIP/250
2026-09-01 11:54:51,CM cola Taller,Alma Cordoba,1234567890,yes,46,70,116,SIP/655
2026-09-01 11:49:25,CM cola Taller,Alma Cordoba,1234567890,yes,23,129,152,SIP/655
2026-09-01 11:36:03,CM cola Taller,Alma Cordoba,1234567890,yes,188,31,219,SIP/655
2026-09-01 11:35:37,CM cola Taller,Alma Cordoba,1234567890,yes,306,226,532,SIP/655
2026-09-01 11:34:45,CM cola Taller,Sofia Montaño,499,yes,24,139,163,SIP/656
2026-09-01 11:33:33,MPC cola Taller,Alma Cordoba,1234567890,yes,6,290,296,SIP/655
2026-09-01 11:31:31,CM cola Taller,Sofia Montaño,1234567890,yes,20,139,159,SIP/656
2026-09-01 11:26:45,CM cola Taller,Lucia Sosa,1234567890,yes,10,59,69,SIP/650
2026-09-01 11:20:31,CM cola Taller,Alma Cordoba,1234567890,yes,27,113,140,SIP/655
2026-09-01 11:15:28,CM cola Taller,Lucia Sosa,1234567890,yes,28,139,167,SIP/650
2026-09-01 11:14:51,MPC cola Taller,Alma Cordoba,1234567890,yes,10,49,59,SIP/655
2026-09-01 11:04:47,CM cola Taller,Sofia Montaño,1234567890,yes,45,180,225,SIP/656
2026-09-01 11:03:19,CM cola Taller,Alma Cordoba,1234567890,yes,68,193,261,SIP/655
2026-09-01 11:00:49,CM cola Taller,Sofia Montaño,1234567890,yes,127,120,247,SIP/656
2026-09-01 10:59:30,CM cola Taller,Lucia Sosa,503,yes,32,410,442,SIP/650
2026-09-01 10:55:19,CM cola Taller,Lucia Sosa,900,yes,43,61,104,SIP/650
2026-09-01 10:51:34,MPC cola Taller,Sofia Montaño,1234567890,yes,245,249,494,SIP/656
2026-09-01 10:48:11,MPC cola Taller,Agustina Vargas,255,yes,86,154,240,SIP/255
2026-09-01 10:47:55,CM cola Taller,Lucia Sosa,1234567890,yes,17,410,427,SIP/650
2026-09-01 10:40:22,CM cola Taller,Lucia Sosa,1234567890,yes,300,114,414,SIP/650
2026-09-01 10:40:12,CM cola Taller,Lucia Sosa,1234567890,yes,7,131,138,SIP/650
2026-09-01 10:36:06,SF cola Taller,Sofia Montaño,1234567890,yes,17,330,347,SIP/656
2026-09-01 10:35:10,CM cola Taller,Sofia Montaño,1234567890,yes,8,52,60,SIP/656
2026-09-01 10:34:16,CM cola Taller,Lucia Sosa,1234567890,yes,27,153,180,SIP/650
2026-09-01 10:26:53,CM cola Taller,Lucia Sosa,1234567890,yes,80,317,397,SIP/650
2026-09-01 10:26:27,CM cola Taller,Sofia Montaño,1234567890,yes,5,137,142,SIP/656
2026-09-01 10:23:56,MPC cola Taller,,1234567890,no,68,0,0,
2026-09-01 10:22:16,MPC cola Taller,Sofia Montaño,1234567890,yes,85,58,143,SIP/656
2026-09-01 10:21:59,CM cola Taller,Lucia Sosa,1234567890,yes,34,289,323,SIP/650
2026-09-01 10:19:55,CM cola Taller,Sofia Montaño,1234567890,yes,16,201,217,SIP/656
2026-09-01 10:06:07,CM cola Taller,Lucia Sosa,1234567890,yes,263,64,327,SIP/650
2026-09-01 10:05:27,CM cola Taller,Sofia Montaño,1234567890,yes,89,284,373,SIP/656
2026-09-01 10:04:50,MPC cola Taller,Sofia Montaño,1234567890,yes,6,113,119,SIP/656
2026-09-01 10:03:24,CM cola Taller,Lucia Sosa,1234567890,yes,256,39,295,SIP/650
2026-09-01 10:02:36,MPC cola Taller,,1234567890,no,86,0,0,
2026-09-01 10:00:32,CM cola Taller,Sofia Montaño,1234567890,yes,163,95,258,SIP/656
2026-09-01 09:50:04,CM cola Taller,Lucia Sosa,1234567890,yes,50,52,102,SIP/650
2026-09-01 09:47:09,CM cola Taller,Sofia Montaño,1234567890,yes,77,304,381,SIP/656
2026-09-01 09:46:10,CM cola Taller,,1234567890,no,0,0,0,
2026-09-01 09:39:23,MPC cola Taller,Lucia Sosa,1234567890,yes,56,278,334,SIP/650
2026-09-01 09:39:14,CM cola Taller,Sofia Montaño,1234567890,yes,134,287,421,SIP/656
2026-09-01 09:37:19,MPC cola Taller,Lucia Sosa,1234567890,yes,70,25,95,SIP/650
2026-09-01 09:36:37,CM cola Taller,Sofia Montaño,1234567890,yes,116,161,277,SIP/656
2026-09-01 09:34:06,CM cola Taller,Sabrina Mercado,250,yes,216,23,239,SIP/250
2026-09-01 09:34:05,CM cola Taller,Sofia Montaño,1234567890,yes,133,128,261,SIP/656
2026-09-01 09:32:14,MPC cola Taller,Lucia Sosa,1234567890,yes,106,169,275,SIP/650
2026-09-01 09:31:31,CM cola Taller,Lucia Sosa,1234567890,yes,72,66,138,SIP/650
2026-09-01 09:30:43,MPC cola Taller,,1234567890,no,66,0,0,
2026-09-01 09:28:10,CM cola Taller,Sofia Montaño,1234567890,yes,154,116,270,SIP/656
2026-09-01 09:28:04,CM cola Taller,,1234567890,no,62,0,0,
2026-09-01 09:27:34,CM cola Taller,Lucia Sosa,1234567890,yes,9,153,162,SIP/650
2026-09-01 09:27:05,CM cola Taller,Sofia Montaño,1234567890,yes,8,161,169,SIP/656
2026-09-01 09:22:43,SF cola Taller,,1234567890,no,163,0,0,
2026-09-01 09:22:34,CM cola Taller,Sofia Montaño,1234567890,yes,162,62,224,SIP/656
2026-09-01 09:21:03,CM cola Taller,Lucia Sosa,1234567890,yes,41,151,192,SIP/650
2026-09-01 09:15:53,CM cola Taller,Lucia Sosa,1234567890,yes,20,222,242,SIP/650
2026-09-01 09:08:01,CM cola Taller,Sofia Montaño,1234567890,yes,87,43,130,SIP/656
2026-09-01 09:04:05,CM cola Taller,Lucia Sosa,503,yes,208,661,869,SIP/650
2026-09-01 09:01:40,CM cola Taller,Lucia Sosa,1234567890,yes,196,119,315,SIP/650
2026-09-01 08:58:17,CM cola Taller,Sofia Montaño,1234567890,yes,259,242,501,SIP/656
2026-09-01 08:57:20,CM cola Taller,Camila Mias,251,yes,88,60,148,SIP/251
2026-09-01 08:52:54,CM cola Taller,Sofia Montaño,1234567890,yes,309,194,503,SIP/656
2026-09-01 08:51:35,CM cola Taller,,1234567890,no,43,0,0,
2026-09-01 08:50:39,CM cola Taller,,1234567890,no,20,0,0,
2026-09-01 08:47:59,CM cola Taller,Camila Mias,251,yes,43,25,68,SIP/251
2026-09-01 08:46:02,CM cola Taller,Lucia Sosa,1234567890,yes,8,661,669,SIP/650
2026-09-01 08:34:51,CM cola Taller,Lucia Sosa,1234567890,yes,60,341,401,SIP/650
2026-09-01 08:34:21,CM cola Taller,Sofia Montaño,1234567890,yes,17,27,44,SIP/656
2026-09-01 08:30:54,CM cola Taller,Sofia Montaño,1234567890,yes,9,105,114,SIP/656
2026-09-01 08:29:22,CM cola Taller,Tania Bazan,1234567890,yes,16,1,17,SIP/659
2026-09-01 08:16:29,CM cola Taller,Lucia Sosa,1234567890,yes,7,133,140,SIP/650
2026-09-01 08:08:08,SF cola Taller,Lucia Sosa,1234567890,yes,9,86,95,SIP/650
2026-08-31 17:53:04,CM cola Taller,,Anonymous,no,50,0,0,
2026-08-31 17:53:01,CM cola Taller,,1234567890,no,396,0,0,
2026-08-31 17:51:39,CM cola Taller,,1234567890,no,568,0,0,
2026-08-31 17:50:58,CM cola Taller,,1234567890,no,579,0,0,
2026-08-31 17:40:00,CM cola Taller,,1234567890,no,1406,0,0,
2026-08-31 17:15:59,CM cola Taller,,1234567890,no,561,0,0,
2026-08-31 17:14:52,CM cola Taller,,1234567890,no,2,0,0,
2026-08-31 17:09:10,CM cola Taller,,1234567890,no,1115,0,0,
2026-08-31 16:58:36,CM cola Taller,Camila Mias,251,yes,200,17,217,SIP/251
2026-08-31 16:57:02,CM cola Taller,,1234567890,no,79,0,0,
2026-08-31 16:56:22,CM cola Taller,,1234567890,no,617,0,0,
2026-08-31 16:55:42,CM cola Taller,Rocío Cornejo,1234567890,yes,975,251,1226,SIP/651
2026-08-31 16:55:41,CM cola Taller,,1234567890,no,192,0,0,
2026-08-31 16:53:37,CM cola Taller,,1234567890,no,1,0,0,
2026-08-31 16:51:34,MPC cola Taller,Matias Sasson,354,yes,210,46,256,SIP/354
2026-08-31 16:48:03,MPC cola Taller,,1234567890,no,390,0,0,
2026-08-31 16:45:45,CM cola Taller,Rocío Cornejo,1234567890,yes,144,354,498,SIP/651
2026-08-31 16:44:35,CM cola Taller,Sabrina Mercado,250,yes,64,14,78,SIP/250
2026-08-31 16:41:22,CM cola Taller,Rocío Cornejo,1234567890,yes,53,145,198,SIP/651
2026-08-31 16:35:03,CM cola Taller,,1234567890,no,81,0,0,
2026-08-31 16:32:12,CM cola Taller,Rocío Cornejo,1234567890,yes,184,291,475,SIP/651
2026-08-31 16:31:18,SF cola Taller,,1234567890,no,35,0,0,
2026-08-31 16:29:16,CM cola Taller,,1234567890,no,52,0,0,
2026-08-31 16:25:34,MPC cola Taller,,1234567890,no,238,0,0,
2026-08-31 16:23:15,MPC cola Taller,,1234567890,no,370,0,0,
2026-08-31 16:22:29,CM cola Taller,Rocío Cornejo,1234567890,yes,613,101,714,SIP/651
2026-08-31 16:19:37,CM cola Taller,,1234567890,no,195,0,0,
2026-08-31 16:17:15,CM cola Taller,Rocío Cornejo,1234567890,yes,240,179,419,SIP/651
2026-08-31 16:15:46,CM cola Taller,Rocío Cornejo,1234567890,yes,209,106,315,SIP/651
2026-08-31 16:15:16,CM cola Taller,Sabrina Mercado,250,yes,177,31,208,SIP/250
2026-08-31 16:13:59,CM cola Taller,,1234567890,no,243,0,0,
2026-08-31 16:06:40,CM cola Taller,,1234567890,no,675,0,0,
2026-08-31 16:01:11,CM cola Taller,,1234567890,no,695,0,0,
2026-08-31 16:00:23,SF cola Taller,,1234567890,no,421,0,0,
2026-08-31 15:59:21,MPC cola Taller,,1234567890,no,56,0,0,
2026-08-31 15:57:59,CM cola Taller,,1234567890,no,1,0,0,
2026-08-31 15:56:38,CM cola Taller,,1234567890,no,1,0,0,
2026-08-31 15:54:33,CM cola Taller,Rocío Cornejo,1234567890,yes,1158,252,1410,SIP/651
2026-08-31 15:46:29,MPC cola Taller,Rocío Cornejo,1234567890,yes,94,96,190,SIP/651
2026-08-31 15:40:46,CM cola Taller,Camila Mias,251,yes,305,26,331,SIP/251
2026-08-31 15:39:34,CM cola Taller,Sofia Montaño,1234567890,yes,154,304,458,SIP/656
2026-08-31 15:39:10,CM cola Taller,Sofia Montaño,1234567890,yes,62,34,96,SIP/656
2026-08-31 15:37:27,CM cola Taller,Rocío Cornejo,251,yes,105,54,159,SIP/651
2026-08-31 15:27:19,CM cola Taller,Camila Mias,251,yes,177,40,217,SIP/251
2026-08-31 15:20:39,MPC cola Taller,,1234567890,no,99,0,0,
2026-08-31 15:20:22,CM cola Taller,,1234567890,no,62,0,0,
2026-08-31 15:16:39,CM cola Taller,Sofia Montaño,1234567890,yes,30,261,291,SIP/656
2026-08-31 15:14:18,CM cola Taller,Rocío Cornejo,1234567890,yes,105,149,254,SIP/651
2026-08-31 15:11:03,CM cola Taller,Rocío Cornejo,1234567890,yes,30,91,121,SIP/651
2026-08-31 15:11:00,CM cola Taller,Sofia Montaño,1234567890,yes,9,201,210,SIP/656
2026-08-31 15:05:09,MPC cola Taller,Sofia Montaño,1234567890,yes,3,40,43,SIP/656
2026-08-31 15:01:01,CM cola Taller,Rocío Cornejo,1234567890,yes,168,247,415,SIP/651
2026-08-31 14:56:58,MPC cola Taller,Rocío Cornejo,1234567890,yes,64,293,357,SIP/651
2026-08-31 14:54:29,CM cola Taller,,499,yes,273,194,467,SIP/499
2026-08-31 14:53:12,MPC cola Taller,Sofia Montaño,1234567890,yes,170,157,327,SIP/656
2026-08-31 14:42:27,CM cola Taller,Sofia Montaño,1234567890,yes,6,118,124,SIP/656
2026-08-31 14:42:00,CM cola Taller,Rocío Cornejo,1234567890,yes,189,181,370,SIP/651
2026-08-31 14:33:35,CM cola Taller,Sofia Montaño,1234567890,yes,174,9,183,SIP/656
2026-08-31 14:32:10,CM cola Taller,Martin Jalil,503,yes,292,42,334,SIP/503
2026-08-31 14:23:36,CM cola Taller,Sofia Montaño,1234567890,yes,171,542,713,SIP/656
2026-08-31 14:22:02,MPC cola Taller,Rocío Cornejo,1234567890,yes,90,270,360,SIP/651
2026-08-31 14:17:28,MPC cola Taller,,1234567890,no,160,0,0,
2026-08-31 14:15:07,CM cola Taller,,1234567890,no,106,0,0,
2026-08-31 14:11:03,MPC cola Taller,,1234567890,no,274,0,0,
2026-08-31 14:08:12,CM cola Taller,Rocío Cornejo,1234567890,yes,656,206,862,SIP/651
2026-08-31 14:08:05,CM cola Taller,Rocío Cornejo,1234567890,yes,56,360,416,SIP/651
2026-08-31 14:07:48,CM cola Taller,Sofia Montaño,1234567890,yes,38,994,1032,SIP/656
2026-08-31 14:06:01,CM cola Taller,Rocío Cornejo,1234567890,yes,50,104,154,SIP/651
2026-08-31 14:05:50,CM cola Taller,Sabrina Mercado,250,yes,10,35,45,SIP/250
2026-08-31 14:02:39,MPC cola Taller,Rocío Cornejo,1234567890,yes,10,213,223,SIP/651
2026-08-31 12:55:29,CM cola Taller,Alma Cordoba,1234567890,yes,16,120,136,SIP/655
2026-08-31 12:52:08,CM cola Taller,Rocío Cornejo,1234567890,yes,11,116,127,SIP/651
2026-08-31 12:51:29,SF cola Taller,Lucia Sosa,1234567890,yes,17,162,179,SIP/650
2026-08-31 12:47:23,CM cola Taller,Sofia Montaño,1234567890,yes,34,280,314,SIP/656
2026-08-31 12:45:26,CM cola Taller,,1234567890,no,142,0,0,
2026-08-31 12:39:59,CM cola Taller,Lucia Sosa,1234567890,yes,24,247,271,SIP/650
2026-08-31 12:39:12,MPC cola Taller,Alma Cordoba,1234567890,yes,14,217,231,SIP/655
2026-08-31 12:37:37,MPC cola Taller,Sofia Montaño,1234567890,yes,48,132,180,SIP/656
2026-08-31 12:28:27,CM cola Taller,Camila Mias,251,yes,5,17,22,SIP/251
2026-08-31 12:28:03,CM cola Taller,Rocío Cornejo,1234567890,yes,17,207,224,SIP/651
2026-08-31 12:26:31,CM cola Taller,Lucia Sosa,1234567890,yes,86,159,245,SIP/650
2026-08-31 12:22:48,MPC cola Taller,Rocío Cornejo,1234567890,yes,2,132,134,SIP/651
2026-08-31 12:18:07,CM cola Taller,Sabrina Mercado,250,yes,141,71,212,SIP/250
2026-08-31 12:17:58,SF cola Taller,Sofia Montaño,1234567890,yes,140,95,235,SIP/656
2026-08-31 12:17:40,CM cola Taller,Rocío Cornejo,1234567890,yes,53,166,219,SIP/651
2026-08-31 12:15:42,CM cola Taller,Sofia Montaño,1234567890,yes,36,192,228,SIP/656
2026-08-31 12:14:55,MPC cola Taller,Lucia Sosa,1234567890,yes,20,153,173,SIP/650
2026-08-31 12:07:11,CM cola Taller,Sofia Montaño,1234567890,yes,5,230,235,SIP/656
2026-08-31 12:04:33,MPC cola Taller,,1234567890,no,28,0,0,
2026-08-31 12:04:31,SF cola Taller,Alma Cordoba,1234567890,yes,26,93,119,SIP/655
2026-08-31 12:02:56,CM cola Taller,Lucia Sosa,1234567890,yes,110,393,503,SIP/650
2026-08-31 12:02:07,CM cola Taller,Rocío Cornejo,1234567890,yes,98,309,407,SIP/651
2026-08-31 11:59:44,CM cola Taller,Alma Cordoba,1234567890,yes,133,127,260,SIP/655
2026-08-31 11:56:12,SF cola Taller,,1234567890,no,420,0,0,
2026-08-31 11:55:49,CM cola Taller,Lucia Sosa,1234567890,yes,57,195,252,SIP/650
2026-08-31 11:55:21,CM cola Taller,Sofia Montaño,1234567890,yes,36,137,173,SIP/656
2026-08-31 11:49:37,SF cola Taller,Alma Cordoba,1234567890,yes,173,225,398,SIP/655
2026-08-31 11:48:51,CM cola Taller,Alma Cordoba,1234567890,yes,61,113,174,SIP/655
2026-08-31 11:47:47,CM cola Taller,Lucia Sosa,1234567890,yes,29,284,313,SIP/650
2026-08-31 11:46:29,SF cola Taller,Alma Cordoba,1234567890,yes,33,73,106,SIP/655
2026-08-31 11:44:58,CM cola Taller,,1234567890,no,88,0,0,
2026-08-31 11:43:31,CM cola Taller,Sofia Montaño,1234567890,yes,21,222,243,SIP/656
2026-08-31 11:43:27,CM cola Taller,Alma Cordoba,1234567890,yes,35,32,67,SIP/655
2026-08-31 11:41:51,CM cola Taller,Sofia Montaño,1234567890,yes,111,2,113,SIP/656
2026-08-31 11:41:38,CM cola Taller,Alma Cordoba,1234567890,yes,41,1,42,SIP/655
2026-08-31 11:34:04,CM cola Taller,Camila Mias,251,yes,141,16,157,SIP/251
2026-08-31 11:33:52,CM cola Taller,Lucia Sosa,1234567890,yes,119,85,204,SIP/650
2026-08-31 11:32:43,CM cola Taller,Sofia Montaño,1234567890,yes,4,146,150,SIP/656
2026-08-31 11:31:03,CM cola Taller,,1234567890,no,202,0,0,
2026-08-31 11:30:12,CM cola Taller,Alma Cordoba,1234567890,yes,106,271,377,SIP/655
2026-08-31 11:24:19,CM cola Taller,Sofia Montaño,1234567890,yes,203,112,315,SIP/656
2026-08-31 11:24:05,CM cola Taller,Lucia Sosa,1234567890,yes,137,299,436,SIP/650
2026-08-31 11:23:02,CM cola Taller,Alma Cordoba,1234567890,yes,158,166,324,SIP/655
2026-08-31 11:21:42,CM cola Taller,Camila Mias,251,yes,24,25,49,SIP/251
2026-08-31 11:20:14,CM cola Taller,Alma Cordoba,1234567890,yes,12,118,130,SIP/655
2026-08-31 11:17:07,CM cola Taller,Lucia Sosa,1234567890,yes,19,127,146,SIP/650
2026-08-31 11:15:39,CM cola Taller,Sofia Montaño,1234567890,yes,12,135,147,SIP/656
2026-08-31 11:07:29,CM cola Taller,Alma Cordoba,1234567890,yes,160,125,285,SIP/655
2026-08-31 11:07:09,CM cola Taller,,1234567890,no,43,0,0,
2026-08-31 11:06:38,CM cola Taller,Lucia Sosa,1234567890,yes,22,157,179,SIP/650
2026-08-31 10:53:42,MPC cola Taller,Lucia Sosa,1234567890,yes,36,176,212,SIP/650
2026-08-31 10:52:02,CM cola Taller,,1234567890,no,123,0,0,
2026-08-31 10:51:50,CM cola Taller,Lucia Sosa,1234567890,yes,364,381,745,SIP/650
2026-08-31 10:50:46,CM cola Taller,Alma Cordoba,1234567890,yes,244,294,538,SIP/655
2026-08-31 10:49:08,CM cola Taller,Sofia Montaño,1234567890,yes,155,537,692,SIP/656
2026-08-31 10:48:08,CM cola Taller,Sofia Montaño,1234567890,yes,31,132,163,SIP/656
2026-08-31 10:45:54,CM cola Taller,Alma Cordoba,1234567890,yes,317,192,509,SIP/655
2026-08-31 10:45:53,CM cola Taller,Sofia Montaño,1234567890,yes,151,6,157,SIP/656
2026-08-31 10:43:55,CM cola Taller,Martin Jalil,503,yes,89,22,111,SIP/503
2026-08-31 10:29:46,SF cola Taller,Alma Cordoba,1234567890,yes,82,323,405,SIP/655
2026-08-31 10:28:07,SF cola Taller,Lucia Sosa,1234567890,yes,14,206,220,SIP/650
2026-08-31 10:22:56,CM cola Taller,Lucia Sosa,1234567890,yes,19,172,191,SIP/650
2026-08-31 10:19:19,CM cola Taller,Alma Cordoba,1234567890,yes,219,154,373,SIP/655
2026-08-31 10:19:02,CM cola Taller,Alma Cordoba,1234567890,yes,17,134,151,SIP/655
2026-08-31 10:17:38,SF cola Taller,Lucia Sosa,1234567890,yes,25,176,201,SIP/650
2026-08-31 10:17:34,CM cola Taller,Sofia Montaño,1234567890,yes,52,252,304,SIP/656
2026-08-31 10:17:32,CM cola Taller,Sabrina Mercado,250,yes,28,23,51,SIP/250
2026-08-31 10:08:55,CM cola Taller,Sofia Montaño,1234567890,yes,42,218,260,SIP/656
2026-08-31 10:03:14,MPC cola Taller,Alma Cordoba,1234567890,yes,39,133,172,SIP/655
2026-08-31 10:01:58,CM cola Taller,Lucia Sosa,1234567890,yes,21,130,151,SIP/650
2026-08-31 09:57:51,CM cola Taller,Sofia Montaño,1234567890,yes,142,418,560,SIP/656
2026-08-31 09:56:38,CM cola Taller,Sabrina Mercado,250,yes,189,25,214,SIP/250
2026-08-31 09:54:57,CM cola Taller,Alma Cordoba,1234567890,yes,211,164,375,SIP/655
2026-08-31 09:50:14,CM cola Taller,Lucia Sosa,499,yes,198,239,437,SIP/650
2026-08-31 09:49:40,CM cola Taller,Alma Cordoba,1234567890,yes,23,441,464,SIP/655
2026-08-31 09:46:32,CM cola Taller,Lucia Sosa,1234567890,yes,27,103,130,SIP/650
2026-08-31 09:44:52,CM cola Taller,Alma Cordoba,1234567890,yes,131,90,221,SIP/655
2026-08-31 09:43:23,CM cola Taller,Lucia Sosa,1234567890,yes,39,239,278,SIP/650
2026-08-31 09:41:40,CM cola Taller,Lucia Sosa,1234567890,yes,16,91,107,SIP/650
2026-08-31 09:39:24,CM cola Taller,Alma Cordoba,1234567890,yes,94,245,339,SIP/655
2026-08-31 09:38:11,CM cola Taller,Lucia Sosa,1234567890,yes,69,118,187,SIP/650
2026-08-31 09:36:31,CM cola Taller,Lucia Sosa,1234567890,yes,67,68,135,SIP/650
2026-08-31 09:33:47,CM cola Taller,Alma Cordoba,1234567890,yes,180,121,301,SIP/655
2026-08-31 09:32:59,MPC cola Taller,Alma Cordoba,1234567890,yes,26,193,219,SIP/655
2026-08-31 09:32:58,CM cola Taller,Lucia Sosa,1234567890,yes,21,219,240,SIP/650
2026-08-31 09:30:02,MPC cola Taller,,1234567890,no,2,0,0,
2026-08-31 09:29:24,CM cola Taller,,1234567890,no,111,0,0,
2026-08-31 09:29:18,CM cola Taller,Sabrina Mercado,499,yes,54,35,89,SIP/250
2026-08-31 09:26:36,SF cola Taller,Lucia Sosa,1234567890,yes,7,312,319,SIP/650
2026-08-31 09:25:51,CM cola Taller,Alma Cordoba,1234567890,yes,19,23,42,SIP/655
2026-08-31 09:24:26,CM cola Taller,Alma Cordoba,1234567890,yes,28,9,37,SIP/655
2026-08-31 09:18:01,MPC cola Taller,Lucia Sosa,1234567890,yes,8,232,240,SIP/650
2026-08-31 09:11:38,CM cola Taller,Lucia Sosa,1234567890,yes,143,159,302,SIP/650
2026-08-31 09:11:16,CM cola Taller,Alma Cordoba,1234567890,yes,19,202,221,SIP/655
2026-08-31 09:10:16,MPC cola Taller,Lucia Sosa,1234567890,yes,35,160,195,SIP/650
2026-08-31 09:09:04,CM cola Taller,Alma Cordoba,1234567890,yes,11,129,140,SIP/655
2026-08-31 09:04:02,MPC cola Taller,Lucia Sosa,1234567890,yes,7,171,178,SIP/650
2026-08-31 09:03:22,CM cola Taller,Alma Cordoba,1234567890,yes,8,195,203,SIP/655
2026-08-31 08:54:41,CM cola Taller,Lucia Sosa,1234567890,yes,208,96,304,SIP/650
2026-08-31 08:54:40,CM cola Taller,Alma Cordoba,1234567890,yes,21,143,164,SIP/655
2026-08-31 08:47:50,MPC cola Taller,Alma Cordoba,1234567890,yes,42,300,342,SIP/655
2026-08-31 08:47:07,CM cola Taller,Lucia Sosa,1234567890,yes,83,537,620,SIP/650
2026-08-31 08:44:27,CM cola Taller,Alma Cordoba,1234567890,yes,11,223,234,SIP/655
2026-08-31 08:42:18,CM cola Taller,Lucia Sosa,1234567890,yes,12,331,343,SIP/650
2026-08-31 08:38:33,CM cola Taller,Alma Cordoba,1234567890,yes,34,93,127,SIP/655
2026-08-31 08:33:12,CM cola Taller,Alma Cordoba,1234567890,yes,89,146,235,SIP/655
2026-08-31 08:32:33,CM cola Taller,Martin Jalil,503,yes,10,184,194,SIP/503
2026-08-31 08:31:08,CM cola Taller,Alma Cordoba,1234567890,yes,8,194,202,SIP/655
2026-08-31 08:19:51,CM cola Taller,Lucia Sosa,1234567890,yes,19,50,69,SIP/650
2026-08-31 08:15:49,SF cola Taller,Alma Cordoba,1234567890,yes,6,141,147,SIP/655
2026-08-31 08:08:10,CM cola Taller,Lucia Sosa,1234567890,yes,23,56,79,SIP/650
2026-08-31 08:06:20,CM cola Taller,Alma Cordoba,1234567890,yes,9,92,101,SIP/655
2026-08-31 08:03:08,CM cola Taller,Lucia Sosa,1234567890,yes,14,188,202,SIP/650
2026-08-28 17:54:48,CM cola Taller,,1234567890,no,69,0,0,
2026-08-28 17:34:53,CM cola Taller,Alma Cordoba,1234567890,yes,26,384,410,SIP/655
2026-08-28 17:25:47,CM cola Taller,Rocío Cornejo,1234567890,yes,7,235,242,SIP/651
2026-08-28 17:10:46,CM cola Taller,Alma Cordoba,1234567890,yes,205,88,293,SIP/655
2026-08-28 17:08:58,CM cola Taller,Rocío Cornejo,1234567890,yes,320,217,537,SIP/651
2026-08-28 16:58:33,CM cola Taller,,1234567890,no,145,0,0,
2026-08-28 16:47:48,CM cola Taller,Alma Cordoba,1234567890,yes,633,218,851,SIP/655
2026-08-28 16:45:44,CM cola Taller,,1234567890,no,342,0,0,
2026-08-28 16:44:24,CM cola Taller,Alma Cordoba,1234567890,yes,439,288,727,SIP/655
2026-08-28 16:44:09,CM cola Taller,Alma Cordoba,1234567890,yes,126,133,259,SIP/655
2026-08-28 16:40:35,CM cola Taller,Alma Cordoba,1234567890,yes,124,117,241,SIP/655
2026-08-28 16:38:55,CM cola Taller,,1234567890,no,3,0,0,
2026-08-28 16:33:36,CM cola Taller,,1234567890,no,204,0,0,
2026-08-28 16:33:02,CM cola Taller,,1234567890,no,278,0,0,
2026-08-28 16:28:01,CM cola Taller,,1234567890,no,122,0,0,
2026-08-28 16:26:22,CM cola Taller,,1234567890,no,38,0,0,
2026-08-28 16:24:20,CM cola Taller,Alma Cordoba,1234567890,yes,306,505,811,SIP/655
2026-08-28 16:22:43,CM cola Taller,Alma Cordoba,1234567890,yes,116,125,241,SIP/655
2026-08-28 16:21:49,CM cola Taller,,1234567890,no,2,0,0,
2026-08-28 16:20:31,CM cola Taller,Alma Cordoba,1234567890,yes,44,168,212,SIP/655
2026-08-28 16:19:55,MPC cola Taller,,1234567890,no,256,0,0,
2026-08-28 16:14:16,CM cola Taller,Alma Cordoba,1234567890,yes,41,110,151,SIP/655
2026-08-28 16:05:24,MPC cola Taller,,255,no,32,0,0,
2026-08-28 15:57:41,MPC cola Taller,Agustina Vargas,255,yes,400,125,525,SIP/255
2026-08-28 15:43:42,CM cola Taller,Sofia Montaño,1234567890,yes,11,70,81,SIP/656
2026-08-28 15:43:38,CM cola Taller,Alma Cordoba,1234567890,yes,11,268,279,SIP/655
2026-08-28 15:33:51,CM cola Taller,Alma Cordoba,1234567890,yes,7,285,292,SIP/655
2026-08-28 15:29:39,CM cola Taller,Sofia Montaño,1234567890,yes,139,40,179,SIP/656
2026-08-28 15:28:01,CM cola Taller,Alma Cordoba,1234567890,yes,107,149,256,SIP/655
2026-08-28 15:27:36,CM cola Taller,Sofia Montaño,1234567890,yes,126,118,244,SIP/656
2026-08-28 15:25:57,MPC cola Taller,Alma Cordoba,1234567890,yes,74,144,218,SIP/655
2026-08-28 15:19:58,CM cola Taller,Alma Cordoba,1234567890,yes,9,48,57,SIP/655
2026-08-28 15:09:56,SF cola Taller,,1234567890,no,113,0,0,
2026-08-28 15:08:08,MPC cola Taller,Alma Cordoba,1234567890,yes,7,101,108,SIP/655
2026-08-28 15:02:46,CM cola Taller,Alma Cordoba,1234567890,yes,6,191,197,SIP/655
2026-08-28 14:55:49,CM cola Taller,Alma Cordoba,1234567890,yes,19,147,166,SIP/655
2026-08-28 14:50:13,SF cola Taller,Sofia Montaño,1234567890,yes,7,767,774,SIP/656
2026-08-28 14:47:13,CM cola Taller,Alma Cordoba,1234567890,yes,6,147,153,SIP/655
2026-08-28 14:43:55,CM cola Taller,Alma Cordoba,1234567890,yes,69,127,196,SIP/655
2026-08-28 14:43:33,CM cola Taller,Sofia Montaño,1234567890,yes,30,214,244,SIP/656
2026-08-28 14:43:00,CM cola Taller,Alma Cordoba,1234567890,yes,18,94,112,SIP/655
2026-08-28 14:38:02,CM cola Taller,Sofia Montaño,1234567890,yes,15,166,181,SIP/656
2026-08-28 14:37:41,CM cola Taller,Alma Cordoba,1234567890,yes,12,184,196,SIP/655
2026-08-28 14:34:54,CM cola Taller,Sofia Montaño,1234567890,yes,6,115,121,SIP/656
2026-08-28 14:22:41,MPC cola Taller,Alma Cordoba,1234567890,yes,5,87,92,SIP/655
2026-08-28 14:17:54,CM cola Taller,,1234567890,no,0,0,0,
2026-08-28 14:16:35,MPC cola Taller,Sofia Montaño,1234567890,yes,9,39,48,SIP/656
2026-08-28 14:12:06,SF cola Taller,Alma Cordoba,1234567890,yes,11,76,87,SIP/655
2026-08-28 14:08:05,CM cola Taller,Alma Cordoba,1234567890,yes,12,151,163,SIP/655
2026-08-28 14:04:30,MPC cola Taller,Alma Cordoba,1234567890,yes,10,157,167,SIP/655
2026-08-28 12:59:10,CM cola Taller,Alma Cordoba,1234567890,yes,17,106,123,SIP/655
2026-08-28 12:53:37,CM cola Taller,Tania Bazan,1234567890,yes,8,439,447,SIP/659
2026-08-28 12:50:39,CM cola Taller,Alma Cordoba,1234567890,yes,11,88,99,SIP/655
2026-08-28 12:50:08,MPC cola Taller,Rocío Cornejo,1234567890,yes,2,179,181,SIP/651
2026-08-28 12:40:26,CM cola Taller,Sofia Montaño,1234567890,yes,26,342,368,SIP/656
2026-08-28 12:38:20,SF cola Taller,Alma Cordoba,1234567890,yes,12,112,124,SIP/655
2026-08-28 12:34:53,SF cola Taller,,1234567890,no,16,0,0,
2026-08-28 12:33:01,CM cola Taller,Alma Cordoba,1234567890,yes,50,65,115,SIP/655
2026-08-28 12:25:47,CM cola Taller,Tania Bazan,1234567890,yes,9,460,469,SIP/659
2026-08-28 12:19:53,SF cola Taller,Alma Cordoba,1234567890,yes,15,261,276,SIP/655
2026-08-28 12:11:57,CM cola Taller,Sofia Montaño,1234567890,yes,77,169,246,SIP/656
2026-08-28 12:08:09,CM cola Taller,Alma Cordoba,1234567890,yes,13,353,366,SIP/655
2026-08-28 11:57:47,CM cola Taller,Rocío Cornejo,1234567890,yes,15,327,342,SIP/651
2026-08-28 11:55:35,CM cola Taller,Alma Cordoba,1234567890,yes,134,74,208,SIP/655
2026-08-28 11:54:00,CM cola Taller,Alma Cordoba,1234567890,yes,16,126,142,SIP/655
2026-08-28 11:53:30,CM cola Taller,,1234567890,no,14,0,0,
2026-08-28 11:49:26,CM cola Taller,Tania Bazan,1234567890,yes,83,243,326,SIP/659
2026-08-28 11:45:36,CM cola Taller,Tania Bazan,1234567890,yes,6,131,137,SIP/659
2026-08-28 11:39:21,CM cola Taller,Sofia Montaño,1234567890,yes,79,230,309,SIP/656
2026-08-28 11:38:02,CM cola Taller,Tania Bazan,1234567890,yes,29,182,211,SIP/659
2026-08-28 11:36:44,CM cola Taller,Sabrina Mercado,250,yes,23,25,48,SIP/250
2026-08-28 11:31:50,CM cola Taller,Sofia Montaño,1234567890,yes,78,144,222,SIP/656
2026-08-28 11:29:32,CM cola Taller,Tania Bazan,1234567890,yes,6,205,211,SIP/659
2026-08-28 11:25:33,CM cola Taller,Tania Bazan,1234567890,yes,6,147,153,SIP/659
2026-08-28 11:21:22,CM cola Taller,Tania Bazan,1234567890,yes,97,85,182,SIP/659
2026-08-28 11:06:34,CM cola Taller,Tania Bazan,1234567890,yes,28,200,228,SIP/659
2026-08-28 11:05:33,CM cola Taller,Sofia Montaño,1234567890,yes,9,90,99,SIP/656
2026-08-28 11:02:24,CM cola Taller,Tania Bazan,1234567890,yes,9,34,43,SIP/659
2026-08-28 10:53:39,CM cola Taller,Sofia Montaño,1234567890,yes,98,283,381,SIP/656
2026-08-28 10:43:52,CM cola Taller,Sofia Montaño,1234567890,yes,32,134,166,SIP/656
2026-08-28 10:41:18,MPC cola Taller,Sofia Montaño,1234567890,yes,3,171,174,SIP/656
2026-08-28 10:38:00,CM cola Taller,Tania Bazan,1234567890,yes,81,154,235,SIP/659
2026-08-28 10:31:11,CM cola Taller,Tania Bazan,1234567890,yes,121,196,317,SIP/659
2026-08-28 10:29:21,CM cola Taller,Sofia Montaño,1234567890,yes,164,296,460,SIP/656
2026-08-28 10:24:17,CM cola Taller,Sofia Montaño,1234567890,yes,185,138,323,SIP/656
2026-08-28 10:19:43,CM cola Taller,Sofia Montaño,1234567890,yes,27,200,227,SIP/656
2026-08-28 10:17:22,CM cola Taller,Tania Bazan,1234567890,yes,28,551,579,SIP/659
2026-08-28 10:15:51,CM cola Taller,Sofia Montaño,1234567890,yes,51,181,232,SIP/656
2026-08-28 10:12:15,CM cola Taller,Sofia Montaño,1234567890,yes,42,208,250,SIP/656
2026-08-28 10:11:26,CM cola Taller,Tania Bazan,1234567890,yes,61,243,304,SIP/659
2026-08-28 10:04:58,CM cola Taller,,1234567890,no,137,0,0,
2026-08-28 10:01:56,CM cola Taller,Tania Bazan,1234567890,yes,64,403,467,SIP/659
2026-08-28 10:00:05,CM cola Taller,,1234567890,no,113,0,0,
2026-08-28 09:59:46,CM cola Taller,Tania Bazan,1234567890,yes,77,110,187,SIP/659
2026-08-28 09:55:33,CM cola Taller,Tania Bazan,1234567890,yes,242,78,320,SIP/659
2026-08-28 09:43:13,CM cola Taller,,1234567890,no,442,0,0,
2026-08-28 09:41:09,CM cola Taller,,1234567890,no,114,0,0,
2026-08-28 09:40:05,CM cola Taller,Tania Bazan,1234567890,yes,172,658,830,SIP/659
2026-08-28 09:32:58,CM cola Taller,,499,yes,141,191,332,SIP/499
2026-08-28 09:32:34,CM cola Taller,Tania Bazan,1234567890,yes,348,263,611,SIP/659
2026-08-28 09:24:42,CM cola Taller,Tania Bazan,1234567890,yes,5,115,120,SIP/659
2026-08-28 09:20:17,CM cola Taller,Tania Bazan,1234567890,yes,23,207,230,SIP/659
2026-08-28 09:11:14,MPC cola Taller,Tania Bazan,1234567890,yes,307,242,549,SIP/659
2026-08-28 09:09:51,CM cola Taller,Tania Bazan,1234567890,yes,6,364,370,SIP/659
2026-08-28 08:48:28,CM cola Taller,Tania Bazan,1234567890,yes,11,271,282,SIP/659
2026-08-28 08:45:04,CM cola Taller,,1234567890,no,81,0,0,
2026-08-28 08:42:13,CM cola Taller,,1234567890,no,357,0,0,
2026-08-28 08:40:33,CM cola Taller,Tania Bazan,1234567890,yes,10,305,315,SIP/659
2026-08-28 08:34:05,CM cola Taller,Camila Mias,251,yes,96,65,161,SIP/251
2026-08-28 08:22:33,CM cola Taller,Tania Bazan,1234567890,yes,5,220,225,SIP/659
2026-08-28 08:05:50,CM cola Taller,Camila Mias,251,yes,32,16,48,SIP/251
2026-08-27 17:59:41,CM cola Taller,,1234567890,no,291,0,0,
2026-08-27 17:56:04,CM cola Taller,,1234567890,no,262,0,0,
2026-08-27 17:53:24,CM cola Taller,,1234567890,no,570,0,0,
2026-08-27 17:16:13,CM cola Taller,,1234567890,no,380,0,0,
2026-08-27 17:12:49,CM cola Taller,,1234567890,no,899,0,0,
2026-08-27 17:06:55,CM cola Taller,,1234567890,no,246,0,0,
2026-08-27 17:05:31,CM cola Taller,,1234567890,no,482,0,0,
2026-08-27 16:50:19,CM cola Taller,,1234567890,no,609,0,0,
2026-08-27 16:48:49,CM cola Taller,Alma Cordoba,1234567890,yes,16,183,199,SIP/655
2026-08-27 16:37:55,CM cola Taller,Alma Cordoba,1234567890,yes,16,229,245,SIP/655
2026-08-27 16:18:15,CM cola Taller,,1234567890,no,144,0,0,
2026-08-27 16:17:50,MPC cola Taller,Alma Cordoba,1234567890,yes,252,123,375,SIP/655
2026-08-27 16:16:35,MPC cola Taller,,1234567890,no,118,0,0,
2026-08-27 16:15:25,CM cola Taller,,1234567890,no,81,0,0,
2026-08-27 16:11:39,CM cola Taller,,1234567890,no,29,0,0,
2026-08-27 16:08:27,CM cola Taller,Alma Cordoba,1234567890,yes,390,302,692,SIP/655
2026-08-27 16:08:25,MPC cola Taller,,1234567890,no,422,0,0,
2026-08-27 16:06:04,CM cola Taller,Alma Cordoba,1234567890,yes,18,458,476,SIP/655
2026-08-27 16:01:39,CM cola Taller,Alma Cordoba,1234567890,yes,12,187,199,SIP/655
2026-08-27 15:46:49,CM cola Taller,Alma Cordoba,1234567890,yes,185,60,245,SIP/655
2026-08-27 15:37:21,SF cola Taller,Rocío Cornejo,1234567890,yes,159,163,322,SIP/651
2026-08-27 15:35:22,CM cola Taller,,499,yes,362,42,404,SIP/499
2026-08-27 15:32:47,CM cola Taller,Rocío Cornejo,503,yes,17,52,69,SIP/651
2026-08-27 15:29:51,CM cola Taller,Rocío Cornejo,1234567890,yes,7,60,67,SIP/651
2026-08-27 15:21:52,CM cola Taller,Rocío Cornejo,1234567890,yes,66,52,118,SIP/651
2026-08-27 15:18:43,CM cola Taller,Alma Cordoba,1234567890,yes,442,235,677,SIP/655
2026-08-27 15:15:37,CM cola Taller,,1234567890,no,2,0,0,
2026-08-27 15:07:22,CM cola Taller,Rocío Cornejo,1234567890,yes,258,432,690,SIP/651
2026-08-27 15:01:02,MPC cola Taller,Alma Cordoba,1234567890,yes,0,88,88,SIP/655
2026-08-27 15:00:16,CM cola Taller,Rocío Cornejo,1234567890,yes,9,271,280,SIP/651
2026-08-27 14:59:50,CM cola Taller,Martin Jalil,503,yes,211,18,229,SIP/503
2026-08-27 14:55:28,CM cola Taller,Alma Cordoba,1234567890,yes,38,110,148,SIP/655
2026-08-27 14:54:01,MPC cola Taller,Rocío Cornejo,1234567890,yes,184,92,276,SIP/651
2026-08-27 14:53:54,CM cola Taller,Alma Cordoba,1234567890,yes,28,16,44,SIP/655
2026-08-27 14:48:34,CM cola Taller,Rocío Cornejo,1234567890,yes,10,479,489,SIP/651
2026-08-27 14:46:38,CM cola Taller,Alma Cordoba,1234567890,yes,155,273,428,SIP/655
2026-08-27 14:46:25,CM cola Taller,Rocío Cornejo,1234567890,yes,5,86,91,SIP/651
2026-08-27 14:37:32,CM cola Taller,,1234567890,no,0,0,0,
2026-08-27 14:34:18,CM cola Taller,Rocío Cornejo,1234567890,yes,84,59,143,SIP/651
2026-08-27 14:32:13,CM cola Taller,Sabrina Mercado,250,yes,96,39,135,SIP/250
2026-08-27 14:30:33,CM cola Taller,Camila Mias,251,yes,25,35,60,SIP/251
2026-08-27 14:27:30,CM cola Taller,Rocío Cornejo,1234567890,yes,4,79,83,SIP/651
2026-08-27 14:20:45,CM cola Taller,Alma Cordoba,1234567890,yes,12,149,161,SIP/655
2026-08-27 14:18:48,CM cola Taller,Rocío Cornejo,1234567890,yes,22,294,316,SIP/651
2026-08-27 14:17:36,MPC cola Taller,,1234567890,no,139,0,0,
2026-08-27 14:15:31,CM cola Taller,Alma Cordoba,1234567890,yes,34,181,215,SIP/655
2026-08-27 14:13:31,CM cola Taller,Rocío Cornejo,1234567890,yes,19,307,326,SIP/651
2026-08-27 14:03:30,CM cola Taller,Alma Cordoba,1234567890,yes,28,234,262,SIP/655
2026-08-27 14:02:18,CM cola Taller,Rocío Cornejo,1234567890,yes,13,164,177,SIP/651
2026-08-27 12:55:45,MPC cola Taller,Rocío Cornejo,1234567890,yes,6,299,305,SIP/651
2026-08-27 12:51:06,CM cola Taller,Lucia Sosa,1234567890,yes,59,719,778,SIP/650
2026-08-27 12:47:39,CM cola Taller,Sabrina Mercado,250,yes,58,19,77,SIP/250
2026-08-27 12:47:03,CM cola Taller,Rocío Cornejo,1234567890,yes,31,143,174,SIP/651
2026-08-27 12:42:46,CM cola Taller,Lucia Sosa,1234567890,yes,16,255,271,SIP/650
2026-08-27 12:41:51,MPC cola Taller,Sofia Montaño,1234567890,yes,3,126,129,SIP/656
2026-08-27 12:40:05,CM cola Taller,Sofia Montaño,1234567890,yes,13,4,17,SIP/656
2026-08-27 12:38:14,CM cola Taller,Rocío Cornejo,1234567890,yes,15,231,246,SIP/651
2026-08-27 12:37:19,CM cola Taller,Sofia Montaño,1234567890,yes,4,55,59,SIP/656
2026-08-27 12:16:34,MPC cola Taller,Rocío Cornejo,1234567890,yes,24,411,435,SIP/651
2026-08-27 12:15:06,CM cola Taller,Sofia Montaño,499,yes,19,8,27,SIP/656
2026-08-27 12:11:47,MPC cola Taller,Sofia Montaño,1234567890,yes,10,8,18,SIP/656
2026-08-27 12:09:12,MPC cola Taller,Rocío Cornejo,1234567890,yes,11,194,205,SIP/651
2026-08-27 12:08:39,CM cola Taller,Sofia Montaño,1234567890,yes,7,62,69,SIP/656
2026-08-27 12:07:40,MPC cola Taller,Rocío Cornejo,1234567890,yes,5,59,64,SIP/651
2026-08-27 12:07:01,CM cola Taller,Lucia Sosa,1234567890,yes,20,400,420,SIP/650
2026-08-27 11:59:44,CM cola Taller,Sofia Montaño,1234567890,yes,21,141,162,SIP/656
2026-08-27 11:58:04,CM cola Taller,,1234567890,no,5,0,0,
2026-08-27 11:56:58,MPC cola Taller,Alma Cordoba,1234567890,yes,52,204,256,SIP/655
2026-08-27 11:53:49,CM cola Taller,Lucia Sosa,1234567890,yes,15,319,334,SIP/650
2026-08-27 11:50:38,SF cola Taller,Sofia Montaño,1234567890,yes,10,184,194,SIP/656
2026-08-27 11:49:44,CM cola Taller,Lucia Sosa,251,yes,12,1,13,SIP/650
2026-08-27 11:48:23,CM cola Taller,,251,no,27,0,0,
2026-08-27 11:47:57,CM cola Taller,Lucia Sosa,499,yes,9,37,46,SIP/650
2026-08-27 11:43:31,SF cola Taller,Sofia Montaño,1234567890,yes,9,97,106,SIP/656
2026-08-27 11:37:44,CM cola Taller,Alma Cordoba,1234567890,yes,13,135,148,SIP/655
2026-08-27 11:35:38,CM cola Taller,,499,no,2,0,0,
2026-08-27 11:33:35,CM cola Taller,Sofia Montaño,1234567890,yes,9,174,183,SIP/656
2026-08-27 11:32:57,CM cola Taller,Alma Cordoba,1234567890,yes,13,116,129,SIP/655
2026-08-27 11:27:32,CM cola Taller,Sabrina Mercado,250,yes,26,32,58,SIP/250
2026-08-27 11:26:54,CM cola Taller,Sofia Montaño,1234567890,yes,7,93,100,SIP/656
2026-08-27 11:26:36,CM cola Taller,Lucia Sosa,1234567890,yes,13,48,61,SIP/650
2026-08-27 11:26:17,CM cola Taller,Alma Cordoba,1234567890,yes,8,173,181,SIP/655
2026-08-27 11:16:21,CM cola Taller,Lucia Sosa,1234567890,yes,20,220,240,SIP/650
2026-08-27 11:13:10,CM cola Taller,Alma Cordoba,1234567890,yes,23,144,167,SIP/655
2026-08-27 11:10:48,CM cola Taller,Sofia Montaño,1234567890,yes,15,344,359,SIP/656
2026-08-27 11:09:09,CM cola Taller,Alma Cordoba,900,yes,12,55,67,SIP/655
2026-08-27 11:08:24,CM cola Taller,,1234567890,no,1,0,0,
2026-08-27 11:02:27,CM cola Taller,Lucia Sosa,1234567890,yes,94,112,206,SIP/650
2026-08-27 10:58:53,CM cola Taller,Alma Cordoba,1234567890,yes,138,137,275,SIP/655
2026-08-27 10:56:39,CM cola Taller,,1234567890,no,101,0,0,
2026-08-27 10:55:26,CM cola Taller,Lucia Sosa,1234567890,yes,127,63,190,SIP/650
2026-08-27 10:54:55,MPC cola Taller,Sofia Montaño,1234567890,yes,9,279,288,SIP/656
2026-08-27 10:50:57,CM cola Taller,Martin Jalil,503,yes,21,11,32,SIP/503
2026-08-27 10:48:50,CM cola Taller,Sofia Montaño,1234567890,yes,13,191,204,SIP/656
2026-08-27 10:39:16,SF cola Taller,Sofia Montaño,1234567890,yes,199,88,287,SIP/656
2026-08-27 10:38:45,CM cola Taller,Rodrigo Funes,250,yes,146,24,170,SIP/571
2026-08-27 10:37:30,MPC cola Taller,Sofia Montaño,1234567890,yes,100,162,262,SIP/656
2026-08-27 10:33:08,MPC cola Taller,Agustina Vargas,255,yes,224,66,290,SIP/255
2026-08-27 10:31:12,CM cola Taller,Sofia Montaño,1234567890,yes,252,188,440,SIP/656
2026-08-27 10:30:31,MPC cola Taller,Sofia Montaño,1234567890,yes,209,52,261,SIP/656
2026-08-27 10:30:03,CM cola Taller,Lucia Sosa,1234567890,yes,143,175,318,SIP/650
2026-08-27 10:28:22,SF cola Taller,Lucia Sosa,1234567890,yes,11,201,212,SIP/650
2026-08-27 10:27:14,CM cola Taller,Sofia Montaño,1234567890,yes,47,323,370,SIP/656
2026-08-27 10:25:07,CM cola Taller,,1234567890,no,117,0,0,
2026-08-27 10:20:23,CM cola Taller,,1234567890,no,116,0,0,
2026-08-27 10:18:20,CM cola Taller,,1234567890,no,58,0,0,
2026-08-27 10:17:56,CM cola Taller,,1234567890,no,35,0,0,
2026-08-27 10:17:29,CM cola Taller,,1234567890,no,195,0,0,
2026-08-27 10:17:06,CM cola Taller,Sofia Montaño,1234567890,yes,263,127,390,SIP/656
2026-08-27 10:16:21,CM cola Taller,Lucia Sosa,1234567890,yes,185,287,472,SIP/650
2026-08-27 10:15:11,MPC cola Taller,Sofia Montaño,1234567890,yes,250,120,370,SIP/656
2026-08-27 10:13:13,CM cola Taller,,1234567890,no,304,0,0,
2026-08-27 10:12:01,CM cola Taller,Lucia Sosa,1234567890,yes,35,199,234,SIP/650
2026-08-27 10:11:58,MPC cola Taller,Sofia Montaño,1234567890,yes,23,413,436,SIP/656
2026-08-27 10:09:20,CM cola Taller,,1234567890,no,112,0,0,
2026-08-27 10:08:52,SF cola Taller,Sofia Montaño,1234567890,yes,5,159,164,SIP/656
2026-08-27 10:07:29,CM cola Taller,Sofia Montaño,1234567890,yes,20,39,59,SIP/656
2026-08-27 10:06:23,CM cola Taller,Sofia Montaño,1234567890,yes,17,61,78,SIP/656
2026-08-27 10:02:07,CM cola Taller,Lucia Sosa,1234567890,yes,221,195,416,SIP/650
2026-08-27 09:58:15,SF cola Taller,,1234567890,no,422,0,0,
2026-08-27 09:55:43,CM cola Taller,Lucia Sosa,1234567890,yes,9,311,320,SIP/650
2026-08-27 09:54:48,CM cola Taller,,1234567890,no,11,0,0,
2026-08-27 09:53:41,CM cola Taller,,1234567890,no,1,0,0,
2026-08-27 09:42:09,SF cola Taller,Lucia Sosa,1234567890,yes,10,170,180,SIP/650
2026-08-27 09:32:31,CM cola Taller,Lucia Sosa,1234567890,yes,40,186,226,SIP/650
2026-08-27 09:22:37,CM cola Taller,Lucia Sosa,1234567890,yes,432,182,614,SIP/650
2026-08-27 09:20:13,CM cola Taller,,1234567890,no,444,0,0,
2026-08-27 09:18:39,CM cola Taller,Matias Villafane,502,yes,363,21,384,SIP/502
2026-08-27 09:17:25,CM cola Taller,Lucia Sosa,1234567890,yes,396,320,716,SIP/650
2026-08-27 09:13:59,CM cola Taller,,1234567890,no,140,0,0,
2026-08-27 09:13:12,CM cola Taller,,1234567890,no,116,0,0,
2026-08-27 09:13:00,CM cola Taller,,251,no,167,0,0,
2026-08-27 09:12:37,CM cola Taller,Lucia Sosa,1234567890,yes,345,211,556,SIP/650
2026-08-27 09:12:14,CM cola Taller,,1234567890,no,145,0,0,
2026-08-27 09:10:54,CM cola Taller,,251,no,117,0,0,
2026-08-27 09:10:22,CM cola Taller,,1234567890,no,464,0,0,
2026-08-27 09:09:25,SF cola Taller,Lucia Sosa,1234567890,yes,47,188,235,SIP/650
2026-08-27 09:05:35,CM cola Taller,,1234567890,no,297,0,0,
2026-08-27 09:03:29,CM cola Taller,,1234567890,no,350,0,0,
2026-08-27 09:01:55,CM cola Taller,,1234567890,no,451,0,0,
2026-08-27 09:00:36,CM cola Taller,Lucia Sosa,1234567890,yes,852,120,972,SIP/650
2026-08-27 09:00:30,SF cola Taller,,1234567890,no,421,0,0,
2026-08-27 09:00:29,SF cola Taller,Lucia Sosa,1234567890,yes,98,140,238,SIP/650
2026-08-27 08:59:34,SF cola Taller,Lucia Sosa,1234567890,yes,14,65,79,SIP/650
2026-08-27 08:57:28,CM cola Taller,Lucia Sosa,1234567890,yes,453,265,718,SIP/650
2026-08-27 08:55:47,CM cola Taller,,1234567890,no,154,0,0,
2026-08-27 08:54:13,SF cola Taller,Lucia Sosa,1234567890,yes,107,222,329,SIP/650
2026-08-27 08:53:20,CM cola Taller,,1234567890,no,338,0,0,
2026-08-27 08:50:56,CM cola Taller,,1234567890,no,436,0,0,
2026-08-27 08:25:16,CM cola Taller,,1234567890,no,1,0,0,
2026-08-27 08:22:27,CM cola Taller,Lucia Sosa,1234567890,yes,10,81,91,SIP/650
2026-08-27 08:14:50,SF cola Taller,Lucia Sosa,1234567890,yes,10,216,226,SIP/650
2026-08-26 17:58:12,CM cola Taller,,1234567890,no,399,0,0,
2026-08-26 17:50:53,CM cola Taller,,1234567890,no,103,0,0,
2026-08-26 17:46:25,CM cola Taller,,1234567890,no,249,0,0,
2026-08-26 17:33:04,CM cola Taller,,1234567890,no,35,0,0,
2026-08-26 17:30:52,CM cola Taller,,1234567890,no,77,0,0,
2026-08-26 17:26:51,CM cola Taller,,1234567890,no,1260,0,0,
2026-08-26 17:22:17,CM cola Taller,,1234567890,no,154,0,0,
2026-08-26 17:19:51,CM cola Taller,,1234567890,no,314,0,0,
2026-08-26 17:19:11,CM cola Taller,,1234567890,no,32,0,0,
2026-08-26 17:18:33,CM cola Taller,,1234567890,no,50,0,0,
2026-08-26 17:17:03,CM cola Taller,,1234567890,no,782,0,0,
2026-08-26 17:14:00,CM cola Taller,,1234567890,no,310,0,0,
2026-08-26 17:10:31,CM cola Taller,,1234567890,no,263,0,0,
2026-08-26 17:09:50,CM cola Taller,,1234567890,no,2,0,0,
2026-08-26 17:07:00,CM cola Taller,,1234567890,no,447,0,0,
2026-08-26 16:57:47,CM cola Taller,,1234567890,no,176,0,0,
2026-08-26 16:57:03,CM cola Taller,,1234567890,no,97,0,0,
2026-08-26 16:56:45,CM cola Taller,,1234567890,no,146,0,0,
2026-08-26 16:53:55,CM cola Taller,,1234567890,no,62,0,0,
2026-08-26 16:53:28,CM cola Taller,Rocío Cornejo,1234567890,yes,167,228,395,SIP/651
2026-08-26 16:53:23,CM cola Taller,,1234567890,no,157,0,0,
2026-08-26 16:45:17,CM cola Taller,,1234567890,no,146,0,0,
2026-08-26 16:40:26,CM cola Taller,,1234567890,no,213,0,0,
2026-08-26 16:39:52,CM cola Taller,,1234567890,no,1,0,0,
2026-08-26 16:39:39,CM cola Taller,,1234567890,no,81,0,0,
2026-08-26 16:39:23,CM cola Taller,,1234567890,no,366,0,0,
2026-08-26 16:38:03,CM cola Taller,Rocío Cornejo,1234567890,yes,9,331,340,SIP/651
2026-08-26 16:27:15,SF cola Taller,Rocío Cornejo,1234567890,yes,49,69,118,SIP/651
2026-08-26 16:21:50,MPC cola Taller,,1234567890,no,90,0,0,
2026-08-26 16:21:23,CM cola Taller,,1234567890,no,238,0,0,
2026-08-26 16:20:43,CM cola Taller,,1234567890,no,536,0,0,
2026-08-26 16:17:01,CM cola Taller,Rocío Cornejo,1234567890,yes,811,201,1012,SIP/651
2026-08-26 16:15:54,MPC cola Taller,,1234567890,no,305,0,0,
2026-08-26 16:08:13,CM cola Taller,,1234567890,no,1180,0,0,
2026-08-26 16:02:42,CM cola Taller,Sabrina Mercado,250,yes,817,25,842,SIP/250
2026-08-26 16:02:19,CM cola Taller,,499,yes,17,247,264,SIP/499
2026-08-26 15:45:06,CM cola Taller,Camila Mias,251,yes,41,19,60,SIP/251
2026-08-26 15:31:09,SF cola Taller,Rocío Cornejo,1234567890,yes,29,170,199,SIP/651
2026-08-26 15:30:43,CM cola Taller,Sofia Montaño,1234567890,yes,10,118,128,SIP/656
2026-08-26 15:29:50,SF cola Taller,Rocío Cornejo,1234567890,yes,16,82,98,SIP/651
2026-08-26 15:10:44,CM cola Taller,,1234567890,no,514,0,0,
2026-08-26 15:10:11,CM cola Taller,Sofia Montaño,1234567890,yes,537,167,704,SIP/656
2026-08-26 15:08:58,CM cola Taller,Rocío Cornejo,1234567890,yes,9,895,904,SIP/651
2026-08-26 15:05:46,CM cola Taller,Rocío Cornejo,1234567890,yes,8,119,127,SIP/651
2026-08-26 14:53:49,MPC cola Taller,Rocío Cornejo,1234567890,yes,31,26,57,SIP/651
2026-08-26 14:44:45,CM cola Taller,Rocío Cornejo,1234567890,yes,5,121,126,SIP/651
2026-08-26 14:43:09,MPC cola Taller,Sofia Montaño,1234567890,yes,2,336,338,SIP/656
2026-08-26 14:42:49,CM cola Taller,Rocío Cornejo,1234567890,yes,8,2,10,SIP/651
2026-08-26 14:33:54,MPC cola Taller,Sofia Montaño,1234567890,yes,58,79,137,SIP/656
2026-08-26 14:33:29,MPC cola Taller,,1234567890,no,73,0,0,
2026-08-26 14:27:09,MPC cola Taller,Rocío Cornejo,1234567890,yes,11,208,219,SIP/651
2026-08-26 14:23:24,CM cola Taller,Rocío Cornejo,1234567890,yes,20,187,207,SIP/651
2026-08-26 14:17:12,SF cola Taller,Sofia Montaño,1234567890,yes,8,1,9,SIP/656
2026-08-26 14:10:34,CM cola Taller,Sofia Montaño,1234567890,yes,121,208,329,SIP/656
2026-08-26 14:01:29,CM cola Taller,Rocío Cornejo,1234567890,yes,12,180,192,SIP/651
2026-08-26 12:57:51,CM cola Taller,Rocío Cornejo,1234567890,yes,40,356,396,SIP/651
2026-08-26 12:56:45,CM cola Taller,Sofia Montaño,1234567890,yes,93,230,323,SIP/656
2026-08-26 12:55:40,CM cola Taller,,1234567890,no,0,0,0,
2026-08-26 12:49:15,CM cola Taller,,499,yes,7,225,232,SIP/499
2026-08-26 12:44:53,CM cola Taller,Sofia Montaño,1234567890,yes,18,220,238,SIP/656
2026-08-26 12:28:56,MPC cola Taller,Sofia Montaño,1234567890,yes,80,95,175,SIP/656
2026-08-26 12:28:48,CM cola Taller,Alma Cordoba,1234567890,yes,5,298,303,SIP/655
2026-08-26 12:28:34,CM cola Taller,Sofia Montaño,1234567890,yes,16,70,86,SIP/656
2026-08-26 12:27:25,CM cola Taller,Sabrina Mercado,250,yes,5,29,34,SIP/250
2026-08-26 12:26:18,CM cola Taller,Alma Cordoba,1234567890,yes,17,71,88,SIP/655
2026-08-26 12:24:38,CM cola Taller,,1234567890,no,3,0,0,
2026-08-26 12:24:16,CM cola Taller,Sofia Montaño,1234567890,yes,10,117,127,SIP/656
2026-08-26 12:21:22,CM cola Taller,Sofia Montaño,1234567890,yes,11,66,77,SIP/656
2026-08-26 12:19:52,CM cola Taller,Alma Cordoba,1234567890,yes,17,224,241,SIP/655
2026-08-26 12:11:57,CM cola Taller,Camila Mias,251,yes,16,23,39,SIP/251
2026-08-26 12:02:16,CM cola Taller,Alma Cordoba,1234567890,yes,92,221,313,SIP/655
2026-08-26 11:59:56,SF cola Taller,Rocío Cornejo,1234567890,yes,113,130,243,SIP/651
2026-08-26 11:58:02,CM cola Taller,Alma Cordoba,1234567890,yes,217,88,305,SIP/655
2026-08-26 11:56:51,CM cola Taller,Sofia Montaño,1234567890,yes,17,196,213,SIP/656
2026-08-26 11:56:35,CM cola Taller,,1234567890,no,2,0,0,
2026-08-26 11:51:57,MPC cola Taller,Rocío Cornejo,1234567890,yes,25,149,174,SIP/651
2026-08-26 11:49:47,CM cola Taller,Sofia Montaño,1234567890,yes,21,92,113,SIP/656
2026-08-26 11:44:29,CM cola Taller,Rocío Cornejo,1234567890,yes,97,76,173,SIP/651
2026-08-26 11:43:45,CM cola Taller,,1234567890,no,0,0,0,
2026-08-26 11:43:26,CM cola Taller,Camila Mias,251,yes,11,13,24,SIP/251
2026-08-26 11:39:35,CM cola Taller,Sabrina Mercado,250,yes,6,20,26,SIP/250
2026-08-26 11:36:46,CM cola Taller,Rocío Cornejo,1234567890,yes,26,142,168,SIP/651
2026-08-26 11:32:28,MPC cola Taller,Rocío Cornejo,1234567890,yes,27,102,129,SIP/651
2026-08-26 11:31:49,CM cola Taller,Sofia Montaño,1234567890,yes,170,243,413,SIP/656
2026-08-26 11:29:56,CM cola Taller,Sofia Montaño,1234567890,yes,5,70,75,SIP/656
2026-08-26 11:27:40,CM cola Taller,,1234567890,no,71,0,0,
2026-08-26 11:25:47,CM cola Taller,Rocío Cornejo,1234567890,yes,8,283,291,SIP/651
2026-08-26 11:25:10,MPC cola Taller,Sofia Montaño,1234567890,yes,5,237,242,SIP/656
2026-08-26 11:24:11,MPC cola Taller,Rocío Cornejo,1234567890,yes,14,14,28,SIP/651
2026-08-26 11:17:16,CM cola Taller,Rocío Cornejo,1234567890,yes,319,76,395,SIP/651
2026-08-26 11:15:24,CM cola Taller,Rocío Cornejo,1234567890,yes,290,133,423,SIP/651
2026-08-26 11:13:56,CM cola Taller,Rocío Cornejo,1234567890,yes,202,163,365,SIP/651
2026-08-26 11:12:23,CM cola Taller,Camila Mias,251,yes,163,32,195,SIP/251
2026-08-26 11:12:23,CM cola Taller,Sofia Montaño,1234567890,yes,287,404,691,SIP/656
2026-08-26 11:11:07,CM cola Taller,Sofia Montaño,1234567890,yes,64,163,227,SIP/656
2026-08-26 11:08:34,CM cola Taller,Rocío Cornejo,1234567890,yes,207,224,431,SIP/651
2026-08-26 11:04:24,CM cola Taller,Camila Mias,251,yes,8,33,41,SIP/251
2026-08-26 11:01:42,CM cola Taller,Sofia Montaño,1234567890,yes,40,117,157,SIP/656
2026-08-26 11:00:38,MPC cola Taller,Sofia Montaño,1234567890,yes,19,55,74,SIP/656
2026-08-26 10:58:42,MPC cola Taller,Rocío Cornejo,1234567890,yes,81,133,214,SIP/651
2026-08-26 10:56:47,CM cola Taller,Rocío Cornejo,1234567890,yes,7,125,132,SIP/651
2026-08-26 10:45:44,CM cola Taller,Rocío Cornejo,1234567890,yes,38,438,476,SIP/651
2026-08-26 10:43:09,CM cola Taller,Camila Mias,251,yes,51,33,84,SIP/251
2026-08-26 10:42:20,CM cola Taller,Sofia Montaño,1234567890,yes,74,246,320,SIP/656
2026-08-26 10:38:01,CM cola Taller,Rocío Cornejo,1234567890,yes,79,264,343,SIP/651
2026-08-26 10:36:38,CM cola Taller,Camila Mias,251,yes,15,50,65,SIP/251
2026-08-26 10:34:45,CM cola Taller,Rocío Cornejo,1234567890,yes,52,85,137,SIP/651
2026-08-26 10:33:43,CM cola Taller,Sofia Montaño,1234567890,yes,7,159,166,SIP/656
2026-08-26 10:33:03,CM cola Taller,Rocío Cornejo,1234567890,yes,9,82,91,SIP/651
2026-08-26 10:28:15,CM cola Taller,Sofia Montaño,1234567890,yes,12,161,173,SIP/656
2026-08-26 10:17:09,CM cola Taller,Rocío Cornejo,1234567890,yes,31,217,248,SIP/651
2026-08-26 10:14:26,CM cola Taller,Sofia Montaño,1234567890,yes,14,224,238,SIP/656
2026-08-26 09:56:26,CM cola Taller,Rocío Cornejo,1234567890,yes,32,197,229,SIP/651
2026-08-26 09:50:22,CM cola Taller,Rocío Cornejo,1234567890,yes,98,33,131,SIP/651
2026-08-26 09:41:35,CM cola Taller,,1234567890,no,83,0,0,
2026-08-26 09:39:54,CM cola Taller,Rocío Cornejo,1234567890,yes,62,134,196,SIP/651
2026-08-26 09:37:21,MPC cola Taller,Rocío Cornejo,1234567890,yes,44,160,204,SIP/651
2026-08-26 09:35:33,MPC cola Taller,Rocío Cornejo,1234567890,yes,14,55,69,SIP/651
2026-08-26 09:27:13,CM cola Taller,Sabrina Mercado,250,yes,12,30,42,SIP/250
2026-08-26 09:21:13,MPC cola Taller,Rocío Cornejo,1234567890,yes,17,52,69,SIP/651
2026-08-26 09:04:16,MPC cola Taller,Rocío Cornejo,1234567890,yes,414,328,742,SIP/651
2026-08-26 09:02:01,CM cola Taller,,1234567890,no,1004,0,0,
2026-08-26 09:01:00,CM cola Taller,,1234567890,no,1,0,0,
2026-08-26 09:00:34,CM cola Taller,Camila Mias,251,yes,22,21,43,SIP/251
2026-08-26 08:45:11,CM cola Taller,Rocío Cornejo,1234567890,yes,84,197,281,SIP/651
2026-08-26 08:36:52,CM cola Taller,Rocío Cornejo,1234567890,yes,378,46,424,SIP/651
2026-08-26 08:36:03,CM cola Taller,Rocío Cornejo,1234567890,yes,260,145,405,SIP/651
2026-08-26 08:35:43,CM cola Taller,Rocío Cornejo,1234567890,yes,31,220,251,SIP/651
2026-08-26 08:26:41,CM cola Taller,Rocío Cornejo,1234567890,yes,14,81,95,SIP/651
2026-08-26 08:01:54,CM cola Taller,Rocío Cornejo,1234567890,yes,97,48,145,SIP/651
2026-08-25 17:57:07,CM cola Taller,,1234567890,no,174,0,0,
2026-08-25 17:55:53,CM cola Taller,,1234567890,no,351,0,0,
2026-08-25 17:52:34,CM cola Taller,,1234567890,no,2,0,0,
2026-08-25 17:51:17,CM cola Taller,,1234567890,no,220,0,0,
2026-08-25 17:41:43,CM cola Taller,,1234567890,no,600,0,0,
2026-08-25 17:40:39,CM cola Taller,,1234567890,no,717,0,0,
2026-08-25 17:36:48,CM cola Taller,,1234567890,no,116,0,0,
2026-08-25 17:34:36,CM cola Taller,,1234567890,no,51,0,0,
2026-08-25 17:28:48,CM cola Taller,,1234567890,no,4,0,0,
2026-08-25 17:26:43,CM cola Taller,,1234567890,no,668,0,0,
2026-08-25 17:25:02,CM cola Taller,,1234567890,no,549,0,0,
2026-08-25 17:21:41,CM cola Taller,,1234567890,no,167,0,0,
2026-08-25 17:13:30,CM cola Taller,,1234567890,no,362,0,0,
2026-08-25 17:13:25,CM cola Taller,,1234567890,no,214,0,0,
2026-08-25 17:11:35,CM cola Taller,,1234567890,no,32,0,0,
2026-08-25 17:04:36,CM cola Taller,,1234567890,no,418,0,0,
2026-08-25 17:01:25,CM cola Taller,,1234567890,no,313,0,0,
2026-08-25 16:56:11,CM cola Taller,,1234567890,no,412,0,0,
2026-08-25 16:54:19,CM cola Taller,,1234567890,no,245,0,0,
2026-08-25 16:53:22,CM cola Taller,,1234567890,no,446,0,0,
2026-08-25 16:53:15,CM cola Taller,,1234567890,no,558,0,0,
2026-08-25 16:53:02,CM cola Taller,Sabrina Mercado,250,yes,1613,23,1636,SIP/250
2026-08-25 16:51:47,MPC cola Taller,Agustina Vargas,255,yes,198,20,218,SIP/255
2026-08-25 16:51:21,CM cola Taller,,1234567890,no,1376,0,0,
2026-08-25 16:50:28,CM cola Taller,,1234567890,no,115,0,0,
2026-08-25 16:43:19,CM cola Taller,,1234567890,no,582,0,0,
2026-08-25 16:42:53,CM cola Taller,,1234567890,no,401,0,0,
2026-08-25 16:40:44,CM cola Taller,,1234567890,no,617,0,0,
2026-08-25 16:32:31,MPC cola Taller,Alma Cordoba,1234567890,yes,166,331,497,SIP/655
2026-08-25 16:31:26,CM cola Taller,Sabrina Mercado,250,yes,509,19,528,SIP/250
2026-08-25 16:31:14,MPC cola Taller,Alma Cordoba,1234567890,yes,119,93,212,SIP/655
2026-08-25 16:28:43,CM cola Taller,,1234567890,no,264,0,0,
2026-08-25 16:27:37,CM cola Taller,Alma Cordoba,1234567890,yes,130,152,282,SIP/655
2026-08-25 16:26:04,CM cola Taller,Camila Mias,251,yes,60,22,82,SIP/251
2026-08-25 16:09:07,CM cola Taller,,1234567890,no,317,0,0,
2026-08-25 16:06:12,CM cola Taller,Alma Cordoba,1234567890,yes,209,290,499,SIP/655
2026-08-25 16:00:11,CM cola Taller,Alma Cordoba,1234567890,yes,228,229,457,SIP/655
2026-08-25 15:56:29,MPC cola Taller,Alma Cordoba,1234567890,yes,60,294,354,SIP/655
2026-08-25 15:51:09,CM cola Taller,Alma Cordoba,1234567890,yes,153,119,272,SIP/655
2026-08-25 15:50:23,CM cola Taller,Alma Cordoba,1234567890,yes,13,159,172,SIP/655
2026-08-25 15:39:43,CM cola Taller,Alma Cordoba,1234567890,yes,40,40,80,SIP/655
2026-08-25 15:39:07,CM cola Taller,Sofia Montaño,1234567890,yes,21,61,82,SIP/656
2026-08-25 15:36:38,CM cola Taller,,1234567890,no,0,0,0,
2026-08-25 15:33:43,CM cola Taller,Alma Cordoba,1234567890,yes,6,126,132,SIP/655
2026-08-25 15:21:49,MPC cola Taller,Alma Cordoba,1234567890,yes,12,198,210,SIP/655
2026-08-25 15:21:26,CM cola Taller,Sofia Montaño,1234567890,yes,10,138,148,SIP/656
2026-08-25 15:07:30,CM cola Taller,Alma Cordoba,1234567890,yes,32,209,241,SIP/655
2026-08-25 14:57:54,CM cola Taller,Sofia Montaño,1234567890,yes,50,322,372,SIP/656
2026-08-25 14:57:43,CM cola Taller,Alma Cordoba,1234567890,yes,40,111,151,SIP/655
2026-08-25 14:54:27,MPC cola Taller,Sofia Montaño,1234567890,yes,107,141,248,SIP/656
2026-08-25 14:53:58,CM cola Taller,Alma Cordoba,1234567890,yes,19,233,252,SIP/655
2026-08-25 14:52:44,CM cola Taller,Sofia Montaño,1234567890,yes,12,69,81,SIP/656
2026-08-25 14:51:45,CM cola Taller,Alma Cordoba,1234567890,yes,15,56,71,SIP/655
2026-08-25 14:40:19,CM cola Taller,Alma Cordoba,1234567890,yes,58,115,173,SIP/655
2026-08-25 14:36:10,CM cola Taller,Alma Cordoba,1234567890,yes,37,127,164,SIP/655
2026-08-25 14:30:53,CM cola Taller,Sofia Montaño,1234567890,yes,45,299,344,SIP/656
2026-08-25 14:24:06,MPC cola Taller,Alma Cordoba,1234567890,yes,306,167,473,SIP/655
2026-08-25 14:22:31,CM cola Taller,Sofia Montaño,1234567890,yes,229,294,523,SIP/656
2026-08-25 14:22:15,CM cola Taller,Alma Cordoba,1234567890,yes,11,388,399,SIP/655
2026-08-25 14:20:58,CM cola Taller,Sofia Montaño,1234567890,yes,24,223,247,SIP/656
2026-08-25 14:20:04,CM cola Taller,,1234567890,no,51,0,0,
2026-08-25 14:12:15,CM cola Taller,Alma Cordoba,1234567890,yes,35,280,315,SIP/655
2026-08-25 14:10:50,MPC cola Taller,Sofia Montaño,1234567890,yes,160,100,260,SIP/656
2026-08-25 14:10:34,SF cola Taller,,1234567890,no,110,0,0,
2026-08-25 14:09:04,CM cola Taller,Alma Cordoba,1234567890,yes,16,184,200,SIP/655
2026-08-25 14:07:50,CM cola Taller,Sofia Montaño,1234567890,yes,42,293,335,SIP/656
2026-08-25 14:04:54,CM cola Taller,Alma Cordoba,1234567890,yes,31,193,224,SIP/655
2026-08-25 12:53:08,CM cola Taller,Rocío Cornejo,1234567890,yes,7,97,104,SIP/651
2026-08-25 12:44:28,CM cola Taller,Lucia Sosa,1234567890,yes,14,228,242,SIP/650
2026-08-25 12:35:38,MPC cola Taller,Sofia Montaño,1234567890,yes,100,694,794,SIP/656
2026-08-25 12:34:57,CM cola Taller,Alma Cordoba,1234567890,yes,49,114,163,SIP/655
2026-08-25 12:34:21,CM cola Taller,Sabrina Mercado,250,yes,11,42,53,SIP/250
2026-08-25 12:32:18,CM cola Taller,Sofia Montaño,1234567890,yes,8,264,272,SIP/656
2026-08-25 12:30:10,CM cola Taller,Alma Cordoba,1234567890,yes,19,93,112,SIP/655
2026-08-25 12:18:44,CM cola Taller,Rocío Cornejo,1234567890,yes,140,106,246,SIP/651
2026-08-25 12:17:28,CM cola Taller,Sabrina Mercado,250,yes,169,51,220,SIP/250
2026-08-25 12:15:09,CM cola Taller,Sofia Montaño,1234567890,yes,21,31,52,SIP/656
2026-08-25 12:14:14,CM cola Taller,Alma Cordoba,1234567890,yes,29,137,166,SIP/655
2026-08-25 12:12:31,CM cola Taller,Sabrina Mercado,250,yes,48,26,74,SIP/250
2026-08-25 12:11:52,CM cola Taller,Sofia Montaño,1234567890,yes,23,158,181,SIP/656
2026-08-25 12:06:42,CM cola Taller,Rocío Cornejo,1234567890,yes,6,96,102,SIP/651
2026-08-25 12:02:52,CM cola Taller,Lucia Sosa,1234567890,yes,99,211,310,SIP/650
2026-08-25 11:58:31,MPC cola Taller,Lucia Sosa,1234567890,yes,35,272,307,SIP/650
2026-08-25 11:57:11,CM cola Taller,,1234567890,no,93,0,0,
2026-08-25 11:55:13,CM cola Taller,,1234567890,no,78,0,0,
2026-08-25 11:53:49,CM cola Taller,Camila Mias,251,yes,11,53,64,SIP/251
2026-08-25 11:50:52,CM cola Taller,Lucia Sosa,1234567890,yes,160,230,390,SIP/650
2026-08-25 11:50:21,CM cola Taller,Sofia Montaño,1234567890,yes,13,186,199,SIP/656
2026-08-25 11:45:44,MPC cola Taller,Alma Cordoba,1234567890,yes,40,674,714,SIP/655
2026-08-25 11:42:37,CM cola Taller,Lucia Sosa,1234567890,yes,20,248,268,SIP/650
2026-08-25 11:42:06,CM cola Taller,,1234567890,no,0,0,0,
2026-08-25 11:40:28,CM cola Taller,Alma Cordoba,1234567890,yes,21,299,320,SIP/655
2026-08-25 11:39:55,CM cola Taller,Sofia Montaño,1234567890,yes,14,338,352,SIP/656
2026-08-25 11:38:38,CM cola Taller,,1234567890,no,1,0,0,
2026-08-25 11:27:30,CM cola Taller,Lucia Sosa,1234567890,yes,25,627,652,SIP/650
2026-08-25 11:27:26,CM cola Taller,Sofia Montaño,1234567890,yes,35,82,117,SIP/656
2026-08-25 11:26:19,MPC cola Taller,Alma Cordoba,1234567890,yes,38,218,256,SIP/655
2026-08-25 11:23:51,CM cola Taller,Alma Cordoba,670,yes,30,29,59,SIP/655
2026-08-25 11:23:48,MPC cola Taller,Sofia Montaño,1234567890,yes,11,195,206,SIP/656
2026-08-25 11:18:03,MPC cola Taller,,1234567890,no,3,0,0,
2026-08-25 11:16:29,CM cola Taller,Camila Mias,251,yes,53,44,97,SIP/251
2026-08-25 11:12:36,CM cola Taller,Sofia Montaño,1234567890,yes,79,406,485,SIP/656
2026-08-25 11:11:36,MPC cola Taller,Alma Cordoba,1234567890,yes,20,119,139,SIP/655
2026-08-25 11:11:33,CM cola Taller,Lucia Sosa,1234567890,yes,45,335,380,SIP/650
2026-08-25 11:09:04,CM cola Taller,Sofia Montaño,1234567890,yes,27,64,91,SIP/656
2026-08-25 11:08:30,MPC cola Taller,Alma Cordoba,1234567890,yes,8,175,183,SIP/655
2026-08-25 11:07:33,SF cola Taller,Sofia Montaño,1234567890,yes,12,59,71,SIP/656
2026-08-25 11:03:46,CM cola Taller,Lucia Sosa,1234567890,yes,14,96,110,SIP/650
2026-08-25 10:55:34,MPC cola Taller,Sofia Montaño,1234567890,yes,3,86,89,SIP/656
2026-08-25 10:54:02,CM cola Taller,Lucia Sosa,251,yes,23,2,25,SIP/650
2026-08-25 10:53:50,CM cola Taller,Sofia Montaño,1234567890,yes,11,87,98,SIP/656
2026-08-25 10:53:47,CM cola Taller,Sabrina Mercado,250,yes,6,24,30,SIP/250
2026-08-25 10:51:58,CM cola Taller,,1234567890,no,1,0,0,
2026-08-25 10:51:57,CM cola Taller,Matias Villafane,502,yes,16,12,28,SIP/502
2026-08-25 10:51:11,SF cola Taller,Lucia Sosa,1234567890,yes,17,146,163,SIP/650
2026-08-25 10:49:57,CM cola Taller,,1234567890,no,11,0,0,
2026-08-25 10:40:15,MPC cola Taller,Sofia Montaño,1234567890,yes,194,200,394,SIP/656
2026-08-25 10:38:33,CM cola Taller,Camila Mias,251,yes,116,18,134,SIP/251
2026-08-25 10:35:12,CM cola Taller,Lucia Sosa,1234567890,yes,7,414,421,SIP/650
2026-08-25 10:35:02,CM cola Taller,Sofia Montaño,1234567890,yes,11,88,99,SIP/656
2026-08-25 10:32:13,CM cola Taller,Lucia Sosa,1234567890,yes,14,46,60,SIP/650
2026-08-25 10:26:39,MPC cola Taller,Sofia Montaño,1234567890,yes,82,77,159,SIP/656
2026-08-25 10:26:20,CM cola Taller,Sofia Montaño,1234567890,yes,208,152,360,SIP/656
2026-08-25 10:25:43,CM cola Taller,,1234567890,no,237,0,0,
2026-08-25 10:24:37,CM cola Taller,Lucia Sosa,1234567890,yes,38,294,332,SIP/650
2026-08-25 10:23:47,CM cola Taller,,1234567890,no,1,0,0,
2026-08-25 10:22:54,MPC cola Taller,Sofia Montaño,1234567890,yes,4,295,299,SIP/656
2026-08-25 10:20:10,CM cola Taller,Lucia Sosa,1234567890,yes,101,126,227,SIP/650
2026-08-25 10:18:19,CM cola Taller,Lucia Sosa,1234567890,yes,10,144,154,SIP/650
2026-08-25 10:15:51,CM cola Taller,Sofia Montaño,1234567890,yes,18,139,157,SIP/656
2026-08-25 10:05:17,CM cola Taller,Lucia Sosa,1234567890,yes,120,314,434,SIP/650
2026-08-25 10:02:57,MPC cola Taller,Lucia Sosa,1234567890,yes,33,202,235,SIP/650
2026-08-25 09:57:57,CM cola Taller,Lucia Sosa,1234567890,yes,9,57,66,SIP/650
2026-08-25 09:54:39,CM cola Taller,Lucia Sosa,1234567890,yes,45,123,168,SIP/650
2026-08-25 09:53:15,CM cola Taller,Sofia Montaño,1234567890,yes,12,62,74,SIP/656
2026-08-25 09:51:06,MPC cola Taller,Lucia Sosa,1234567890,yes,13,188,201,SIP/650
2026-08-25 09:44:10,CM cola Taller,Sofia Montaño,1234567890,yes,9,101,110,SIP/656
2026-08-25 09:39:44,CM cola Taller,Sofia Montaño,1234567890,yes,6,120,126,SIP/656
2026-08-25 09:30:32,CM cola Taller,Sabrina Mercado,250,yes,5,17,22,SIP/250
2026-08-25 09:28:44,SF cola Taller,Lucia Sosa,1234567890,yes,9,100,109,SIP/650
2026-08-25 09:21:32,CM cola Taller,Sofia Montaño,1234567890,yes,21,45,66,SIP/656
2026-08-25 09:20:54,CM cola Taller,Lucia Sosa,901,yes,14,31,45,SIP/650
2026-08-25 09:12:02,MPC cola Taller,Lucia Sosa,1234567890,yes,18,404,422,SIP/650
2026-08-25 09:08:21,CM cola Taller,Lucia Sosa,1234567890,yes,7,203,210,SIP/650
2026-08-25 09:04:50,CM cola Taller,Sofia Montaño,1234567890,yes,9,343,352,SIP/656
2026-08-25 08:57:12,MPC cola Taller,Sofia Montaño,1234567890,yes,4,209,213,SIP/656
2026-08-25 08:50:23,CM cola Taller,Lucia Sosa,1234567890,yes,15,121,136,SIP/650
2026-08-25 08:34:47,CM cola Taller,Lucia Sosa,1234567890,yes,10,388,398,SIP/650
2026-08-25 08:23:54,CM cola Taller,Lucia Sosa,1234567890,yes,13,127,140,SIP/650
2026-08-25 08:15:16,CM cola Taller,Lucia Sosa,1234567890,yes,15,201,216,SIP/650
2026-08-25 08:06:43,CM cola Taller,Lucia Sosa,1234567890,yes,11,49,60,SIP/650
2026-08-24 17:51:30,CM cola Taller,,1234567890,no,530,0,0,
2026-08-24 17:46:19,CM cola Taller,,1234567890,no,608,0,0,
2026-08-24 17:41:17,CM cola Taller,,1234567890,no,365,0,0,
2026-08-24 17:21:34,CM cola Taller,,1234567890,no,558,0,0,
2026-08-24 17:09:26,CM cola Taller,,1234567890,no,21,0,0,
2026-08-24 17:04:55,CM cola Taller,,1234567890,no,2106,0,0,
2026-08-24 17:01:45,CM cola Taller,,1234567890,no,195,0,0,
2026-08-24 17:00:50,CM cola Taller,,1234567890,no,274,0,0,
2026-08-24 16:41:26,CM cola Taller,,1234567890,no,304,0,0,
2026-08-24 16:37:04,MPC cola Taller,Alma Cordoba,1234567890,yes,68,568,636,SIP/655
2026-08-24 16:35:53,CM cola Taller,,1234567890,no,584,0,0,
2026-08-24 16:35:42,CM cola Taller,Camila Mias,251,yes,495,15,510,SIP/251
2026-08-24 16:33:27,CM cola Taller,,1234567890,no,137,0,0,
2026-08-24 16:30:29,CM cola Taller,,1234567890,no,108,0,0,
2026-08-24 16:29:18,CM cola Taller,,1234567890,no,185,0,0,
2026-08-24 16:29:15,MPC cola Taller,,1234567890,no,402,0,0,
2026-08-24 16:27:11,CM cola Taller,Alma Cordoba,1234567890,yes,83,265,348,SIP/655
2026-08-24 16:25:25,CM cola Taller,Sabrina Mercado,250,yes,962,72,1034,SIP/250
2026-08-24 16:15:59,CM cola Taller,Alma Cordoba,1234567890,yes,193,206,399,SIP/655
2026-08-24 16:15:18,SF cola Taller,,1234567890,no,424,0,0,
2026-08-24 16:11:27,MPC cola Taller,,1234567890,no,56,0,0,
2026-08-24 16:10:32,CM cola Taller,Alma Cordoba,1234567890,yes,177,193,370,SIP/655
2026-08-24 16:08:50,MPC cola Taller,,1234567890,no,315,0,0,
2026-08-24 16:03:15,CM cola Taller,Alma Cordoba,1234567890,yes,395,131,526,SIP/655
2026-08-24 16:02:36,MPC cola Taller,,1234567890,no,44,0,0,
2026-08-24 15:59:36,MPC cola Taller,,1234567890,no,420,0,0,
2026-08-24 15:59:17,CM cola Taller,Alma Cordoba,1234567890,yes,460,140,600,SIP/655
2026-08-24 15:58:58,CM cola Taller,Alma Cordoba,1234567890,yes,24,311,335,SIP/655
2026-08-24 15:56:48,CM cola Taller,,1234567890,no,370,0,0,
2026-08-24 15:51:53,MPC cola Taller,Alma Cordoba,1234567890,yes,102,300,402,SIP/655
2026-08-24 15:46:36,CM cola Taller,Rocío Cornejo,1234567890,yes,134,45,179,SIP/651
2026-08-24 15:44:28,CM cola Taller,Alma Cordoba,1234567890,yes,55,197,252,SIP/655
2026-08-24 15:32:29,SF cola Taller,Alma Cordoba,1234567890,yes,198,46,244,SIP/655
2026-08-24 15:27:47,SF cola Taller,Alma Cordoba,1234567890,yes,10,197,207,SIP/655
2026-08-24 15:26:43,CM cola Taller,Rocío Cornejo,1234567890,yes,124,224,348,SIP/651
2026-08-24 15:19:36,CM cola Taller,Alma Cordoba,1234567890,yes,158,228,386,SIP/655
2026-08-24 15:10:20,CM cola Taller,Alma Cordoba,1234567890,yes,207,139,346,SIP/655
2026-08-24 15:04:58,CM cola Taller,Rocío Cornejo,1234567890,yes,220,549,769,SIP/651
2026-08-24 15:01:03,MPC cola Taller,Alma Cordoba,1234567890,yes,30,393,423,SIP/655
2026-08-24 15:00:55,CM cola Taller,Alma Cordoba,1234567890,yes,457,131,588,SIP/655
2026-08-24 14:59:45,CM cola Taller,Camila Mias,251,yes,261,51,312,SIP/251
2026-08-24 14:57:29,CM cola Taller,Rocío Cornejo,1234567890,yes,559,95,654,SIP/651
2026-08-24 14:56:37,CM cola Taller,Alma Cordoba,1234567890,yes,31,193,224,SIP/655
2026-08-24 14:46:09,CM cola Taller,Rocío Cornejo,1234567890,yes,7,269,276,SIP/651
2026-08-24 14:42:08,CM cola Taller,Rocío Cornejo,1234567890,yes,112,77,189,SIP/651
2026-08-24 14:41:11,CM cola Taller,Alma Cordoba,1234567890,yes,141,111,252,SIP/655
2026-08-24 14:40:23,CM cola Taller,Rocío Cornejo,1234567890,yes,7,160,167,SIP/651
2026-08-24 14:37:22,CM cola Taller,Alma Cordoba,1234567890,yes,221,93,314,SIP/655
2026-08-24 14:36:08,MPC cola Taller,Rocío Cornejo,1234567890,yes,6,195,201,SIP/651
2026-08-24 14:31:01,CM cola Taller,Alma Cordoba,1234567890,yes,173,331,504,SIP/655
2026-08-24 14:30:29,CM cola Taller,,1234567890,no,138,0,0,
2026-08-24 14:29:22,CM cola Taller,Alma Cordoba,1234567890,yes,154,88,242,SIP/655
2026-08-24 14:26:25,CM cola Taller,Alma Cordoba,1234567890,yes,81,141,222,SIP/655
2026-08-24 14:26:13,CM cola Taller,Rocío Cornejo,1234567890,yes,253,189,442,SIP/651
2026-08-24 14:23:18,CM cola Taller,,1234567890,no,55,0,0,
2026-08-24 14:22:52,CM cola Taller,Camila Mias,251,yes,19,17,36,SIP/251
2026-08-24 14:17:36,CM cola Taller,Alma Cordoba,1234567890,yes,85,144,229,SIP/655
2026-08-24 14:15:52,CM cola Taller,Rocío Cornejo,1234567890,yes,19,163,182,SIP/651
2026-08-24 14:14:14,MPC cola Taller,Rocío Cornejo,1234567890,yes,7,69,76,SIP/651
2026-08-24 14:12:01,CM cola Taller,Camila Mias,251,yes,160,46,206,SIP/251
2026-08-24 14:11:39,CM cola Taller,,1234567890,no,212,0,0,
2026-08-24 14:10:51,CM cola Taller,Alma Cordoba,1234567890,yes,266,126,392,SIP/655
2026-08-24 14:09:01,CM cola Taller,Alma Cordoba,1234567890,yes,54,269,323,SIP/655
2026-08-24 14:05:14,CM cola Taller,Camila Mias,251,yes,5,38,43,SIP/251
2026-08-24 14:03:03,SF cola Taller,Rocío Cornejo,1234567890,yes,3,73,76,SIP/651
2026-08-24 14:01:31,MPC cola Taller,Alma Cordoba,1234567890,yes,45,131,176,SIP/655
2026-08-24 12:51:18,CM cola Taller,Alma Cordoba,1234567890,yes,18,225,243,SIP/655
2026-08-24 12:50:50,CM cola Taller,Rocío Cornejo,1234567890,yes,9,370,379,SIP/651
2026-08-24 12:49:25,CM cola Taller,Sofia Montaño,1234567890,yes,7,182,189,SIP/656
2026-08-24 12:43:55,CM cola Taller,,1234567890,no,155,0,0,
2026-08-24 12:39:12,MPC cola Taller,Tania Bazan,1234567890,yes,189,134,323,SIP/659
2026-08-24 12:37:33,CM cola Taller,,1234567890,no,348,0,0,
2026-08-24 12:36:53,CM cola Taller,,1234567890,no,58,0,0,
2026-08-24 12:35:30,CM cola Taller,Alma Cordoba,1234567890,yes,77,283,360,SIP/655
2026-08-24 12:34:16,CM cola Taller,Tania Bazan,1234567890,yes,273,207,480,SIP/659
2026-08-24 12:32:59,CM cola Taller,Alma Cordoba,1234567890,yes,622,125,747,SIP/655
2026-08-24 12:31:01,CM cola Taller,Tania Bazan,1234567890,yes,107,117,224,SIP/659
2026-08-24 12:23:51,CM cola Taller,Sofia Montaño,1234567890,yes,15,128,143,SIP/656
2026-08-24 12:23:44,CM cola Taller,Alma Cordoba,1234567890,yes,17,161,178,SIP/655
2026-08-24 12:18:19,CM cola Taller,Rocío Cornejo,1234567890,yes,53,238,291,SIP/651
2026-08-24 12:09:19,CM cola Taller,Tania Bazan,1234567890,yes,35,129,164,SIP/659
2026-08-24 12:08:41,CM cola Taller,Sabrina Mercado,250,yes,25,13,38,SIP/250
2026-08-24 12:05:05,CM cola Taller,Alma Cordoba,1234567890,yes,29,136,165,SIP/655
2026-08-24 12:02:13,CM cola Taller,Tania Bazan,1234567890,yes,5,404,409,SIP/659
2026-08-24 12:01:11,CM cola Taller,Rocío Cornejo,1234567890,yes,4,166,170,SIP/651
2026-08-24 12:00:15,CM cola Taller,,1234567890,no,51,0,0,
2026-08-24 11:56:53,CM cola Taller,Sofia Montaño,1234567890,yes,230,345,575,SIP/656
2026-08-24 11:56:37,CM cola Taller,,1234567890,no,161,0,0,
2026-08-24 11:54:43,MPC cola Taller,Alma Cordoba,1234567890,yes,99,83,182,SIP/655
2026-08-24 11:53:33,CM cola Taller,Sofia Montaño,1234567890,yes,375,45,420,SIP/656
2026-08-24 11:52:41,CM cola Taller,Alma Cordoba,1234567890,yes,335,193,528,SIP/655
2026-08-24 11:50:55,CM cola Taller,Sofia Montaño,1234567890,yes,296,182,478,SIP/656
2026-08-24 11:50:49,CM cola Taller,Sofia Montaño,1234567890,yes,20,144,164,SIP/656
2026-08-24 11:48:45,CM cola Taller,Alma Cordoba,1234567890,yes,12,59,71,SIP/655
2026-08-24 11:40:03,MPC cola Taller,Tania Bazan,1234567890,yes,2,137,139,SIP/659
2026-08-24 11:33:17,CM cola Taller,Alma Cordoba,1234567890,yes,153,123,276,SIP/655
2026-08-24 11:28:43,CM cola Taller,Tania Bazan,1234567890,yes,334,302,636,SIP/659
2026-08-24 11:25:49,MPC cola Taller,Alma Cordoba,1234567890,yes,51,494,545,SIP/655
2026-08-24 11:24:14,CM cola Taller,Sofia Montaño,1234567890,yes,116,208,324,SIP/656
2026-08-24 11:23:57,CM cola Taller,Sofia Montaño,1234567890,yes,521,566,1087,SIP/656
2026-08-24 11:23:37,CM cola Taller,Martin Jalil,503,yes,78,146,224,SIP/503
2026-08-24 11:22:13,CM cola Taller,,1234567890,no,8,0,0,
2026-08-24 11:21:43,CM cola Taller,,1234567890,no,103,0,0,
2026-08-24 11:20:37,CM cola Taller,Alma Cordoba,1234567890,yes,40,66,106,SIP/655
2026-08-24 11:18:07,CM cola Taller,,1234567890,no,16,0,0,
2026-08-24 11:14:15,CM cola Taller,Alma Cordoba,1234567890,yes,91,144,235,SIP/655
2026-08-24 11:10:08,MPC cola Taller,Sofia Montaño,1234567890,yes,147,775,922,SIP/656
2026-08-24 11:05:25,CM cola Taller,Alma Cordoba,1234567890,yes,273,135,408,SIP/655
2026-08-24 11:05:05,CM cola Taller,,1234567890,no,43,0,0,
2026-08-24 11:04:35,CM cola Taller,Sofia Montaño,1234567890,yes,286,138,424,SIP/656
2026-08-24 11:03:48,CM cola Taller,Alma Cordoba,1234567890,yes,27,246,273,SIP/655
2026-08-24 11:01:56,MPC cola Taller,,1234567890,no,420,0,0,
2026-08-24 11:01:54,MPC cola Taller,Sofia Montaño,1234567890,yes,144,269,413,SIP/656
2026-08-24 11:01:26,CM cola Taller,,1234567890,no,103,0,0,
2026-08-24 10:59:25,CM cola Taller,Camila Mias,251,yes,432,67,499,SIP/251
2026-08-24 10:57:44,MPC cola Taller,,1234567890,no,310,0,0,
2026-08-24 10:57:36,CM cola Taller,Alma Cordoba,1234567890,yes,80,231,311,SIP/655
2026-08-24 10:57:18,MPC cola Taller,,1234567890,no,236,0,0,
2026-08-24 10:54:10,CM cola Taller,Alma Cordoba,1234567890,yes,60,100,160,SIP/655
2026-08-24 10:52:48,CM cola Taller,Alma Cordoba,1234567890,yes,14,107,121,SIP/655
2026-08-24 10:51:32,CM cola Taller,Tania Bazan,1234567890,yes,42,334,376,SIP/659
2026-08-24 10:49:36,CM cola Taller,Alma Cordoba,1234567890,yes,20,137,157,SIP/655
2026-08-24 10:48:17,CM cola Taller,Alma Cordoba,1234567890,yes,7,68,75,SIP/655
2026-08-24 10:47:09,SF cola Taller,Tania Bazan,1234567890,yes,77,215,292,SIP/659
2026-08-24 10:43:19,MPC cola Taller,,1234567890,no,56,0,0,
2026-08-24 10:43:12,CM cola Taller,Alma Cordoba,1234567890,yes,20,178,198,SIP/655
2026-08-24 10:40:41,CM cola Taller,Tania Bazan,1234567890,yes,7,360,367,SIP/659
2026-08-24 10:37:06,MPC cola Taller,Alma Cordoba,1234567890,yes,56,164,220,SIP/655
2026-08-24 10:34:55,CM cola Taller,Alma Cordoba,1234567890,yes,9,87,96,SIP/655
2026-08-24 10:30:42,CM cola Taller,Camila Mias,251,yes,6,26,32,SIP/251
2026-08-24 10:27:32,CM cola Taller,Sofia Montaño,1234567890,yes,95,550,645,SIP/656
2026-08-24 10:26:54,CM cola Taller,Ivana Scarano,317,yes,13,38,51,SIP/317
2026-08-24 10:24:23,CM cola Taller,Tania Bazan,1234567890,yes,33,247,280,SIP/659
2026-08-24 10:22:49,CM cola Taller,Alma Cordoba,1234567890,yes,75,119,194,SIP/655
2026-08-24 10:20:17,CM cola Taller,Alma Cordoba,1234567890,yes,55,138,193,SIP/655
2026-08-24 10:18:46,CM cola Taller,,1234567890,no,46,0,0,
2026-08-24 10:17:59,CM cola Taller,Sofia Montaño,1234567890,yes,120,134,254,SIP/656
2026-08-24 10:17:33,CM cola Taller,Alma Cordoba,1234567890,yes,11,172,183,SIP/655
2026-08-24 10:14:27,CM cola Taller,Sofia Montaño,1234567890,yes,8,127,135,SIP/656
2026-08-24 10:12:49,CM cola Taller,,1234567890,no,2,0,0,
2026-08-24 10:08:06,CM cola Taller,Sofia Montaño,1234567890,yes,4,176,180,SIP/656
2026-08-24 10:03:38,CM cola Taller,Matias Villafane,502,yes,16,114,130,SIP/502
2026-08-24 10:02:25,CM cola Taller,Sofia Montaño,1234567890,yes,4,286,290,SIP/656
2026-08-24 10:00:25,CM cola Taller,Sabrina Mercado,250,yes,36,22,58,SIP/250
2026-08-24 09:59:01,CM cola Taller,Camila Mias,251,yes,6,52,58,SIP/251
2026-08-24 09:58:26,CM cola Taller,,1234567890,no,4,0,0,
2026-08-24 09:56:43,MPC cola Taller,Alma Cordoba,1234567890,yes,49,172,221,SIP/655
2026-08-24 09:56:15,CM cola Taller,Tania Bazan,1234567890,yes,6,124,130,SIP/659
2026-08-24 09:48:09,CM cola Taller,Alma Cordoba,1234567890,yes,261,159,420,SIP/655
2026-08-24 09:47:10,SF cola Taller,Tania Bazan,1234567890,yes,51,152,203,SIP/659
2026-08-24 09:45:52,CM cola Taller,,1234567890,no,243,0,0,
2026-08-24 09:44:01,CM cola Taller,Alma Cordoba,503,yes,156,271,427,SIP/655
2026-08-24 09:39:39,CM cola Taller,Tania Bazan,1234567890,yes,65,162,227,SIP/659
2026-08-24 09:36:43,CM cola Taller,Camila Mias,251,yes,171,64,235,SIP/251
2026-08-24 09:34:27,CM cola Taller,,1234567890,no,0,0,0,
2026-08-24 09:34:06,CM cola Taller,,1234567890,no,207,0,0,
2026-08-24 09:33:20,CM cola Taller,Alma Cordoba,1234567890,yes,321,422,743,SIP/655
2026-08-24 09:31:44,CM cola Taller,,1234567890,no,175,0,0,
2026-08-24 09:29:49,CM cola Taller,,1234567890,no,135,0,0,
2026-08-24 09:28:58,CM cola Taller,,1234567890,no,162,0,0,
2026-08-24 09:25:07,CM cola Taller,Alma Cordoba,1234567890,yes,135,160,295,SIP/655
2026-08-24 09:24:46,MPC cola Taller,Tania Bazan,1234567890,yes,14,126,140,SIP/659
2026-08-24 09:24:45,CM cola Taller,,1234567890,no,0,0,0,
2026-08-24 09:23:38,CM cola Taller,Alma Cordoba,1234567890,yes,465,271,736,SIP/655
2026-08-24 09:20:07,CM cola Taller,Alma Cordoba,499,yes,152,165,317,SIP/655
2026-08-24 09:19:39,CM cola Taller,Alma Cordoba,1234567890,yes,28,55,83,SIP/655
2026-08-24 09:16:55,MPC cola Taller,Alma Cordoba,1234567890,yes,13,165,178,SIP/655
2026-08-24 09:13:21,CM cola Taller,Tania Bazan,1234567890,yes,10,81,91,SIP/659
2026-08-24 09:10:12,CM cola Taller,,1234567890,no,43,0,0,
2026-08-24 09:05:38,CM cola Taller,Tania Bazan,1234567890,yes,103,75,178,SIP/659
2026-08-24 09:05:03,CM cola Taller,Alma Cordoba,1234567890,yes,45,379,424,SIP/655
2026-08-24 09:05:00,MPC cola Taller,Tania Bazan,1234567890,yes,4,128,132,SIP/659
2026-08-24 08:58:36,CM cola Taller,Alma Cordoba,1234567890,yes,14,165,179,SIP/655
2026-08-24 08:58:01,CM cola Taller,Camila Mias,251,yes,9,22,31,SIP/251
2026-08-24 08:52:43,CM cola Taller,Tania Bazan,1234567890,yes,114,151,265,SIP/659
2026-08-24 08:51:50,SF cola Taller,Alma Cordoba,1234567890,yes,35,139,174,SIP/655
2026-08-24 08:50:37,MPC cola Taller,,1234567890,no,69,0,0,
2026-08-24 08:47:18,MPC cola Taller,,1234567890,no,226,0,0,
2026-08-24 08:46:03,SF cola Taller,Tania Bazan,1234567890,yes,99,225,324,SIP/659
2026-08-24 08:45:46,CM cola Taller,Camila Mias,251,yes,79,27,106,SIP/251
2026-08-24 08:45:08,CM cola Taller,,1234567890,no,52,0,0,
2026-08-24 08:41:27,CM cola Taller,Alma Cordoba,1234567890,yes,564,56,620,SIP/655
2026-08-24 08:39:44,CM cola Taller,Tania Bazan,1234567890,yes,126,348,474,SIP/659
2026-08-24 08:39:26,MPC cola Taller,Tania Bazan,1234567890,yes,9,129,138,SIP/659
2026-08-24 08:39:08,CM cola Taller,Martin Jalil,503,yes,123,17,140,SIP/503
2026-08-24 08:36:43,CM cola Taller,Tania Bazan,1234567890,yes,60,106,166,SIP/659
2026-08-24 08:35:29,CM cola Taller,Alma Cordoba,1234567890,yes,9,313,322,SIP/655
2026-08-24 08:33:53,CM cola Taller,Tania Bazan,1234567890,yes,12,206,218,SIP/659
2026-08-24 08:33:08,CM cola Taller,Alma Cordoba,1234567890,yes,11,91,102,SIP/655
2026-08-21 17:48:36,CM cola Taller,,1234567890,no,114,0,0,
2026-08-21 17:20:31,CM cola Taller,,1234567890,no,142,0,0,
2026-08-21 16:55:28,CM cola Taller,,1234567890,no,268,0,0,
2026-08-21 16:23:39,CM cola Taller,,1234567890,no,837,0,0,
2026-08-21 16:20:50,CM cola Taller,Rocío Cornejo,1234567890,yes,337,276,613,SIP/651
2026-08-21 16:20:37,MPC cola Taller,Rocío Cornejo,1234567890,yes,139,186,325,SIP/651
2026-08-21 16:18:10,SF cola Taller,,1234567890,no,71,0,0,
2026-08-21 16:16:56,CM cola Taller,Martin Jalil,503,yes,40,108,148,SIP/503
2026-08-21 16:02:56,CM cola Taller,Rocío Cornejo,1234567890,yes,752,70,822,SIP/651
2026-08-21 16:00:06,CM cola Taller,Rocío Cornejo,1234567890,yes,187,358,545,SIP/651
2026-08-21 15:59:16,MPC cola Taller,,1234567890,no,136,0,0,
2026-08-21 15:35:51,CM cola Taller,Rocío Cornejo,1234567890,yes,183,227,410,SIP/651
2026-08-21 15:33:25,SF cola Taller,Rocío Cornejo,1234567890,yes,80,229,309,SIP/651
2026-08-21 15:29:22,SF cola Taller,Rocío Cornejo,1234567890,yes,9,302,311,SIP/651
2026-08-21 15:23:33,CM cola Taller,Rocío Cornejo,1234567890,yes,16,225,241,SIP/651
2026-08-21 15:09:55,CM cola Taller,Rocío Cornejo,1234567890,yes,6,329,335,SIP/651
2026-08-21 15:04:31,CM cola Taller,Rocío Cornejo,1234567890,yes,42,215,257,SIP/651
2026-08-21 15:01:14,CM cola Taller,Rocío Cornejo,1234567890,yes,5,229,234,SIP/651
2026-08-21 14:52:48,CM cola Taller,Rocío Cornejo,1234567890,yes,191,92,283,SIP/651
2026-08-21 14:51:46,CM cola Taller,Rocío Cornejo,1234567890,yes,16,209,225,SIP/651
2026-08-21 14:50:32,CM cola Taller,Rocío Cornejo,1234567890,yes,12,69,81,SIP/651
2026-08-21 14:40:59,CM cola Taller,Rocío Cornejo,1234567890,yes,11,219,230,SIP/651
2026-08-21 14:35:20,MPC cola Taller,Rocío Cornejo,1234567890,yes,6,212,218,SIP/651
2026-08-21 14:31:52,CM cola Taller,Rocío Cornejo,1234567890,yes,9,74,83,SIP/651
2026-08-21 14:20:14,CM cola Taller,Rocío Cornejo,1234567890,yes,215,65,280,SIP/651
2026-08-21 14:17:13,MPC cola Taller,Rocío Cornejo,1234567890,yes,31,185,216,SIP/651
2026-08-21 14:16:35,CM cola Taller,Rocío Cornejo,1234567890,yes,272,155,427,SIP/651
2026-08-21 14:04:42,CM cola Taller,,1234567890,no,486,0,0,
2026-08-21 14:01:13,CM cola Taller,Rocío Cornejo,1234567890,yes,7,743,750,SIP/651
2026-08-21 12:55:47,MPC cola Taller,Rocío Cornejo,1234567890,yes,23,44,67,SIP/651
2026-08-21 12:48:09,MPC cola Taller,Alma Cordoba,1234567890,yes,12,217,229,SIP/655
2026-08-21 12:32:46,MPC cola Taller,Alma Cordoba,255,yes,18,7,25,SIP/655
2026-08-21 12:27:58,SF cola Taller,Rocío Cornejo,1234567890,yes,153,212,365,SIP/651
2026-08-21 12:27:50,CM cola Taller,Rocío Cornejo,1234567890,yes,8,109,117,SIP/651
2026-08-21 12:23:44,CM cola Taller,Alma Cordoba,1234567890,yes,100,202,302,SIP/655
2026-08-21 12:17:25,CM cola Taller,,499,yes,30,40,70,SIP/499
2026-08-21 12:17:17,CM cola Taller,Lucia Sosa,1234567890,yes,40,143,183,SIP/650
2026-08-21 12:10:24,MPC cola Taller,Lucia Sosa,1234567890,yes,361,50,411,SIP/650
2026-08-21 12:07:03,MPC cola Taller,Lucia Sosa,1234567890,yes,389,102,491,SIP/650
2026-08-21 12:06:56,CM cola Taller,,1234567890,no,89,0,0,
2026-08-21 12:06:30,CM cola Taller,Lucia Sosa,1234567890,yes,138,272,410,SIP/650
2026-08-21 11:56:33,CM cola Taller,,649,no,255,0,0,
2026-08-21 11:54:46,MPC cola Taller,,1234567890,no,167,0,0,
2026-08-21 11:53:30,CM cola Taller,,1234567890,no,111,0,0,
2026-08-21 11:52:45,MPC cola Taller,,1234567890,no,28,0,0,
2026-08-21 11:49:46,CM cola Taller,Lucia Sosa,1234567890,yes,620,109,729,SIP/650
2026-08-21 11:49:26,CM cola Taller,,1234567890,no,514,0,0,
2026-08-21 11:48:00,CM cola Taller,Lucia Sosa,1234567890,yes,345,214,559,SIP/650
2026-08-21 11:47:03,CM cola Taller,,1234567890,no,322,0,0,
2026-08-21 11:44:26,MPC cola Taller,,1234567890,no,424,0,0,
2026-08-21 11:43:54,MPC cola Taller,,1234567890,no,227,0,0,
2026-08-21 11:42:58,CM cola Taller,Rocío Cornejo,1234567890,yes,138,793,931,SIP/651
2026-08-21 11:37:26,MPC cola Taller,Rocío Cornejo,1234567890,yes,56,184,240,SIP/651
2026-08-21 11:37:20,CM cola Taller,,1234567890,no,341,0,0,
2026-08-21 11:37:15,MPC cola Taller,Lucia Sosa,1234567890,yes,27,172,199,SIP/650
2026-08-21 11:33:15,CM cola Taller,Matias Villafane,502,yes,45,108,153,SIP/502
2026-08-21 11:32:15,CM cola Taller,,1234567890,no,504,0,0,
2026-08-21 11:30:10,MPC cola Taller,,1234567890,no,186,0,0,
2026-08-21 11:29:10,MPC cola Taller,,1234567890,no,420,0,0,
2026-08-21 11:29:01,CM cola Taller,Rocío Cornejo,1234567890,yes,118,387,505,SIP/651
2026-08-21 11:28:10,CM cola Taller,,1234567890,no,18,0,0,
2026-08-21 11:26:51,CM cola Taller,,1234567890,no,62,0,0,
2026-08-21 11:24:29,SF cola Taller,Rocío Cornejo,1234567890,yes,76,42,118,SIP/651
2026-08-21 11:22:21,CM cola Taller,Rocío Cornejo,1234567890,yes,287,224,511,SIP/651
2026-08-21 11:18:38,CM cola Taller,Sabrina Mercado,250,yes,18,30,48,SIP/250
2026-08-21 11:08:08,CM cola Taller,Rocío Cornejo,1234567890,yes,7,133,140,SIP/651
2026-08-21 10:55:23,CM cola Taller,Lucia Sosa,1234567890,yes,23,481,504,SIP/650
2026-08-21 10:54:32,CM cola Taller,Rocío Cornejo,1234567890,yes,16,300,316,SIP/651
2026-08-21 10:52:24,CM cola Taller,Lucia Sosa,1234567890,yes,21,39,60,SIP/650
2026-08-21 10:50:57,CM cola Taller,Lucia Sosa,1234567890,yes,17,55,72,SIP/650
2026-08-21 10:49:34,MPC cola Taller,Rocío Cornejo,1234567890,yes,4,241,245,SIP/651
2026-08-21 10:46:17,CM cola Taller,Rocío Cornejo,1234567890,yes,7,41,48,SIP/651
2026-08-21 10:35:08,CM cola Taller,Rocío Cornejo,1234567890,yes,5,173,178,SIP/651
2026-08-21 10:30:00,CM cola Taller,Lucia Sosa,1234567890,yes,4,348,352,SIP/650
2026-08-21 10:28:18,CM cola Taller,Rocío Cornejo,1234567890,yes,15,177,192,SIP/651
2026-08-21 10:17:46,CM cola Taller,Lucia Sosa,1234567890,yes,167,219,386,SIP/650
2026-08-21 10:16:42,CM cola Taller,Lucia Sosa,1234567890,yes,17,134,151,SIP/650
2026-08-21 10:14:20,CM cola Taller,,Anonymous,no,141,0,0,
2026-08-21 10:07:03,CM cola Taller,Lucia Sosa,1234567890,yes,117,255,372,SIP/650
2026-08-21 10:01:41,CM cola Taller,Rocío Cornejo,1234567890,yes,234,174,408,SIP/651
2026-08-21 10:00:04,CM cola Taller,Rocío Cornejo,1234567890,yes,6,278,284,SIP/651
2026-08-21 09:54:24,CM cola Taller,Lucia Sosa,1234567890,yes,56,762,818,SIP/650
2026-08-21 09:51:21,MPC cola Taller,Rocío Cornejo,1234567890,yes,3,274,277,SIP/651
2026-08-21 09:47:31,CM cola Taller,Lucia Sosa,1234567890,yes,103,319,422,SIP/650
2026-08-21 09:40:55,MPC cola Taller,Rocío Cornejo,1234567890,yes,79,247,326,SIP/651
2026-08-21 09:30:09,CM cola Taller,Lucia Sosa,1234567890,yes,24,90,114,SIP/650
2026-08-21 09:28:47,CM cola Taller,Rocío Cornejo,1234567890,yes,10,469,479,SIP/651
2026-08-21 09:17:40,CM cola Taller,Rocío Cornejo,1234567890,yes,8,115,123,SIP/651
2026-08-21 09:15:37,CM cola Taller,Lucia Sosa,1234567890,yes,12,114,126,SIP/650
2026-08-21 09:13:12,CM cola Taller,Rocío Cornejo,1234567890,yes,24,70,94,SIP/651
2026-08-21 09:10:23,CM cola Taller,Sabrina Mercado,250,yes,20,26,46,SIP/250
2026-08-21 09:09:50,CM cola Taller,Lucia Sosa,1234567890,yes,16,290,306,SIP/650
2026-08-21 08:58:14,CM cola Taller,Rocío Cornejo,1234567890,yes,9,179,188,SIP/651
2026-08-21 08:36:35,CM cola Taller,Lucia Sosa,1234567890,yes,25,243,268,SIP/650
2026-08-21 08:36:34,CM cola Taller,Rocío Cornejo,1234567890,yes,9,222,231,SIP/651
2026-08-21 08:25:07,MPC cola Taller,Rocío Cornejo,1234567890,yes,7,82,89,SIP/651
2026-08-21 08:24:06,CM cola Taller,Lucia Sosa,1234567890,yes,8,506,514,SIP/650
2026-08-21 08:19:58,CM cola Taller,Rocío Cornejo,1234567890,yes,15,91,106,SIP/651
2026-08-21 08:04:10,CM cola Taller,Lucia Sosa,1234567890,yes,13,220,233,SIP/650
2026-08-21 08:03:28,CM cola Taller,,1234567890,no,5,0,0,
2026-08-20 17:52:39,CM cola Taller,Rocío Cornejo,1234567890,yes,193,189,382,SIP/651
2026-08-20 17:18:50,CM cola Taller,Rocío Cornejo,1234567890,yes,11,213,224,SIP/651
2026-08-20 17:13:33,CM cola Taller,Rocío Cornejo,1234567890,yes,164,86,250,SIP/651
2026-08-20 17:11:53,CM cola Taller,Rocío Cornejo,1234567890,yes,146,108,254,SIP/651
2026-08-20 17:07:41,CM cola Taller,Rocío Cornejo,1234567890,yes,212,165,377,SIP/651
2026-08-20 17:04:23,CM cola Taller,,1234567890,no,269,0,0,
2026-08-20 17:03:57,CM cola Taller,,1234567890,no,73,0,0,
2026-08-20 17:02:09,CM cola Taller,,1234567890,no,247,0,0,
2026-08-20 16:54:08,MPC cola Taller,,1234567890,no,422,0,0,
2026-08-20 16:53:01,SF cola Taller,,1234567890,no,422,0,0,
2026-08-20 16:52:24,MPC cola Taller,,255,no,271,0,0,
2026-08-20 16:42:43,MPC cola Taller,,1234567890,no,422,0,0,
2026-08-20 16:42:40,CM cola Taller,,1234567890,no,384,0,0,
2026-08-20 16:38:46,CM cola Taller,Alma Cordoba,1234567890,yes,264,207,471,SIP/655
2026-08-20 16:37:36,CM cola Taller,Alma Cordoba,1234567890,yes,61,158,219,SIP/655
2026-08-20 16:37:36,CM cola Taller,,1234567890,no,303,0,0,
2026-08-20 16:35:54,CM cola Taller,,1234567890,no,68,0,0,
2026-08-20 16:33:20,CM cola Taller,,1234567890,no,89,0,0,
2026-08-20 16:31:09,CM cola Taller,,1234567890,no,283,0,0,
2026-08-20 16:26:09,MPC cola Taller,Alma Cordoba,1234567890,yes,76,232,308,SIP/655
2026-08-20 16:25:16,CM cola Taller,,1234567890,no,109,0,0,
2026-08-20 16:24:37,CM cola Taller,Alma Cordoba,1234567890,yes,39,79,118,SIP/655
2026-08-20 16:23:05,CM cola Taller,,1234567890,no,35,0,0,
2026-08-20 16:21:14,CM cola Taller,,1234567890,no,93,0,0,
2026-08-20 16:14:39,CM cola Taller,,1234567890,no,148,0,0,
2026-08-20 16:12:12,CM cola Taller,,499,yes,93,111,204,SIP/499
2026-08-20 16:09:47,CM cola Taller,Rodrigo Funes,250,yes,150,23,173,SIP/571
2026-08-20 16:02:29,SF cola Taller,,1234567890,no,392,0,0,
2026-08-20 16:01:32,CM cola Taller,Alma Cordoba,1234567890,yes,46,114,160,SIP/655
2026-08-20 16:00:20,CM cola Taller,,1234567890,no,75,0,0,
2026-08-20 15:55:43,CM cola Taller,Alma Cordoba,1234567890,yes,121,132,253,SIP/655
2026-08-20 15:51:59,MPC cola Taller,,1234567890,no,235,0,0,
2026-08-20 15:49:37,SF cola Taller,,1234567890,no,422,0,0,
2026-08-20 15:36:16,CM cola Taller,Alma Cordoba,670,yes,326,47,373,SIP/655
2026-08-20 15:32:40,CM cola Taller,Alma Cordoba,1234567890,yes,66,56,122,SIP/655
2026-08-20 15:28:31,CM cola Taller,Alma Cordoba,1234567890,yes,489,293,782,SIP/655
2026-08-20 15:16:41,MPC cola Taller,,1234567890,no,189,0,0,
2026-08-20 15:16:29,MPC cola Taller,Alma Cordoba,1234567890,yes,211,324,535,SIP/655
2026-08-20 15:13:36,SF cola Taller,Alma Cordoba,1234567890,yes,203,155,358,SIP/655
2026-08-20 15:09:28,MPC cola Taller,Alma Cordoba,1234567890,yes,16,42,58,SIP/655
2026-08-20 15:07:45,CM cola Taller,Alma Cordoba,1234567890,yes,19,70,89,SIP/655
2026-08-20 15:02:49,SF cola Taller,Alma Cordoba,1234567890,yes,164,62,226,SIP/655
2026-08-20 14:48:25,CM cola Taller,Alma Cordoba,1234567890,yes,107,102,209,SIP/655
2026-08-20 14:45:08,MPC cola Taller,Alma Cordoba,1234567890,yes,5,80,85,SIP/655
2026-08-20 14:39:43,CM cola Taller,Alma Cordoba,1234567890,yes,30,50,80,SIP/655
2026-08-20 14:31:20,MPC cola Taller,,1234567890,no,153,0,0,
2026-08-20 14:26:43,CM cola Taller,Alma Cordoba,1234567890,yes,109,43,152,SIP/655
2026-08-20 14:15:42,MPC cola Taller,Alma Cordoba,1234567890,yes,11,71,82,SIP/655
2026-08-20 14:02:32,CM cola Taller,Alma Cordoba,1234567890,yes,95,207,302,SIP/655
2026-08-20 14:02:32,CM cola Taller,,1234567890,no,217,0,0,
2026-08-20 14:01:41,CM cola Taller,,1234567890,no,8,0,0,
2026-08-20 14:01:16,CM cola Taller,Alma Cordoba,1234567890,yes,8,133,141,SIP/655
2026-08-20 12:45:29,CM cola Taller,Sofia Montaño,1234567890,yes,177,453,630,SIP/656
2026-08-20 12:45:11,CM cola Taller,Tania Bazan,1234567890,yes,14,332,346,SIP/659
2026-08-20 12:44:42,CM cola Taller,Alma Cordoba,1234567890,yes,37,191,228,SIP/655
2026-08-20 12:43:35,CM cola Taller,Sabrina Mercado,250,yes,9,116,125,SIP/250
2026-08-20 12:35:52,CM cola Taller,Tania Bazan,1234567890,yes,13,65,78,SIP/659
2026-08-20 12:26:21,MPC cola Taller,Rocío Cornejo,1234567890,yes,6,547,553,SIP/651
2026-08-20 12:24:59,MPC cola Taller,Tania Bazan,1234567890,yes,5,77,82,SIP/659
2026-08-20 12:20:35,CM cola Taller,Sabrina Mercado,250,yes,6,59,65,SIP/250
2026-08-20 12:18:50,MPC cola Taller,Alma Cordoba,1234567890,yes,31,181,212,SIP/655
2026-08-20 12:13:50,CM cola Taller,Sabrina Mercado,499,yes,26,43,69,SIP/250
2026-08-20 12:09:49,CM cola Taller,Sabrina Mercado,250,yes,10,43,53,SIP/250
2026-08-20 12:05:52,CM cola Taller,Sofia Montaño,1234567890,yes,70,298,368,SIP/656
2026-08-20 12:03:43,CM cola Taller,Alma Cordoba,1234567890,yes,104,122,226,SIP/655
2026-08-20 12:03:03,MPC cola Taller,Agustina Vargas,255,yes,12,24,36,SIP/255
2026-08-20 12:02:16,CM cola Taller,,1234567890,no,2,0,0,
2026-08-20 12:00:14,CM cola Taller,Sofia Montaño,1234567890,yes,54,21,75,SIP/656
2026-08-20 11:54:58,CM cola Taller,Sofia Montaño,1234567890,yes,95,101,196,SIP/656
2026-08-20 11:53:55,CM cola Taller,Sabrina Mercado,250,yes,12,21,33,SIP/250
2026-08-20 11:53:40,CM cola Taller,Tania Bazan,1234567890,yes,12,189,201,SIP/659
2026-08-20 11:46:06,CM cola Taller,Tania Bazan,670,yes,5,95,100,SIP/659
2026-08-20 11:44:27,CM cola Taller,Alma Cordoba,1234567890,yes,79,173,252,SIP/655
2026-08-20 11:44:19,CM cola Taller,Sofia Montaño,1234567890,yes,9,181,190,SIP/656
2026-08-20 11:35:45,CM cola Taller,,1234567890,no,58,0,0,
2026-08-20 11:34:31,MPC cola Taller,Tania Bazan,1234567890,yes,148,480,628,SIP/659
2026-08-20 11:31:15,MPC cola Taller,Agustina Vargas,255,yes,11,31,42,SIP/255
2026-08-20 11:26:52,MPC cola Taller,Tania Bazan,1234567890,yes,11,349,360,SIP/659
2026-08-20 11:21:35,CM cola Taller,Sofia Montaño,1234567890,yes,6,139,145,SIP/656
2026-08-20 11:20:09,MPC cola Taller,Tania Bazan,1234567890,yes,45,144,189,SIP/659
2026-08-20 11:17:38,CM cola Taller,,1234567890,no,2,0,0,
2026-08-20 11:17:25,CM cola Taller,Alma Cordoba,1234567890,yes,163,126,289,SIP/655
2026-08-20 11:17:03,SF cola Taller,Sofia Montaño,1234567890,yes,88,183,271,SIP/656
2026-08-20 11:16:06,CM cola Taller,Sofia Montaño,1234567890,yes,17,120,137,SIP/656
2026-08-20 11:15:31,SF cola Taller,Tania Bazan,1234567890,yes,90,223,313,SIP/659
2026-08-20 11:15:09,CM cola Taller,Alma Cordoba,1234567890,yes,25,117,142,SIP/655
2026-08-20 11:12:18,CM cola Taller,,1234567890,no,118,0,0,
2026-08-20 11:11:56,CM cola Taller,Sofia Montaño,1234567890,yes,115,93,208,SIP/656
2026-08-20 11:09:09,CM cola Taller,Alma Cordoba,1234567890,yes,110,214,324,SIP/655
2026-08-20 11:07:50,CM cola Taller,,1234567890,no,7,0,0,
2026-08-20 11:07:06,MPC cola Taller,,1234567890,no,151,0,0,
2026-08-20 11:01:41,CM cola Taller,Tania Bazan,1234567890,yes,337,547,884,SIP/659
2026-08-20 11:01:38,CM cola Taller,,1234567890,no,218,0,0,
2026-08-20 10:59:03,CM cola Taller,,1234567890,no,23,0,0,
2026-08-20 10:57:36,CM cola Taller,,1234567890,no,488,0,0,
2026-08-20 10:56:15,CM cola Taller,,1234567890,no,0,0,0,
2026-08-20 10:50:35,CM cola Taller,Sofia Montaño,1234567890,yes,9,61,70,SIP/656
2026-08-20 10:49:16,MPC cola Taller,Sofia Montaño,1234567890,yes,220,147,367,SIP/656
2026-08-20 10:47:30,MPC cola Taller,Sofia Montaño,1234567890,yes,32,141,173,SIP/656
2026-08-20 10:47:19,CM cola Taller,Sofia Montaño,1234567890,yes,10,26,36,SIP/656
2026-08-20 10:45:01,CM cola Taller,,1234567890,no,297,0,0,
2026-08-20 10:43:27,CM cola Taller,Sofia Montaño,1234567890,yes,8,69,77,SIP/656
2026-08-20 10:39:19,CM cola Taller,Tania Bazan,1234567890,yes,52,325,377,SIP/659
2026-08-20 10:37:09,CM cola Taller,Sofia Montaño,1234567890,yes,80,145,225,SIP/656
2026-08-20 10:34:54,CM cola Taller,Tania Bazan,1234567890,yes,102,178,280,SIP/659
2026-08-20 10:33:33,CM cola Taller,Sabrina Mercado,250,yes,171,44,215,SIP/250
2026-08-20 10:28:03,SF cola Taller,Tania Bazan,1234567890,yes,318,189,507,SIP/659
2026-08-20 10:26:46,CM cola Taller,Sofia Montaño,1234567890,yes,99,468,567,SIP/656
2026-08-20 10:26:16,CM cola Taller,,1234567890,no,2,0,0,
2026-08-20 10:15:50,SF cola Taller,Sofia Montaño,1234567890,yes,141,310,451,SIP/656
2026-08-20 10:15:01,MPC cola Taller,Sofia Montaño,1234567890,yes,85,102,187,SIP/656
2026-08-20 10:14:33,CM cola Taller,Tania Bazan,1234567890,yes,304,333,637,SIP/659
2026-08-20 10:12:31,CM cola Taller,Sofia Montaño,1234567890,yes,98,133,231,SIP/656
2026-08-20 10:12:02,SF cola Taller,,1234567890,no,98,0,0,
2026-08-20 10:10:34,CM cola Taller,Sofia Montaño,1234567890,yes,23,185,208,SIP/656
2026-08-20 10:10:29,CM cola Taller,Tania Bazan,1234567890,yes,10,457,467,SIP/659
2026-08-20 10:07:13,CM cola Taller,Camila Mias,251,yes,141,18,159,SIP/251
2026-08-20 10:05:04,CM cola Taller,Tania Bazan,1234567890,yes,148,137,285,SIP/659
2026-08-20 10:00:09,CM cola Taller,Sofia Montaño,1234567890,yes,233,324,557,SIP/656
2026-08-20 09:59:55,CM cola Taller,Sofia Montaño,1234567890,yes,33,197,230,SIP/656
2026-08-20 09:55:28,CM cola Taller,Camila Mias,251,yes,100,13,113,SIP/251
2026-08-20 09:52:26,CM cola Taller,Sofia Montaño,1234567890,yes,233,78,311,SIP/656
2026-08-20 09:51:04,SF cola Taller,,1234567890,no,420,0,0,
2026-08-20 09:48:52,CM cola Taller,Sofia Montaño,1234567890,yes,70,372,442,SIP/656
2026-08-20 09:45:08,CM cola Taller,Sabrina Mercado,250,yes,371,21,392,SIP/250
2026-08-20 09:44:18,CM cola Taller,Sofia Montaño,1234567890,yes,9,173,182,SIP/656
2026-08-20 09:41:35,CM cola Taller,,1234567890,no,97,0,0,
2026-08-20 09:36:59,CM cola Taller,Sofia Montaño,1234567890,yes,328,103,431,SIP/656
2026-08-20 09:35:56,SF cola Taller,Sofia Montaño,1234567890,yes,48,331,379,SIP/656
2026-08-20 09:34:51,CM cola Taller,,1234567890,no,846,0,0,
2026-08-20 09:34:00,SF cola Taller,,1234567890,no,53,0,0,
2026-08-20 09:30:20,CM cola Taller,Tania Bazan,1234567890,yes,292,161,453,SIP/659
2026-08-20 09:26:23,CM cola Taller,Camila Mias,251,yes,321,23,344,SIP/251
2026-08-20 09:22:48,CM cola Taller,,1234567890,no,371,0,0,
2026-08-20 09:22:07,CM cola Taller,Tania Bazan,1234567890,yes,153,306,459,SIP/659
2026-08-20 09:12:02,SF cola Taller,Tania Bazan,1234567890,yes,22,194,216,SIP/659
2026-08-20 09:07:32,CM cola Taller,Tania Bazan,1234567890,yes,5,217,222,SIP/659
2026-08-20 09:02:22,MPC cola Taller,Sofia Montaño,1234567890,yes,153,435,588,SIP/656
2026-08-20 09:01:00,CM cola Taller,Tania Bazan,1234567890,yes,12,275,287,SIP/659
2026-08-20 08:57:20,CM cola Taller,Sofia Montaño,1234567890,yes,5,148,153,SIP/656
2026-08-20 08:50:16,CM cola Taller,Tania Bazan,1234567890,yes,201,161,362,SIP/659
2026-08-20 08:50:15,CM cola Taller,Tania Bazan,1234567890,yes,6,179,185,SIP/659
2026-08-20 08:40:09,CM cola Taller,Tania Bazan,1234567890,yes,51,229,280,SIP/659
2026-08-20 08:10:09,CM cola Taller,,1234567890,no,170,0,0,
2026-08-20 08:09:40,CM cola Taller,Tania Bazan,1234567890,yes,6,284,290,SIP/659
2026-08-20 08:03:31,CM cola Taller,Tania Bazan,1234567890,yes,8,76,84,SIP/659
2026-08-19 17:59:59,CM cola Taller,,1234567890,no,52,0,0,
2026-08-19 17:57:57,CM cola Taller,,1234567890,no,82,0,0,
2026-08-19 17:46:17,CM cola Taller,,1234567890,no,356,0,0,
2026-08-19 17:44:35,CM cola Taller,,1234567890,no,191,0,0,
2026-08-19 17:23:53,CM cola Taller,Alma Cordoba,1234567890,yes,157,123,280,SIP/655
2026-08-19 17:07:12,CM cola Taller,Alma Cordoba,1234567890,yes,188,131,319,SIP/655
2026-08-19 16:55:45,CM cola Taller,,1234567890,no,489,0,0,
2026-08-19 16:54:26,CM cola Taller,,1234567890,no,679,0,0,
2026-08-19 16:53:55,CM cola Taller,Alma Cordoba,1234567890,yes,350,142,492,SIP/655
2026-08-19 16:49:46,CM cola Taller,Sabrina Mercado,503,yes,347,23,370,SIP/250
2026-08-19 16:45:24,CM cola Taller,,1234567890,no,538,0,0,
2026-08-19 16:41:22,CM cola Taller,,670,no,29,0,0,
2026-08-19 16:39:51,CM cola Taller,,1234567890,no,279,0,0,
2026-08-19 16:38:45,CM cola Taller,,1234567890,no,87,0,0,
2026-08-19 16:34:38,CM cola Taller,Alma Cordoba,1234567890,yes,121,593,714,SIP/655
2026-08-19 16:32:38,CM cola Taller,,1234567890,no,154,0,0,
2026-08-19 16:28:16,CM cola Taller,Alma Cordoba,1234567890,yes,214,123,337,SIP/655
2026-08-19 16:24:57,MPC cola Taller,Alma Cordoba,1234567890,yes,9,131,140,SIP/655
2026-08-19 16:23:04,CM cola Taller,Alma Cordoba,1234567890,yes,12,18,30,SIP/655
2026-08-19 16:14:37,CM cola Taller,Alma Cordoba,1234567890,yes,9,192,201,SIP/655
2026-08-19 15:58:32,SF cola Taller,Alma Cordoba,1234567890,yes,10,141,151,SIP/655
2026-08-19 15:51:41,CM cola Taller,Camila Mias,251,yes,12,19,31,SIP/251
2026-08-19 15:34:59,CM cola Taller,Alma Cordoba,1234567890,yes,29,167,196,SIP/655
2026-08-19 15:28:00,CM cola Taller,Rocío Cornejo,1234567890,yes,7,122,129,SIP/651
2026-08-19 15:26:46,CM cola Taller,Alma Cordoba,1234567890,yes,15,135,150,SIP/655
2026-08-19 15:21:59,CM cola Taller,Alma Cordoba,1234567890,yes,21,41,62,SIP/655
2026-08-19 15:18:01,CM cola Taller,Alma Cordoba,1234567890,yes,9,114,123,SIP/655
2026-08-19 15:14:25,CM cola Taller,Rocío Cornejo,1234567890,yes,12,218,230,SIP/651
2026-08-19 15:07:35,CM cola Taller,Rocío Cornejo,1234567890,yes,21,42,63,SIP/651
2026-08-19 14:52:20,CM cola Taller,Alma Cordoba,1234567890,yes,11,227,238,SIP/655
2026-08-19 14:47:06,CM cola Taller,,1234567890,no,76,0,0,
2026-08-19 14:43:44,CM cola Taller,Rocío Cornejo,1234567890,yes,95,118,213,SIP/651
2026-08-19 14:42:18,CM cola Taller,Rocío Cornejo,1234567890,yes,6,136,142,SIP/651
2026-08-19 14:40:07,CM cola Taller,,1234567890,no,24,0,0,
2026-08-19 14:33:28,CM cola Taller,Alma Cordoba,1234567890,yes,13,55,68,SIP/655
2026-08-19 14:32:14,CM cola Taller,Alma Cordoba,499,yes,9,85,94,SIP/655
2026-08-19 14:29:13,CM cola Taller,Alma Cordoba,1234567890,yes,12,84,96,SIP/655
2026-08-19 14:26:56,CM cola Taller,Alma Cordoba,1234567890,yes,42,85,127,SIP/655
2026-08-19 14:25:29,CM cola Taller,,1234567890,no,26,0,0,
2026-08-19 14:24:36,CM cola Taller,Rocío Cornejo,1234567890,yes,12,284,296,SIP/651
2026-08-19 14:19:57,CM cola Taller,Alma Cordoba,1234567890,yes,8,436,444,SIP/655
2026-08-19 14:12:37,MPC cola Taller,Rocío Cornejo,1234567890,yes,21,312,333,SIP/651
2026-08-19 14:09:10,CM cola Taller,Rocío Cornejo,1234567890,yes,8,120,128,SIP/651
2026-08-19 14:02:48,SF cola Taller,Alma Cordoba,1234567890,yes,21,110,131,SIP/655
2026-08-19 12:57:25,CM cola Taller,Lucia Sosa,1234567890,yes,57,245,302,SIP/650
2026-08-19 12:52:30,CM cola Taller,Sofia Montaño,1234567890,yes,5,293,298,SIP/656
2026-08-19 12:51:53,SF cola Taller,Lucia Sosa,1234567890,yes,23,230,253,SIP/650
2026-08-19 12:50:41,CM cola Taller,Rocío Cornejo,1234567890,yes,7,290,297,SIP/651
2026-08-19 12:49:38,CM cola Taller,Lucia Sosa,1234567890,yes,11,67,78,SIP/650
2026-08-19 12:42:26,CM cola Taller,Sofia Montaño,1234567890,yes,13,5,18,SIP/656
2026-08-19 12:31:08,CM cola Taller,Camila Mias,251,yes,13,21,34,SIP/251
2026-08-19 12:29:02,SF cola Taller,Rocío Cornejo,1234567890,yes,8,225,233,SIP/651
2026-08-19 12:24:35,CM cola Taller,Sofia Montaño,1234567890,yes,22,92,114,SIP/656
2026-08-19 12:12:59,CM cola Taller,Camila Mias,251,yes,13,53,66,SIP/251
2026-08-19 11:55:56,CM cola Taller,Lucia Sosa,499,yes,24,223,247,SIP/650
2026-08-19 11:50:35,CM cola Taller,Lucia Sosa,1234567890,yes,21,223,244,SIP/650
2026-08-19 11:46:18,CM cola Taller,Rocío Cornejo,1234567890,yes,6,185,191,SIP/651
2026-08-19 11:42:28,CM cola Taller,Sofia Montaño,1234567890,yes,118,149,267,SIP/656
2026-08-19 11:41:01,CM cola Taller,Rocío Cornejo,1234567890,yes,159,100,259,SIP/651
2026-08-19 11:40:02,SF cola Taller,Rocío Cornejo,1234567890,yes,33,169,202,SIP/651
2026-08-19 11:38:27,CM cola Taller,Sofia Montaño,1234567890,yes,89,211,300,SIP/656
2026-08-19 11:30:57,CM cola Taller,Lucia Sosa,1234567890,yes,16,176,192,SIP/650
2026-08-19 11:30:14,MPC cola Taller,Rocío Cornejo,1234567890,yes,8,66,74,SIP/651
2026-08-19 11:25:06,CM cola Taller,Sofia Montaño,1234567890,yes,14,118,132,SIP/656
2026-08-19 11:20:26,CM cola Taller,Rocío Cornejo,1234567890,yes,5,299,304,SIP/651
2026-08-19 11:18:13,CM cola Taller,Rocío Cornejo,1234567890,yes,14,48,62,SIP/651
2026-08-19 11:09:53,CM cola Taller,Rocío Cornejo,1234567890,yes,8,224,232,SIP/651
2026-08-19 11:08:12,CM cola Taller,Lucia Sosa,1234567890,yes,28,251,279,SIP/650
2026-08-19 11:07:27,CM cola Taller,,1234567890,no,0,0,0,
2026-08-19 11:03:27,SF cola Taller,Rocío Cornejo,1234567890,yes,11,176,187,SIP/651
2026-08-19 11:02:08,SF cola Taller,,1234567890,no,1,0,0,
2026-08-19 11:01:04,CM cola Taller,Lucia Sosa,1234567890,yes,29,334,363,SIP/650
2026-08-19 10:55:52,CM cola Taller,Sofia Montaño,1234567890,yes,9,152,161,SIP/656
2026-08-19 10:46:41,CM cola Taller,Sofia Montaño,1234567890,yes,16,162,178,SIP/656
2026-08-19 10:41:14,CM cola Taller,Camila Mias,251,yes,75,18,93,SIP/251
2026-08-19 10:38:28,CM cola Taller,Camila Mias,251,yes,116,26,142,SIP/251
2026-08-19 10:38:22,CM cola Taller,Maria de la Paz Gomez,250,yes,24,50,74,SIP/308
2026-08-19 10:34:34,CM cola Taller,Lucia Sosa,1234567890,yes,15,169,184,SIP/650
2026-08-19 10:32:21,CM cola Taller,Rocío Cornejo,1234567890,yes,9,230,239,SIP/651
2026-08-19 10:26:33,CM cola Taller,Lucia Sosa,1234567890,yes,36,91,127,SIP/650
2026-08-19 10:25:52,CM cola Taller,Rocío Cornejo,1234567890,yes,6,94,100,SIP/651
2026-08-19 10:24:48,CM cola Taller,Sofia Montaño,1234567890,yes,20,140,160,SIP/656
2026-08-19 10:21:17,CM cola Taller,Lucia Sosa,1234567890,yes,23,88,111,SIP/650
2026-08-19 10:18:58,CM cola Taller,Lucia Sosa,1234567890,yes,28,58,86,SIP/650
2026-08-19 10:17:48,CM cola Taller,Rocío Cornejo,1234567890,yes,30,243,273,SIP/651
2026-08-19 10:01:22,CM cola Taller,Rocío Cornejo,1234567890,yes,5,237,242,SIP/651
2026-08-19 09:52:42,MPC cola Taller,Lucia Sosa,1234567890,yes,40,146,186,SIP/650
2026-08-19 09:50:45,CM cola Taller,Lucia Sosa,1234567890,yes,10,119,129,SIP/650
2026-08-19 09:50:37,CM cola Taller,Rocío Cornejo,1234567890,yes,10,225,235,SIP/651
2026-08-19 09:41:48,MPC cola Taller,,1234567890,no,124,0,0,
2026-08-19 09:41:28,CM cola Taller,Lucia Sosa,1234567890,yes,17,140,157,SIP/650
2026-08-19 09:34:36,CM cola Taller,Lucia Sosa,1234567890,yes,16,215,231,SIP/650
2026-08-19 09:31:17,CM cola Taller,Camila Mias,251,yes,14,19,33,SIP/251
2026-08-19 09:28:16,CM cola Taller,,1234567890,no,0,0,0,
2026-08-19 09:15:51,CM cola Taller,Camila Mias,251,yes,37,26,63,SIP/251
2026-08-19 09:11:47,CM cola Taller,Lucia Sosa,1234567890,yes,13,383,396,SIP/650
2026-08-19 09:10:18,MPC cola Taller,Rocío Cornejo,1234567890,yes,13,337,350,SIP/651
2026-08-19 08:57:34,CM cola Taller,Rocío Cornejo,1234567890,yes,103,100,203,SIP/651
2026-08-19 08:56:17,CM cola Taller,Rocío Cornejo,1234567890,yes,6,135,141,SIP/651
2026-08-19 08:55:54,CM cola Taller,Camila Mias,251,yes,12,17,29,SIP/251
2026-08-19 08:51:13,CM cola Taller,Lucia Sosa,1234567890,yes,6,120,126,SIP/650
2026-08-19 08:38:02,MPC cola Taller,Rocío Cornejo,1234567890,yes,6,233,239,SIP/651
2026-08-19 08:26:33,CM cola Taller,Rocío Cornejo,1234567890,yes,15,208,223,SIP/651
2026-08-19 08:03:49,CM cola Taller,Lucia Sosa,1234567890,yes,11,264,275,SIP/650
2026-08-18 17:52:58,CM cola Taller,,1234567890,no,217,0,0,
2026-08-18 17:41:27,CM cola Taller,,1234567890,no,248,0,0,
2026-08-18 17:32:27,CM cola Taller,,1234567890,no,1365,0,0,
2026-08-18 17:24:25,CM cola Taller,,1234567890,no,479,0,0,
2026-08-18 17:19:05,CM cola Taller,,1234567890,no,94,0,0,
2026-08-18 17:16:05,CM cola Taller,Rocío Cornejo,1234567890,yes,331,138,469,SIP/651
2026-08-18 17:11:43,CM cola Taller,Rocío Cornejo,1234567890,yes,296,198,494,SIP/651
2026-08-18 16:56:40,CM cola Taller,Rocío Cornejo,1234567890,yes,56,205,261,SIP/651
2026-08-18 16:52:41,CM cola Taller,Rocío Cornejo,1234567890,yes,42,180,222,SIP/651
2026-08-18 16:47:36,CM cola Taller,Rocío Cornejo,1234567890,yes,13,122,135,SIP/651
2026-08-18 16:41:23,CM cola Taller,Rocío Cornejo,1234567890,yes,151,190,341,SIP/651
2026-08-18 16:41:04,CM cola Taller,Rocío Cornejo,1234567890,yes,9,154,163,SIP/651
2026-08-18 16:21:52,CM cola Taller,,1234567890,no,131,0,0,
2026-08-18 16:16:05,SF cola Taller,Rocío Cornejo,1234567890,yes,18,161,179,SIP/651
2026-08-18 16:14:25,MPC cola Taller,Rocío Cornejo,1234567890,yes,5,108,113,SIP/651
2026-08-18 16:11:20,SF cola Taller,,1234567890,no,151,0,0,
2026-08-18 16:10:09,CM cola Taller,Rocío Cornejo,1234567890,yes,5,242,247,SIP/651
2026-08-18 16:03:34,CM cola Taller,,1234567890,no,287,0,0,
2026-08-18 16:02:12,SF cola Taller,Rocío Cornejo,1234567890,yes,55,203,258,SIP/651
2026-08-18 16:00:13,CM cola Taller,,1234567890,no,25,0,0,
2026-08-18 15:59:13,CM cola Taller,Rocío Cornejo,1234567890,yes,121,106,227,SIP/651
2026-08-18 15:47:11,MPC cola Taller,,1234567890,no,121,0,0,
2026-08-18 15:43:00,CM cola Taller,Sofia Montaño,1234567890,yes,109,65,174,SIP/656
2026-08-18 15:20:08,CM cola Taller,Rocío Cornejo,1234567890,yes,213,88,301,SIP/651
2026-08-18 15:19:40,CM cola Taller,Sofia Montaño,1234567890,yes,146,160,306,SIP/656
2026-08-18 15:19:00,CM cola Taller,Rocío Cornejo,1234567890,yes,34,83,117,SIP/651
2026-08-18 15:18:16,CM cola Taller,Rocío Cornejo,1234567890,yes,222,87,309,SIP/651
2026-08-18 15:17:34,CM cola Taller,Sofia Montaño,1234567890,yes,46,210,256,SIP/656
2026-08-18 15:14:03,CM cola Taller,Sabrina Mercado,250,yes,13,26,39,SIP/250
2026-08-18 15:09:38,CM cola Taller,Sabrina Mercado,250,yes,9,139,148,SIP/250
2026-08-18 15:05:01,CM cola Taller,,1234567890,no,204,0,0,
2026-08-18 15:04:16,CM cola Taller,Sofia Montaño,1234567890,yes,64,148,212,SIP/656
2026-08-18 15:03:43,CM cola Taller,Rocío Cornejo,1234567890,yes,121,214,335,SIP/651
2026-08-18 14:53:06,SF cola Taller,Rocío Cornejo,1234567890,yes,126,204,330,SIP/651
2026-08-18 14:49:50,MPC cola Taller,Rocío Cornejo,1234567890,yes,18,198,216,SIP/651
2026-08-18 14:19:22,CM cola Taller,Sabrina Mercado,250,yes,298,13,311,SIP/250
2026-08-18 14:15:02,CM cola Taller,,1234567890,no,188,0,0,
2026-08-18 14:14:32,CM cola Taller,Sofia Montaño,1234567890,yes,64,153,217,SIP/656
2026-08-18 14:13:38,CM cola Taller,Sofia Montaño,1234567890,yes,8,87,95,SIP/656
2026-08-18 14:02:10,CM cola Taller,Sofia Montaño,1234567890,yes,3,174,177,SIP/656
2026-08-18 12:46:44,CM cola Taller,Alma Cordoba,1234567890,yes,21,168,189,SIP/655
2026-08-18 12:36:37,MPC cola Taller,Agustina Vargas,255,yes,148,25,173,SIP/255
2026-08-18 12:33:35,MPC cola Taller,Rocío Cornejo,1234567890,yes,149,206,355,SIP/651
2026-08-18 12:31:06,SF cola Taller,Sofia Montaño,1234567890,yes,3,210,213,SIP/656
2026-08-18 12:29:15,CM cola Taller,Sofia Montaño,1234567890,yes,29,57,86,SIP/656
2026-08-18 12:27:33,MPC cola Taller,Alma Cordoba,1234567890,yes,104,212,316,SIP/655
2026-08-18 12:26:51,MPC cola Taller,,1234567890,no,149,0,0,
2026-08-18 12:26:37,CM cola Taller,Rocío Cornejo,1234567890,yes,89,229,318,SIP/651
2026-08-18 12:26:16,MPC cola Taller,Luciano Segovia,1234567890,yes,2,1,3,SIP/657
2026-08-18 12:26:03,CM cola Taller,Sabrina Mercado,250,yes,80,42,122,SIP/250
2026-08-18 12:25:19,MPC cola Taller,Alma Cordoba,1234567890,yes,57,83,140,SIP/655
2026-08-18 12:24:04,SF cola Taller,Alma Cordoba,1234567890,yes,268,14,282,SIP/655
2026-08-18 12:23:07,CM cola Taller,Alma Cordoba,1234567890,yes,49,76,125,SIP/655
2026-08-18 12:21:56,SF cola Taller,Rocío Cornejo,1234567890,yes,41,318,359,SIP/651
2026-08-18 12:19:03,CM cola Taller,,1234567890,no,128,0,0,
2026-08-18 12:18:47,CM cola Taller,Sabrina Mercado,250,yes,111,39,150,SIP/250
2026-08-18 12:16:40,MPC cola Taller,Alma Cordoba,1234567890,yes,237,164,401,SIP/655
2026-08-18 12:15:43,CM cola Taller,Alma Cordoba,1234567890,yes,208,46,254,SIP/655
2026-08-18 12:14:28,MPC cola Taller,Sofia Montaño,1234567890,yes,7,161,168,SIP/656
2026-08-18 12:12:37,CM cola Taller,Alma Cordoba,1234567890,yes,41,60,101,SIP/655
2026-08-18 12:12:20,CM cola Taller,Rocío Cornejo,1234567890,yes,9,357,366,SIP/651
2026-08-18 12:05:30,CM cola Taller,Alma Cordoba,1234567890,yes,46,90,136,SIP/655
2026-08-18 12:04:38,MPC cola Taller,Rocío Cornejo,1234567890,yes,7,331,338,SIP/651
2026-08-18 12:01:59,MPC cola Taller,Rocío Cornejo,1234567890,yes,19,139,158,SIP/651
2026-08-18 12:01:03,CM cola Taller,Alma Cordoba,1234567890,yes,130,123,253,SIP/655
2026-08-18 11:59:11,SF cola Taller,Rocío Cornejo,1234567890,yes,44,138,182,SIP/651
2026-08-18 11:58:52,CM cola Taller,,1234567890,no,174,0,0,
2026-08-18 11:58:05,SF cola Taller,Alma Cordoba,1234567890,yes,152,106,258,SIP/655
2026-08-18 11:57:42,CM cola Taller,Alma Cordoba,1234567890,yes,16,97,113,SIP/655
2026-08-18 11:54:48,CM cola Taller,,1234567890,no,28,0,0,
2026-08-18 11:52:07,CM cola Taller,,1234567890,no,72,0,0,
2026-08-18 11:51:06,CM cola Taller,Sabrina Mercado,250,yes,242,82,324,SIP/250
2026-08-18 11:50:47,CM cola Taller,,1234567890,no,409,0,0,
2026-08-18 11:47:49,CM cola Taller,,1234567890,no,92,0,0,
2026-08-18 11:47:40,CM cola Taller,Sofia Montaño,1234567890,yes,396,151,547,SIP/656
2026-08-18 11:46:34,MPC cola Taller,Alma Cordoba,1234567890,yes,64,168,232,SIP/655
2026-08-18 11:46:22,CM cola Taller,,1234567890,no,216,0,0,
2026-08-18 11:44:43,CM cola Taller,Ivana Scarano,317,yes,512,31,543,SIP/317
2026-08-18 11:43:15,CM cola Taller,Alma Cordoba,1234567890,yes,531,49,580,SIP/655
2026-08-18 11:41:52,MPC cola Taller,Agustina Vargas,255,yes,330,22,352,SIP/255
2026-08-18 11:40:14,MPC cola Taller,,1234567890,no,33,0,0,
2026-08-18 11:40:05,MPC cola Taller,Sofia Montaño,1234567890,yes,94,42,136,SIP/656
2026-08-18 11:39:41,MPC cola Taller,Alma Cordoba,1234567890,yes,111,293,404,SIP/655
2026-08-18 11:39:26,MPC cola Taller,,1234567890,no,214,0,0,
2026-08-18 11:38:24,CM cola Taller,,1234567890,no,244,0,0,
2026-08-18 11:37:43,SF cola Taller,,1234567890,no,199,0,0,
2026-08-18 11:37:21,CM cola Taller,Sabrina Mercado,250,yes,625,28,653,SIP/250
2026-08-18 11:35:43,MPC cola Taller,Alma Cordoba,1234567890,yes,54,66,120,SIP/655
2026-08-18 11:35:24,CM cola Taller,Sofia Montaño,1234567890,yes,1003,114,1117,SIP/656
2026-08-18 11:34:39,CM cola Taller,,1234567890,no,14,0,0,
2026-08-18 11:33:46,MPC cola Taller,Alma Cordoba,1234567890,yes,63,17,80,SIP/655
2026-08-18 11:33:09,MPC cola Taller,Agustina Vargas,255,yes,19,67,86,SIP/255
2026-08-18 11:30:12,CM cola Taller,Sofia Montaño,1234567890,yes,941,357,1298,SIP/656
2026-08-18 11:28:54,MPC cola Taller,,1234567890,no,203,0,0,
2026-08-18 11:28:13,CM cola Taller,Camila Mias,251,yes,539,30,569,SIP/251
2026-08-18 11:27:30,MPC cola Taller,,1234567890,no,146,0,0,
2026-08-18 11:27:08,CM cola Taller,,1234567890,no,181,0,0,
2026-08-18 11:25:33,CM cola Taller,,1234567890,no,215,0,0,
2026-08-18 11:24:41,CM cola Taller,Alma Cordoba,1234567890,yes,585,13,598,SIP/655
2026-08-18 11:23:23,CM cola Taller,,1234567890,no,474,0,0,
2026-08-18 11:20:09,CM cola Taller,Sofia Montaño,1234567890,yes,455,226,681,SIP/656
2026-08-18 11:19:28,CM cola Taller,,1234567890,no,146,0,0,
2026-08-18 11:18:51,MPC cola Taller,,1234567890,no,424,0,0,
2026-08-18 11:15:51,CM cola Taller,Sabrina Mercado,250,yes,553,49,602,SIP/250
2026-08-18 11:14:21,MPC cola Taller,,1234567890,no,295,0,0,
2026-08-18 11:13:51,MPC cola Taller,Alma Cordoba,1234567890,yes,272,168,440,SIP/655
2026-08-18 11:13:41,CM cola Taller,,1234567890,no,439,0,0,
2026-08-18 11:13:26,CM cola Taller,,1234567890,no,0,0,0,
2026-08-18 11:13:06,CM cola Taller,Alma Cordoba,1234567890,yes,511,88,599,SIP/655
2026-08-18 11:10:42,MPC cola Taller,Agustina Vargas,255,yes,153,16,169,SIP/255
2026-08-18 11:10:19,CM cola Taller,Sofia Montaño,503,yes,148,866,1014,SIP/656
2026-08-18 11:08:53,MPC cola Taller,,1234567890,no,71,0,0,
2026-08-18 11:06:43,CM cola Taller,Alma Cordoba,1234567890,yes,225,124,349,SIP/655
2026-08-18 11:05:39,MPC cola Taller,,1234567890,no,420,0,0,
2026-08-18 11:04:48,CM cola Taller,,1234567890,no,166,0,0,
2026-08-18 11:04:24,MPC cola Taller,Sofia Montaño,1234567890,yes,246,211,457,SIP/656
2026-08-18 11:03:48,CM cola Taller,Sofia Montaño,1234567890,yes,71,204,275,SIP/656
2026-08-18 11:02:34,CM cola Taller,Alma Cordoba,1234567890,yes,213,171,384,SIP/655
2026-08-18 10:59:36,CM cola Taller,Sofia Montaño,1234567890,yes,169,111,280,SIP/656
2026-08-18 10:57:39,SF cola Taller,Sofia Montaño,1234567890,yes,183,866,1049,SIP/656
2026-08-18 10:56:21,CM cola Taller,,1234567890,no,429,0,0,
2026-08-18 10:54:11,CM cola Taller,,1234567890,no,370,0,0,
2026-08-18 10:52:46,CM cola Taller,Alma Cordoba,1234567890,yes,292,91,383,SIP/655
2026-08-18 10:50:50,CM cola Taller,Sofia Montaño,1234567890,yes,169,153,322,SIP/656
2026-08-18 10:50:20,CM cola Taller,Sofia Montaño,1234567890,yes,360,138,498,SIP/656
2026-08-18 10:48:11,CM cola Taller,,1234567890,no,131,0,0,
2026-08-18 10:47:16,CM cola Taller,,1234567890,no,274,0,0,
2026-08-18 10:45:48,CM cola Taller,,1234567890,no,70,0,0,
2026-08-18 10:44:47,MPC cola Taller,Alma Cordoba,1234567890,yes,8,88,96,SIP/655
2026-08-18 10:44:44,CM cola Taller,Alma Cordoba,1234567890,yes,136,594,730,SIP/655
2026-08-18 10:43:49,CM cola Taller,,1234567890,no,47,0,0,
2026-08-18 10:42:36,CM cola Taller,,1234567890,no,210,0,0,
2026-08-18 10:40:59,CM cola Taller,Alma Cordoba,1234567890,yes,181,45,226,SIP/655
2026-08-18 10:40:53,CM cola Taller,,1234567890,no,89,0,0,
2026-08-18 10:39:46,MPC cola Taller,Alma Cordoba,1234567890,yes,103,119,222,SIP/655
2026-08-18 10:36:56,CM cola Taller,,1234567890,no,361,0,0,
2026-08-18 10:36:16,CM cola Taller,Sofia Montaño,1234567890,yes,178,684,862,SIP/656
2026-08-18 10:33:34,SF cola Taller,,1234567890,no,179,0,0,
2026-08-18 10:33:25,MPC cola Taller,Alma Cordoba,1234567890,yes,126,324,450,SIP/655
2026-08-18 10:33:18,CM cola Taller,,1234567890,no,185,0,0,
2026-08-18 10:32:03,MPC cola Taller,Alma Cordoba,1234567890,yes,40,153,193,SIP/655
2026-08-18 10:31:40,CM cola Taller,,1234567890,no,81,0,0,
2026-08-18 10:31:03,CM cola Taller,,1234567890,no,31,0,0,
2026-08-18 10:30:35,CM cola Taller,Sofia Montaño,1234567890,yes,432,80,512,SIP/656
2026-08-18 10:28:47,MPC cola Taller,,1234567890,no,130,0,0,
2026-08-18 10:25:04,CM cola Taller,Alma Cordoba,1234567890,yes,67,137,204,SIP/655
2026-08-18 10:22:22,CM cola Taller,,1234567890,no,148,0,0,
2026-08-18 10:19:27,CM cola Taller,,1234567890,no,194,0,0,
2026-08-18 10:19:19,MPC cola Taller,,1234567890,no,250,0,0,
2026-08-18 10:16:26,MPC cola Taller,Agustina Vargas,255,yes,93,42,135,SIP/255
2026-08-18 10:14:26,CM cola Taller,Alma Cordoba,1234567890,yes,524,153,677,SIP/655
2026-08-18 10:13:22,CM cola Taller,Sofia Montaño,1234567890,yes,518,626,1144,SIP/656
2026-08-18 10:12:32,CM cola Taller,Alma Cordoba,1234567890,yes,173,367,540,SIP/655
2026-08-18 10:12:19,MPC cola Taller,Agustina Vargas,255,yes,2,148,150,SIP/255
2026-08-18 10:11:27,CM cola Taller,,1234567890,no,1,0,0,
2026-08-18 10:10:21,CM cola Taller,Alma Cordoba,1234567890,yes,44,231,275,SIP/655
2026-08-18 10:08:22,MPC cola Taller,,1234567890,no,20,0,0,
2026-08-18 10:07:19,MPC cola Taller,Sofia Montaño,255,yes,38,208,246,SIP/656
2026-08-18 10:06:50,CM cola Taller,,1234567890,no,174,0,0,
2026-08-18 09:59:47,CM cola Taller,Sabrina Mercado,250,yes,200,22,222,SIP/250
2026-08-18 09:59:36,CM cola Taller,,1234567890,no,152,0,0,
2026-08-18 09:59:10,CM cola Taller,,1234567890,no,369,0,0,
2026-08-18 09:59:02,MPC cola Taller,Sofia Montaño,1234567890,yes,215,294,509,SIP/656
2026-08-18 09:58:15,CM cola Taller,Sabrina Mercado,250,yes,447,31,478,SIP/250
2026-08-18 09:57:11,CM cola Taller,,1234567890,no,34,0,0,
2026-08-18 09:56:02,CM cola Taller,,1234567890,no,428,0,0,
2026-08-18 09:54:34,CM cola Taller,,1234567890,no,110,0,0,
2026-08-18 09:54:03,MPC cola Taller,,1234567890,no,148,0,0,
2026-08-18 09:53:34,MPC cola Taller,,1234567890,no,112,0,0,
2026-08-18 09:51:48,CM cola Taller,,1234567890,no,339,0,0,
2026-08-18 09:51:45,MPC cola Taller,,1234567890,no,109,0,0,
2026-08-18 09:50:58,CM cola Taller,Alma Cordoba,1234567890,yes,1010,160,1170,SIP/655
2026-08-18 09:50:28,CM cola Taller,Sofia Montaño,1234567890,yes,631,83,714,SIP/656
2026-08-18 09:50:07,CM cola Taller,Alma Cordoba,1234567890,yes,553,178,731,SIP/655
2026-08-18 09:50:00,CM cola Taller,,1234567890,no,464,0,0,
2026-08-18 09:49:38,CM cola Taller,,1234567890,no,356,0,0,
2026-08-18 09:48:10,CM cola Taller,,1234567890,no,72,0,0,
2026-08-18 09:46:29,CM cola Taller,,1234567890,no,116,0,0,
2026-08-18 09:45:14,CM cola Taller,,1234567890,no,273,0,0,
2026-08-18 09:44:54,CM cola Taller,Alma Cordoba,1234567890,yes,499,334,833,SIP/655
2026-08-18 09:43:30,CM cola Taller,Alma Cordoba,1234567890,yes,297,242,539,SIP/655
2026-08-18 09:42:24,MPC cola Taller,Alma Cordoba,1234567890,yes,213,112,325,SIP/655
2026-08-18 09:42:10,CM cola Taller,,1234567890,no,127,0,0,
2026-08-18 09:39:41,CM cola Taller,Alma Cordoba,1234567890,yes,57,91,148,SIP/655
2026-08-18 09:37:21,MPC cola Taller,Alma Cordoba,1234567890,yes,60,92,152,SIP/655
2026-08-18 09:34:26,CM cola Taller,Alma Cordoba,1234567890,yes,31,134,165,SIP/655
2026-08-18 09:29:31,CM cola Taller,Alma Cordoba,1234567890,yes,121,120,241,SIP/655
2026-08-18 09:25:06,CM cola Taller,Sabrina Mercado,250,yes,211,23,234,SIP/250
2026-08-18 09:20:02,CM cola Taller,Alma Cordoba,1234567890,yes,292,89,381,SIP/655
2026-08-18 09:19:20,CM cola Taller,Alma Cordoba,1234567890,yes,128,165,293,SIP/655
2026-08-18 09:19:19,MPC cola Taller,,1234567890,no,270,0,0,
2026-08-18 09:17:31,CM cola Taller,Alma Cordoba,1234567890,yes,33,145,178,SIP/655
2026-08-18 09:16:09,CM cola Taller,,1234567890,no,39,0,0,
2026-08-18 09:11:42,MPC cola Taller,,1234567890,no,162,0,0,
2026-08-18 09:11:23,MPC cola Taller,Alma Cordoba,1234567890,yes,84,214,298,SIP/655
2026-08-18 09:08:15,MPC cola Taller,,1234567890,no,93,0,0,
2026-08-18 09:05:40,CM cola Taller,,1234567890,no,575,0,0,
2026-08-18 09:05:04,CM cola Taller,,1234567890,no,301,0,0,
2026-08-18 09:04:10,CM cola Taller,,1234567890,no,386,0,0,
2026-08-18 09:03:27,MPC cola Taller,,1234567890,no,420,0,0,
2026-08-18 09:03:05,CM cola Taller,Sabrina Mercado,250,yes,285,39,324,SIP/250
2026-08-18 08:59:45,CM cola Taller,Alma Cordoba,1234567890,yes,345,66,411,SIP/655
2026-08-18 08:59:13,CM cola Taller,,1234567890,no,505,0,0,
2026-08-18 08:58:47,CM cola Taller,Alma Cordoba,1234567890,yes,199,102,301,SIP/655
2026-08-18 08:57:25,CM cola Taller,,1234567890,no,210,0,0,
2026-08-18 08:56:16,CM cola Taller,,1234567890,no,25,0,0,
2026-08-18 08:55:44,SF cola Taller,Alma Cordoba,1234567890,yes,59,270,329,SIP/655
2026-08-18 08:50:08,CM cola Taller,,1234567890,no,225,0,0,
2026-08-18 08:49:44,MPC cola Taller,Alma Cordoba,1234567890,yes,72,239,311,SIP/655
2026-08-18 08:47:38,CM cola Taller,Alma Cordoba,1234567890,yes,43,128,171,SIP/655
2026-08-18 08:41:41,CM cola Taller,Alma Cordoba,1234567890,yes,138,211,349,SIP/655
2026-08-18 08:39:55,CM cola Taller,Sabrina Mercado,250,yes,147,46,193,SIP/250
2026-08-18 08:37:59,SF cola Taller,,1234567890,no,2,0,0,
2026-08-18 08:37:10,SF cola Taller,Alma Cordoba,1234567890,yes,91,104,195,SIP/655
2026-08-18 08:32:49,CM cola Taller,Alma Cordoba,503,yes,258,46,304,SIP/655
2026-08-18 08:28:11,CM cola Taller,,1234567890,no,234,0,0,
2026-08-18 08:24:52,CM cola Taller,Alma Cordoba,1234567890,yes,104,46,150,SIP/655
2026-08-18 08:24:50,MPC cola Taller,Alma Cordoba,1234567890,yes,310,162,472,SIP/655
2026-08-18 08:23:37,CM cola Taller,Alma Cordoba,1234567890,yes,9,163,172,SIP/655
2026-08-18 08:16:12,CM cola Taller,Alma Cordoba,1234567890,yes,12,91,103,SIP/655
2026-08-18 08:08:33,CM cola Taller,Alma Cordoba,1234567890,yes,11,139,150,SIP/655
2026-08-18 08:04:02,CM cola Taller,Alma Cordoba,1234567890,yes,67,101,168,SIP/655
2026-08-18 08:03:43,CM cola Taller,Alma Cordoba,1234567890,yes,8,71,79,SIP/655
2026-08-14 17:57:36,CM cola Taller,,1234567890,no,60,0,0,
2026-08-14 17:45:24,CM cola Taller,,1234567890,no,46,0,0,
2026-08-14 17:36:06,CM cola Taller,Alma Cordoba,1234567890,yes,14,129,143,SIP/655
2026-08-14 17:15:12,CM cola Taller,Alma Cordoba,1234567890,yes,208,159,367,SIP/655
2026-08-14 17:00:47,CM cola Taller,,1234567890,no,810,0,0,
2026-08-14 16:50:19,CM cola Taller,,1234567890,no,222,0,0,
2026-08-14 16:41:27,CM cola Taller,Alma Cordoba,1234567890,yes,356,226,582,SIP/655
2026-08-14 16:41:10,CM cola Taller,,1234567890,no,241,0,0,
2026-08-14 16:40:30,CM cola Taller,Alma Cordoba,1234567890,yes,94,207,301,SIP/655
2026-08-14 16:33:14,MPC cola Taller,Alma Cordoba,1234567890,yes,199,205,404,SIP/655
2026-08-14 16:31:27,CM cola Taller,Alma Cordoba,1234567890,yes,89,181,270,SIP/655
2026-08-14 16:28:13,MPC cola Taller,Alma Cordoba,1234567890,yes,97,118,215,SIP/655
2026-08-14 16:25:58,MPC cola Taller,,1234567890,no,402,0,0,
2026-08-14 16:24:55,CM cola Taller,Alma Cordoba,1234567890,yes,56,156,212,SIP/655
2026-08-14 16:15:09,SF cola Taller,,1234567890,no,287,0,0,
2026-08-14 16:04:38,CM cola Taller,,1234567890,no,113,0,0,
2026-08-14 16:02:43,CM cola Taller,Alma Cordoba,1234567890,yes,142,133,275,SIP/655
2026-08-14 16:01:13,CM cola Taller,Alma Cordoba,1234567890,yes,81,130,211,SIP/655
2026-08-14 15:54:16,CM cola Taller,,1234567890,no,0,0,0,
2026-08-14 15:41:12,CM cola Taller,,1234567890,no,371,0,0,
2026-08-14 15:40:30,CM cola Taller,Sofia Montaño,1234567890,yes,347,300,647,SIP/656
2026-08-14 15:39:01,CM cola Taller,,1234567890,no,15,0,0,
2026-08-14 15:27:44,CM cola Taller,Alma Cordoba,1234567890,yes,114,96,210,SIP/655
2026-08-14 15:21:50,CM cola Taller,Alma Cordoba,1234567890,yes,94,127,221,SIP/655
2026-08-14 15:13:48,CM cola Taller,Alma Cordoba,1234567890,yes,170,225,395,SIP/655
2026-08-14 15:11:41,CM cola Taller,,1234567890,no,177,0,0,
2026-08-14 15:11:20,CM cola Taller,Alma Cordoba,1234567890,yes,20,171,191,SIP/655
2026-08-14 15:09:54,CM cola Taller,,1234567890,no,0,0,0,
2026-08-14 15:07:25,CM cola Taller,Alma Cordoba,1234567890,yes,11,94,105,SIP/655
2026-08-14 15:01:37,CM cola Taller,Sabrina Mercado,250,yes,17,33,50,SIP/250
2026-08-14 14:52:56,SF cola Taller,Alma Cordoba,1234567890,yes,26,44,70,SIP/655
2026-08-14 14:44:11,CM cola Taller,Alma Cordoba,1234567890,yes,11,156,167,SIP/655
2026-08-14 14:42:15,CM cola Taller,,499,yes,21,89,110,SIP/499
2026-08-14 14:19:12,CM cola Taller,Alma Cordoba,1234567890,yes,24,135,159,SIP/655
2026-08-14 14:14:26,CM cola Taller,,499,yes,8,192,200,SIP/499
2026-08-14 14:05:07,CM cola Taller,Sofia Montaño,1234567890,yes,7,425,432,SIP/656
2026-08-14 12:53:56,CM cola Taller,Alma Cordoba,1234567890,yes,21,95,116,SIP/655
2026-08-14 12:48:02,CM cola Taller,Rocío Cornejo,1234567890,yes,14,164,178,SIP/651
2026-08-14 12:46:12,CM cola Taller,Sabrina Mercado,250,yes,48,34,82,SIP/250
2026-08-14 12:42:52,CM cola Taller,Lucia Sosa,1234567890,yes,24,144,168,SIP/650
2026-08-14 12:41:24,CM cola Taller,Sabrina Mercado,250,yes,82,19,101,SIP/250
2026-08-14 12:39:42,CM cola Taller,Alma Cordoba,1234567890,yes,168,213,381,SIP/655
2026-08-14 12:34:14,CM cola Taller,,1234567890,no,324,0,0,
2026-08-14 12:33:31,CM cola Taller,Alma Cordoba,1234567890,yes,180,323,503,SIP/655
2026-08-14 12:32:38,CM cola Taller,Rocío Cornejo,1234567890,yes,105,291,396,SIP/651
2026-08-14 12:32:34,CM cola Taller,Lucia Sosa,1234567890,yes,25,202,227,SIP/650
2026-08-14 12:30:22,CM cola Taller,,1234567890,no,1,0,0,
2026-08-14 12:26:47,CM cola Taller,Rocío Cornejo,1234567890,yes,8,193,201,SIP/651
2026-08-14 12:19:52,CM cola Taller,Lucia Sosa,1234567890,yes,17,303,320,SIP/650
2026-08-14 12:13:07,CM cola Taller,Lucia Sosa,1234567890,yes,20,35,55,SIP/650
2026-08-14 12:05:14,CM cola Taller,Rocío Cornejo,1234567890,yes,14,230,244,SIP/651
2026-08-14 11:57:22,CM cola Taller,Sofia Montaño,1234567890,yes,12,1131,1143,SIP/656
2026-08-14 11:52:03,CM cola Taller,Lucia Sosa,1234567890,yes,87,192,279,SIP/650
2026-08-14 11:47:33,SF cola Taller,Sofia Montaño,1234567890,yes,141,283,424,SIP/656
2026-08-14 11:47:01,CM cola Taller,Sabrina Mercado,250,yes,12,34,46,SIP/250
2026-08-14 11:45:18,CM cola Taller,,1234567890,no,1,0,0,
2026-08-14 11:44:22,MPC cola Taller,Sofia Montaño,1234567890,yes,6,87,93,SIP/656
2026-08-14 11:37:52,CM cola Taller,Sabrina Mercado,250,yes,32,41,73,SIP/250
2026-08-14 11:32:09,CM cola Taller,Sabrina Mercado,250,yes,6,18,24,SIP/250
2026-08-14 11:30:06,CM cola Taller,,1234567890,no,1,0,0,
2026-08-14 11:25:40,CM cola Taller,Lucia Sosa,1234567890,yes,10,76,86,SIP/650
2026-08-14 11:24:35,CM cola Taller,Sabrina Mercado,250,yes,5,18,23,SIP/250
2026-08-14 11:19:32,CM cola Taller,Lucia Sosa,1234567890,yes,120,112,232,SIP/650
2026-08-14 11:18:33,CM cola Taller,,1234567890,no,15,0,0,
2026-08-14 11:16:17,CM cola Taller,,1234567890,no,60,0,0,
2026-08-14 11:14:11,MPC cola Taller,Lucia Sosa,1234567890,yes,13,135,148,SIP/650
2026-08-14 11:13:40,CM cola Taller,,1234567890,no,0,0,0,
2026-08-14 11:12:19,CM cola Taller,,1234567890,no,1,0,0,
2026-08-14 11:11:01,CM cola Taller,,1234567890,no,1,0,0,
2026-08-14 11:09:10,CM cola Taller,Lucia Sosa,1234567890,yes,24,193,217,SIP/650
2026-08-14 10:59:44,CM cola Taller,Camila Mias,251,yes,13,21,34,SIP/251
2026-08-14 10:58:25,CM cola Taller,Lucia Sosa,1234567890,yes,10,99,109,SIP/650
2026-08-14 10:57:56,CM cola Taller,,1234567890,no,1,0,0,
2026-08-14 10:53:37,CM cola Taller,Sofia Montaño,1234567890,yes,21,77,98,SIP/656
2026-08-14 10:50:11,CM cola Taller,Sofia Montaño,1234567890,yes,19,58,77,SIP/656
2026-08-14 10:46:49,CM cola Taller,Lucia Sosa,1234567890,yes,8,113,121,SIP/650
2026-08-14 10:44:23,CM cola Taller,Sofia Montaño,1234567890,yes,13,300,313,SIP/656
2026-08-14 10:38:23,CM cola Taller,Sofia Montaño,1234567890,yes,11,304,315,SIP/656
2026-08-14 10:36:21,CM cola Taller,,1234567890,no,0,0,0,
2026-08-14 10:36:01,MPC cola Taller,Lucia Sosa,1234567890,yes,13,624,637,SIP/650
2026-08-14 10:32:52,CM cola Taller,Sofia Montaño,1234567890,yes,6,253,259,SIP/656
2026-08-14 10:28:16,CM cola Taller,Martin Jalil,503,yes,6,13,19,SIP/503
2026-08-14 10:20:54,SF cola Taller,,1234567890,no,0,0,0,
2026-08-14 10:19:47,CM cola Taller,Lucia Sosa,1234567890,yes,55,562,617,SIP/650
2026-08-14 10:19:23,CM cola Taller,Sofia Montaño,1234567890,yes,8,98,106,SIP/656
2026-08-14 10:10:57,CM cola Taller,Sofia Montaño,1234567890,yes,15,250,265,SIP/656
2026-08-14 10:10:37,SF cola Taller,,1234567890,no,1,0,0,
2026-08-14 10:10:03,CM cola Taller,,1234567890,no,0,0,0,
2026-08-14 09:52:57,CM cola Taller,Lucia Sosa,1234567890,yes,8,76,84,SIP/650
2026-08-14 09:46:10,CM cola Taller,,499,yes,18,15,33,SIP/499
2026-08-14 09:30:20,CM cola Taller,Lucia Sosa,1234567890,yes,208,164,372,SIP/650
2026-08-14 09:29:20,CM cola Taller,,1234567890,no,1,0,0,
2026-08-14 09:26:27,CM cola Taller,Camila Mias,251,yes,202,17,219,SIP/251
2026-08-14 09:26:00,MPC cola Taller,Lucia Sosa,1234567890,yes,326,125,451,SIP/650
2026-08-14 09:20:12,CM cola Taller,,1234567890,no,1,0,0,
2026-08-14 09:19:01,CM cola Taller,,1234567890,no,1,0,0,
2026-08-14 09:18:09,MPC cola Taller,,1234567890,no,422,0,0,
2026-08-14 09:17:25,CM cola Taller,Lucia Sosa,1234567890,yes,25,691,716,SIP/650
2026-08-14 09:15:45,CM cola Taller,Lucia Sosa,1234567890,yes,11,62,73,SIP/650
2026-08-14 09:07:19,CM cola Taller,Lucia Sosa,1234567890,yes,53,403,456,SIP/650
2026-08-14 09:02:45,CM cola Taller,Lucia Sosa,1234567890,yes,11,241,252,SIP/650
2026-08-14 08:49:19,CM cola Taller,Lucia Sosa,1234567890,yes,17,80,97,SIP/650
2026-08-14 08:44:16,CM cola Taller,Lucia Sosa,1234567890,yes,10,176,186,SIP/650
2026-08-14 08:32:49,MPC cola Taller,Lucia Sosa,1234567890,yes,6,161,167,SIP/650
2026-08-14 08:30:20,CM cola Taller,,1234567890,no,1,0,0,
2026-08-14 08:20:50,CM cola Taller,Lucia Sosa,1234567890,yes,11,31,42,SIP/650
2026-08-14 08:10:59,MPC cola Taller,Lucia Sosa,1234567890,yes,55,134,189,SIP/650
2026-08-14 08:10:10,CM cola Taller,Lucia Sosa,1234567890,yes,12,81,93,SIP/650
2026-08-13 17:51:32,CM cola Taller,,1234567890,no,49,0,0,
2026-08-13 17:02:17,CM cola Taller,,1234567890,no,107,0,0,
2026-08-13 17:00:09,CM cola Taller,,1234567890,no,5,0,0,
2026-08-13 16:58:24,CM cola Taller,,1234567890,no,0,0,0,
2026-08-13 16:58:16,CM cola Taller,Rocío Cornejo,1234567890,yes,979,178,1157,SIP/651
2026-08-13 16:53:54,SF cola Taller,,1234567890,no,407,0,0,
2026-08-13 16:48:59,CM cola Taller,,1234567890,no,1,0,0,
2026-08-13 16:46:11,CM cola Taller,,1234567890,no,2,0,0,
2026-08-13 16:45:51,SF cola Taller,,1234567890,no,422,0,0,
2026-08-13 16:39:31,CM cola Taller,Sabrina Mercado,250,yes,302,19,321,SIP/250
2026-08-13 16:35:42,CM cola Taller,Sabrina Mercado,250,yes,166,24,190,SIP/250
2026-08-13 16:33:50,CM cola Taller,Alma Cordoba,1234567890,yes,420,170,590,SIP/655
2026-08-13 16:33:48,CM cola Taller,,1234567890,no,21,0,0,
2026-08-13 16:33:12,CM cola Taller,,1234567890,no,107,0,0,
2026-08-13 16:29:19,CM cola Taller,,1234567890,no,422,0,0,
2026-08-13 16:24:09,CM cola Taller,,1234567890,no,499,0,0,
2026-08-13 16:18:07,CM cola Taller,Alma Cordoba,1234567890,yes,1110,148,1258,SIP/655
2026-08-13 16:17:20,MPC cola Taller,,1234567890,no,420,0,0,
2026-08-13 16:15:30,CM cola Taller,,1234567890,no,746,0,0,
2026-08-13 16:14:50,MPC cola Taller,Alma Cordoba,1234567890,yes,5,130,135,SIP/655
2026-08-13 16:11:38,SF cola Taller,Alma Cordoba,1234567890,yes,6,4,10,SIP/655
2026-08-13 15:51:02,CM cola Taller,Rocío Cornejo,1234567890,yes,8,361,369,SIP/651
2026-08-13 15:43:30,CM cola Taller,Alma Cordoba,1234567890,yes,19,203,222,SIP/655
2026-08-13 15:38:23,CM cola Taller,,1234567890,no,2,0,0,
2026-08-13 15:36:35,CM cola Taller,Rocío Cornejo,1234567890,yes,19,150,169,SIP/651
2026-08-13 15:34:33,CM cola Taller,Camila Mias,251,yes,28,18,46,SIP/251
2026-08-13 15:33:28,CM cola Taller,Rocío Cornejo,1234567890,yes,29,148,177,SIP/651
2026-08-13 15:32:16,CM cola Taller,Alma Cordoba,1234567890,yes,17,134,151,SIP/655
2026-08-13 15:31:48,CM cola Taller,,1234567890,no,2,0,0,
2026-08-13 15:29:42,CM cola Taller,Sabrina Mercado,250,yes,9,42,51,SIP/250
2026-08-13 15:06:26,CM cola Taller,Sabrina Mercado,250,yes,5,62,67,SIP/250
2026-08-13 15:05:33,CM cola Taller,Rocío Cornejo,1234567890,yes,54,125,179,SIP/651
2026-08-13 15:02:21,SF cola Taller,Alma Cordoba,1234567890,yes,52,47,99,SIP/655
2026-08-13 14:59:50,CM cola Taller,Ivana Scarano,317,yes,14,82,96,SIP/317
2026-08-13 14:58:10,CM cola Taller,,1234567890,no,3,0,0,
2026-08-13 14:56:58,CM cola Taller,,1234567890,no,1,0,0,
2026-08-13 14:35:19,MPC cola Taller,Rocío Cornejo,1234567890,yes,8,117,125,SIP/651
2026-08-13 14:25:33,CM cola Taller,Rocío Cornejo,1234567890,yes,5,294,299,SIP/651
2026-08-13 14:24:13,CM cola Taller,,1234567890,no,2,0,0,
2026-08-13 14:20:52,SF cola Taller,Rocío Cornejo,1234567890,yes,50,76,126,SIP/651
2026-08-13 14:18:36,CM cola Taller,Alma Cordoba,1234567890,yes,15,198,213,SIP/655
2026-08-13 14:13:18,SF cola Taller,Alma Cordoba,1234567890,yes,3,147,150,SIP/655
2026-08-13 14:12:50,MPC cola Taller,Rocío Cornejo,1234567890,yes,4,185,189,SIP/651
2026-08-13 14:12:06,SF cola Taller,,1234567890,no,0,0,0,
2026-08-13 14:04:31,CM cola Taller,Alma Cordoba,1234567890,yes,16,223,239,SIP/655
2026-08-13 14:03:59,CM cola Taller,,1234567890,no,2,0,0,
2026-08-13 12:53:39,MPC cola Taller,,1234567890,no,74,0,0,
2026-08-13 12:50:31,CM cola Taller,Sofia Montaño,1234567890,yes,5,169,174,SIP/656
2026-08-13 12:50:05,MPC cola Taller,Alma Cordoba,1234567890,yes,9,178,187,SIP/655
2026-08-13 12:49:41,CM cola Taller,,1234567890,no,0,0,0,
2026-08-13 12:44:31,CM cola Taller,Rocío Cornejo,1234567890,yes,127,158,285,SIP/651
2026-08-13 12:44:05,CM cola Taller,Tania Bazan,1234567890,yes,88,89,177,SIP/659
2026-08-13 12:43:38,CM cola Taller,,1234567890,no,2,0,0,
2026-08-13 12:36:50,CM cola Taller,,1234567890,no,4,0,0,
2026-08-13 12:33:51,CM cola Taller,Alma Cordoba,1234567890,yes,32,225,257,SIP/655
2026-08-13 12:28:59,CM cola Taller,Sabrina Mercado,250,yes,14,64,78,SIP/250
2026-08-13 12:24:19,CM cola Taller,Tania Bazan,1234567890,yes,8,194,202,SIP/659
2026-08-13 12:22:50,CM cola Taller,Rocío Cornejo,1234567890,yes,51,142,193,SIP/651
2026-08-13 12:21:25,CM cola Taller,Alma Cordoba,1234567890,yes,27,182,209,SIP/655
2026-08-13 12:15:17,CM cola Taller,,1234567890,no,1,0,0,
2026-08-13 12:14:24,CM cola Taller,,1234567890,no,1,0,0,
2026-08-13 12:14:16,CM cola Taller,Sofia Montaño,1234567890,yes,26,190,216,SIP/656
2026-08-13 12:13:06,MPC cola Taller,Rocío Cornejo,1234567890,yes,142,163,305,SIP/651
2026-08-13 12:12:50,CM cola Taller,Alma Cordoba,1234567890,yes,19,163,182,SIP/655
2026-08-13 12:11:42,CM cola Taller,,1234567890,no,1,0,0,
2026-08-13 12:10:46,MPC cola Taller,Alma Cordoba,1234567890,yes,6,12,18,SIP/655
2026-08-13 12:10:32,CM cola Taller,Tania Bazan,1234567890,yes,7,545,552,SIP/659
2026-08-13 12:08:50,CM cola Taller,Rocío Cornejo,1234567890,yes,9,230,239,SIP/651
2026-08-13 12:06:21,CM cola Taller,Tania Bazan,1234567890,yes,6,43,49,SIP/659
2026-08-13 12:05:32,CM cola Taller,,1234567890,no,1,0,0,
2026-08-13 12:05:06,CM cola Taller,Sofia Montaño,1234567890,yes,3,100,103,SIP/656
2026-08-13 12:03:47,CM cola Taller,,1234567890,no,1,0,0,
2026-08-13 11:56:47,CM cola Taller,,1234567890,no,0,0,0,
2026-08-13 11:47:10,CM cola Taller,,499,yes,16,174,190,SIP/499
2026-08-13 11:43:01,CM cola Taller,Alma Cordoba,1234567890,yes,13,65,78,SIP/655
2026-08-13 11:41:51,CM cola Taller,,1234567890,no,0,0,0,
2026-08-13 11:38:59,CM cola Taller,,1234567890,no,0,0,0,
2026-08-13 11:29:31,CM cola Taller,,499,yes,82,18,100,SIP/499
2026-08-13 11:29:05,CM cola Taller,Sabrina Mercado,250,yes,12,85,97,SIP/250
2026-08-13 11:26:09,CM cola Taller,Alma Cordoba,1234567890,yes,12,35,47,SIP/655
2026-08-13 11:24:06,CM cola Taller,Tania Bazan,1234567890,yes,10,126,136,SIP/659
2026-08-13 11:23:11,CM cola Taller,,1234567890,no,1,0,0,
2026-08-13 11:16:33,CM cola Taller,Alma Cordoba,1234567890,yes,9,171,180,SIP/655
2026-08-13 11:15:21,CM cola Taller,,1234567890,no,3,0,0,
2026-08-13 11:13:01,CM cola Taller,Sofia Montaño,1234567890,yes,5,307,312,SIP/656
2026-08-13 11:12:37,SF cola Taller,Tania Bazan,1234567890,yes,7,160,167,SIP/659
2026-08-13 11:03:09,CM cola Taller,Tania Bazan,1234567890,yes,5,284,289,SIP/659
2026-08-13 10:59:24,SF cola Taller,Sofia Montaño,1234567890,yes,152,150,302,SIP/656
2026-08-13 10:58:19,CM cola Taller,Sabrina Mercado,250,yes,193,42,235,SIP/250
2026-08-13 10:57:59,CM cola Taller,,1234567890,no,0,0,0,
2026-08-13 10:56:57,CM cola Taller,Alma Cordoba,1234567890,yes,82,163,245,SIP/655
2026-08-13 10:56:37,CM cola Taller,,1234567890,no,1,0,0,
2026-08-13 10:52:51,MPC cola Taller,Tania Bazan,1234567890,yes,224,205,429,SIP/659
2026-08-13 10:44:51,MPC cola Taller,Agustina Vargas,255,yes,420,128,548,SIP/255
2026-08-13 10:42:57,CM cola Taller,,1234567890,no,0,0,0,
2026-08-13 10:39:33,CM cola Taller,,1234567890,no,136,0,0,
2026-08-13 10:38:28,CM cola Taller,,1234567890,no,3,0,0,
2026-08-13 10:35:21,CM cola Taller,,1234567890,no,51,0,0,
2026-08-13 10:28:09,CM cola Taller,Sofia Montaño,1234567890,yes,79,265,344,SIP/656
2026-08-13 10:27:28,CM cola Taller,,1234567890,no,0,0,0,
2026-08-13 10:25:15,CM cola Taller,Sofia Montaño,503,yes,89,116,205,SIP/656
2026-08-13 10:21:49,CM cola Taller,Sofia Montaño,1234567890,yes,24,138,162,SIP/656
2026-08-13 10:19:23,CM cola Taller,,1234567890,no,24,0,0,
2026-08-13 10:17:57,CM cola Taller,Sofia Montaño,1234567890,yes,84,116,200,SIP/656
2026-08-13 10:14:57,CM cola Taller,,1234567890,no,131,0,0,
2026-08-13 10:13:16,CM cola Taller,,1234567890,no,249,0,0,
2026-08-13 10:09:56,CM cola Taller,Sofia Montaño,1234567890,yes,120,212,332,SIP/656
2026-08-13 10:06:03,CM cola Taller,Tania Bazan,1234567890,yes,519,210,729,SIP/659
2026-08-13 10:05:00,CM cola Taller,Tania Bazan,1234567890,yes,224,124,348,SIP/659
2026-08-13 10:04:06,CM cola Taller,Sofia Montaño,1234567890,yes,211,201,412,SIP/656
2026-08-13 10:04:03,CM cola Taller,,1234567890,no,225,0,0,
2026-08-13 10:02:44,MPC cola Taller,Agustina Vargas,255,yes,78,25,103,SIP/255
2026-08-13 10:02:25,CM cola Taller,,1234567890,no,2,0,0,
2026-08-13 09:45:44,SF cola Taller,Tania Bazan,1234567890,yes,41,142,183,SIP/659
2026-08-13 09:37:44,CM cola Taller,Tania Bazan,1234567890,yes,369,143,512,SIP/659
2026-08-13 09:36:35,CM cola Taller,,1234567890,no,335,0,0,
2026-08-13 09:36:15,MPC cola Taller,Tania Bazan,1234567890,yes,303,137,440,SIP/659
2026-08-13 09:36:09,CM cola Taller,,1234567890,no,0,0,0,
2026-08-13 09:34:11,CM cola Taller,Tania Bazan,1234567890,yes,39,290,329,SIP/659
2026-08-13 09:33:21,CM cola Taller,,1234567890,no,5,0,0,
2026-08-13 09:33:00,CM cola Taller,,1234567890,no,379,0,0,
2026-08-13 09:32:34,CM cola Taller,Tania Bazan,1234567890,yes,6,48,54,SIP/659
2026-08-13 09:32:08,CM cola Taller,,1234567890,no,0,0,0,
2026-08-13 09:26:02,CM cola Taller,,1234567890,no,65,0,0,
2026-08-13 09:25:13,CM cola Taller,,1234567890,no,3,0,0,
2026-08-13 09:20:24,MPC cola Taller,,1234567890,no,420,0,0,
2026-08-13 09:20:06,MPC cola Taller,,1234567890,no,288,0,0,
2026-08-13 09:13:06,CM cola Taller,Sabrina Mercado,250,yes,531,55,586,SIP/250
2026-08-13 09:07:52,CM cola Taller,,1234567890,no,352,0,0,
2026-08-13 08:59:42,CM cola Taller,,1234567890,no,236,0,0,
2026-08-13 08:58:07,CM cola Taller,,1234567890,no,618,0,0,
2026-08-13 08:57:16,CM cola Taller,,1234567890,no,280,0,0,
2026-08-13 08:52:54,CM cola Taller,,1234567890,no,357,0,0,
2026-08-13 08:49:06,CM cola Taller,Sabrina Mercado,250,yes,539,33,572,SIP/250
2026-08-13 08:47:53,CM cola Taller,Tania Bazan,1234567890,yes,312,290,602,SIP/659
2026-08-13 08:44:43,MPC cola Taller,Tania Bazan,1234567890,yes,76,413,489,SIP/659
2026-08-13 08:37:55,SF cola Taller,Tania Bazan,1234567890,yes,247,63,310,SIP/659
2026-08-13 08:34:00,CM cola Taller,,1234567890,no,0,0,0,
2026-08-13 08:32:49,CM cola Taller,Sabrina Mercado,250,yes,350,50,400,SIP/250
2026-08-13 08:31:16,CM cola Taller,Tania Bazan,1234567890,yes,6,281,287,SIP/659
2026-08-13 08:29:49,CM cola Taller,,1234567890,no,1,0,0,
2026-08-13 08:09:43,CM cola Taller,Tania Bazan,1234567890,yes,456,165,621,SIP/659
2026-08-13 08:04:59,CM cola Taller,Tania Bazan,1234567890,yes,31,420,451,SIP/659
2026-08-12 17:45:49,CM cola Taller,,1234567890,no,192,0,0,
2026-08-12 17:44:44,CM cola Taller,,1234567890,no,1,0,0,
2026-08-12 17:27:27,CM cola Taller,Alma Cordoba,1234567890,yes,30,57,87,SIP/655
2026-08-12 17:08:05,CM cola Taller,Rocío Cornejo,1234567890,yes,4,607,611,SIP/651
2026-08-12 17:00:43,CM cola Taller,Rocío Cornejo,1234567890,yes,244,191,435,SIP/651
2026-08-12 17:00:23,CM cola Taller,Rocío Cornejo,1234567890,yes,36,97,133,SIP/651
2026-08-12 16:59:45,CM cola Taller,,1234567890,no,13,0,0,
2026-08-12 16:41:51,CM cola Taller,Sabrina Mercado,250,yes,7,71,78,SIP/250
2026-08-12 16:28:06,MPC cola Taller,Rocío Cornejo,1234567890,yes,272,62,334,SIP/651
2026-08-12 16:27:13,CM cola Taller,Rocío Cornejo,1234567890,yes,95,213,308,SIP/651
2026-08-12 16:26:49,CM cola Taller,Rocío Cornejo,1234567890,yes,10,96,106,SIP/651
2026-08-12 16:12:20,CM cola Taller,,1234567890,no,0,0,0,
2026-08-12 16:10:17,CM cola Taller,,1234567890,no,1,0,0,
2026-08-12 15:54:18,CM cola Taller,,1234567890,no,2,0,0,
2026-08-12 15:53:07,CM cola Taller,,1234567890,no,198,0,0,
2026-08-12 15:52:32,CM cola Taller,Rocío Cornejo,1234567890,yes,37,366,403,SIP/651
2026-08-12 15:48:18,CM cola Taller,Sofia Montaño,1234567890,yes,104,455,559,SIP/656
2026-08-12 15:46:24,SF cola Taller,Sofia Montaño,1234567890,yes,15,142,157,SIP/656
2026-08-12 15:40:20,CM cola Taller,Rocío Cornejo,1234567890,yes,15,156,171,SIP/651
2026-08-12 15:38:51,CM cola Taller,Rocío Cornejo,1234567890,yes,9,81,90,SIP/651
2026-08-12 15:38:07,CM cola Taller,,1234567890,no,5,0,0,
2026-08-12 15:31:45,CM cola Taller,Sofia Montaño,1234567890,yes,36,138,174,SIP/656
2026-08-12 15:22:03,CM cola Taller,Rocío Cornejo,1234567890,yes,369,308,677,SIP/651
2026-08-12 15:21:49,CM cola Taller,Rocío Cornejo,1234567890,yes,7,363,370,SIP/651
2026-08-12 15:21:28,CM cola Taller,,1234567890,no,0,0,0,
2026-08-12 15:16:05,CM cola Taller,Sabrina Mercado,250,yes,31,78,109,SIP/250
2026-08-12 15:06:12,MPC cola Taller,Rocío Cornejo,1234567890,yes,45,117,162,SIP/651
2026-08-12 15:02:40,CM cola Taller,Sofia Montaño,1234567890,yes,9,232,241,SIP/656
2026-08-12 15:02:28,CM cola Taller,,1234567890,no,165,0,0,
2026-08-12 15:01:33,CM cola Taller,,1234567890,no,1,0,0,
2026-08-12 14:58:03,CM cola Taller,,1234567890,no,222,0,0,
2026-08-12 14:57:12,CM cola Taller,,1234567890,no,2,0,0,
2026-08-12 14:55:58,SF cola Taller,Rocío Cornejo,1234567890,yes,103,266,369,SIP/651
2026-08-12 14:55:57,CM cola Taller,,1234567890,no,0,0,0,
2026-08-12 14:51:48,CM cola Taller,,1234567890,no,78,0,0,
2026-08-12 14:47:26,CM cola Taller,Sabrina Mercado,250,yes,214,25,239,SIP/250
2026-08-12 14:44:43,CM cola Taller,Rocío Cornejo,1234567890,yes,92,261,353,SIP/651
2026-08-12 14:41:43,CM cola Taller,Rocío Cornejo,1234567890,yes,5,246,251,SIP/651
2026-08-12 14:40:38,CM cola Taller,,1234567890,no,1,0,0,
2026-08-12 14:34:29,MPC cola Taller,Rocío Cornejo,1234567890,yes,8,194,202,SIP/651
2026-08-12 14:30:51,MPC cola Taller,Rocío Cornejo,1234567890,yes,10,105,115,SIP/651
2026-08-12 14:22:36,CM cola Taller,Sabrina Mercado,250,yes,57,21,78,SIP/250
2026-08-12 14:21:23,CM cola Taller,Rocío Cornejo,1234567890,yes,10,95,105,SIP/651
2026-08-12 14:20:30,CM cola Taller,,1234567890,no,0,0,0,
2026-08-12 14:19:35,CM cola Taller,,1234567890,no,1,0,0,
2026-08-12 14:16:28,CM cola Taller,Sofia Montaño,1234567890,yes,7,1010,1017,SIP/656
2026-08-12 14:15:21,SF cola Taller,Rocío Cornejo,1234567890,yes,21,136,157,SIP/651
2026-08-12 14:12:30,CM cola Taller,Sofia Montaño,1234567890,yes,15,134,149,SIP/656
2026-08-12 14:07:49,CM cola Taller,Rocío Cornejo,1234567890,yes,7,413,420,SIP/651
2026-08-12 12:54:51,CM cola Taller,Rocío Cornejo,1234567890,yes,5,141,146,SIP/651
2026-08-12 12:53:54,CM cola Taller,Alma Cordoba,1234567890,yes,19,166,185,SIP/655
2026-08-12 12:51:28,MPC cola Taller,Lucia Sosa,1234567890,yes,22,82,104,SIP/650
2026-08-12 12:48:02,CM cola Taller,,1234567890,no,5,0,0,
2026-08-12 12:47:57,CM cola Taller,Rocío Cornejo,1234567890,yes,37,161,198,SIP/651
2026-08-12 12:45:11,CM cola Taller,Alma Cordoba,1234567890,yes,27,141,168,SIP/655
2026-08-12 12:44:55,CM cola Taller,,1234567890,no,1,0,0,
2026-08-12 12:35:17,CM cola Taller,Sofia Montaño,1234567890,yes,10,100,110,SIP/656
2026-08-12 12:24:08,SF cola Taller,Alma Cordoba,1234567890,yes,7,155,162,SIP/655
2026-08-12 12:11:38,CM cola Taller,Alma Cordoba,901,yes,12,25,37,SIP/655
2026-08-12 12:11:09,MPC cola Taller,Rocío Cornejo,1234567890,yes,9,316,325,SIP/651
2026-08-12 12:00:09,CM cola Taller,Rocío Cornejo,1234567890,yes,204,180,384,SIP/651
2026-08-12 11:59:38,CM cola Taller,Ivana Scarano,317,yes,9,27,36,SIP/317
2026-08-12 11:54:51,CM cola Taller,Alma Cordoba,1234567890,yes,156,67,223,SIP/655
2026-08-12 11:50:48,CM cola Taller,,1234567890,no,2,0,0,
2026-08-12 11:50:01,CM cola Taller,Lucia Sosa,1234567890,yes,154,164,318,SIP/650
2026-08-12 11:49:17,CM cola Taller,,1234567890,no,1,0,0,
2026-08-12 11:41:13,MPC cola Taller,,1234567890,no,420,0,0,
2026-08-12 11:39:18,CM cola Taller,,1234567890,no,782,0,0,
2026-08-12 11:37:54,CM cola Taller,Lucia Sosa,1234567890,yes,662,120,782,SIP/650
2026-08-12 11:29:57,CM cola Taller,,1234567890,no,326,0,0,
2026-08-12 11:27:24,CM cola Taller,Lucia Sosa,1234567890,yes,99,308,407,SIP/650
2026-08-12 11:25:10,SF cola Taller,,1234567890,no,0,0,0,
2026-08-12 11:24:54,MPC cola Taller,Sofia Montaño,1234567890,yes,7,112,119,SIP/656
2026-08-12 11:22:17,CM cola Taller,,1234567890,no,1,0,0,
2026-08-12 11:15:29,CM cola Taller,Lucia Sosa,1234567890,yes,91,315,406,SIP/650
2026-08-12 11:14:37,CM cola Taller,,1234567890,no,0,0,0,
2026-08-12 11:07:33,CM cola Taller,Sofia Montaño,1234567890,yes,317,210,527,SIP/656
2026-08-12 11:02:13,CM cola Taller,Lucia Sosa,1234567890,yes,495,174,669,SIP/650
2026-08-12 11:01:38,CM cola Taller,Sofia Montaño,1234567890,yes,69,593,662,SIP/656
2026-08-12 11:00:08,CM cola Taller,Sabrina Mercado,250,yes,29,25,54,SIP/250
2026-08-12 10:58:34,CM cola Taller,,1234567890,no,0,0,0,
2026-08-12 10:49:19,CM cola Taller,Lucia Sosa,1234567890,yes,225,237,462,SIP/650
2026-08-12 10:47:11,CM cola Taller,,1234567890,no,78,0,0,
2026-08-12 10:46:09,CM cola Taller,Lucia Sosa,1234567890,yes,222,151,373,SIP/650
2026-08-12 10:45:20,CM cola Taller,,1234567890,no,2,0,0,
2026-08-12 10:43:05,CM cola Taller,Sofia Montaño,1234567890,yes,115,372,487,SIP/656
2026-08-12 10:42:04,CM cola Taller,Lucia Sosa,1234567890,yes,240,91,331,SIP/650
2026-08-12 10:36:43,CM cola Taller,Martin Jalil,503,yes,12,183,195,SIP/503
2026-08-12 10:24:40,MPC cola Taller,Sofia Montaño,1234567890,yes,39,171,210,SIP/656
2026-08-12 10:16:23,CM cola Taller,,1234567890,no,161,0,0,
2026-08-12 10:16:05,CM cola Taller,Sofia Montaño,1234567890,yes,32,179,211,SIP/656
2026-08-12 10:14:59,CM cola Taller,,1234567890,no,1,0,0,
2026-08-12 10:02:17,CM cola Taller,Lucia Sosa,1234567890,yes,151,507,658,SIP/650
2026-08-12 10:01:32,CM cola Taller,,1234567890,no,0,0,0,
2026-08-12 10:01:06,MPC cola Taller,Lucia Sosa,1234567890,yes,38,90,128,SIP/650
2026-08-12 09:57:04,CM cola Taller,,1234567890,no,0,0,0,
2026-08-12 09:51:29,CM cola Taller,Lucia Sosa,1234567890,yes,91,408,499,SIP/650
2026-08-12 09:48:39,MPC cola Taller,Lucia Sosa,1234567890,yes,12,204,216,SIP/650
2026-08-12 09:41:09,SF cola Taller,Lucia Sosa,1234567890,yes,13,336,349,SIP/650
2026-08-12 09:35:55,MPC cola Taller,Lucia Sosa,1234567890,yes,10,111,121,SIP/650
2026-08-12 09:22:44,CM cola Taller,Lucia Sosa,1234567890,yes,45,42,87,SIP/650
2026-08-12 09:22:02,CM cola Taller,,1234567890,no,8,0,0,
2026-08-12 09:21:20,CM cola Taller,,1234567890,no,112,0,0,
2026-08-12 09:20:46,CM cola Taller,Lucia Sosa,1234567890,yes,69,82,151,SIP/650
2026-08-12 09:20:25,CM cola Taller,,1234567890,no,0,0,0,
2026-08-12 09:19:56,SF cola Taller,Lucia Sosa,1234567890,yes,12,94,106,SIP/650
2026-08-12 09:19:37,CM cola Taller,,1234567890,no,4,0,0,
2026-08-12 09:10:18,CM cola Taller,Lucia Sosa,1234567890,yes,15,446,461,SIP/650
2026-08-12 09:02:14,MPC cola Taller,Lucia Sosa,1234567890,yes,10,69,79,SIP/650
2026-08-12 08:56:47,MPC cola Taller,Lucia Sosa,1234567890,yes,13,230,243,SIP/650
2026-08-12 08:47:05,CM cola Taller,Lucia Sosa,1234567890,yes,37,31,68,SIP/650
2026-08-12 08:43:56,CM cola Taller,Lucia Sosa,1234567890,yes,69,140,209,SIP/650
2026-08-12 08:43:36,CM cola Taller,Lucia Sosa,1234567890,yes,18,60,78,SIP/650
2026-08-12 08:36:07,CM cola Taller,Lucia Sosa,1234567890,yes,10,146,156,SIP/650
2026-08-12 08:22:54,CM cola Taller,Lucia Sosa,900,yes,15,70,85,SIP/650
2026-08-12 08:13:41,MPC cola Taller,Lucia Sosa,1234567890,yes,8,201,209,SIP/650
2026-08-12 08:08:36,CM cola Taller,Lucia Sosa,1234567890,yes,15,233,248,SIP/650
2026-08-11 17:48:21,CM cola Taller,,1234567890,no,281,0,0,
2026-08-11 17:47:12,CM cola Taller,,1234567890,no,5,0,0,
2026-08-11 17:44:30,CM cola Taller,,1234567890,no,0,0,0,
2026-08-11 17:35:03,CM cola Taller,,1234567890,no,113,0,0,
2026-08-11 17:23:02,CM cola Taller,,1234567890,no,345,0,0,
2026-08-11 17:20:16,CM cola Taller,Rocío Cornejo,1234567890,yes,179,307,486,SIP/651
2026-08-11 17:19:15,CM cola Taller,,1234567890,no,218,0,0,
2026-08-11 17:14:49,CM cola Taller,,1234567890,no,136,0,0,
2026-08-11 17:13:17,CM cola Taller,Rocío Cornejo,1234567890,yes,405,184,589,SIP/651
2026-08-11 17:12:47,CM cola Taller,Rocío Cornejo,1234567890,yes,125,300,425,SIP/651
2026-08-11 17:02:37,CM cola Taller,,1234567890,no,284,0,0,
2026-08-11 17:01:40,CM cola Taller,,1234567890,no,481,0,0,
2026-08-11 16:59:15,CM cola Taller,,1234567890,no,191,0,0,
2026-08-11 16:58:57,CM cola Taller,,1234567890,no,1,0,0,
2026-08-11 16:53:48,MPC cola Taller,,1234567890,no,263,0,0,
2026-08-11 16:41:53,SF cola Taller,,1234567890,no,150,0,0,
2026-08-11 16:39:35,CM cola Taller,,1234567890,no,426,0,0,
2026-08-11 16:35:50,MPC cola Taller,,1234567890,no,93,0,0,
2026-08-11 16:34:25,CM cola Taller,,1234567890,no,2,0,0,
2026-08-11 16:30:47,CM cola Taller,,1234567890,no,879,0,0,
2026-08-11 16:28:24,CM cola Taller,Alma Cordoba,1234567890,yes,25,200,225,SIP/655
2026-08-11 16:27:21,CM cola Taller,,1234567890,no,0,0,0,
2026-08-11 16:15:20,CM cola Taller,,1234567890,no,55,0,0,
2026-08-11 16:11:27,CM cola Taller,,1234567890,no,0,0,0,
2026-08-11 16:10:28,CM cola Taller,,1234567890,no,3,0,0,
2026-08-11 16:09:09,CM cola Taller,,1234567890,no,9,0,0,
2026-08-11 16:07:20,CM cola Taller,Sabrina Mercado,250,yes,99,47,146,SIP/250
2026-08-11 16:03:41,SF cola Taller,,1234567890,no,99,0,0,
2026-08-11 16:01:58,CM cola Taller,Sabrina Mercado,250,yes,51,25,76,SIP/250
2026-08-11 16:01:29,CM cola Taller,Sabrina Mercado,250,yes,255,28,283,SIP/250
2026-08-11 15:58:01,CM cola Taller,,1234567890,no,0,0,0,
2026-08-11 15:57:11,CM cola Taller,Alma Cordoba,1234567890,yes,124,301,425,SIP/655
2026-08-11 15:56:26,CM cola Taller,,1234567890,no,2,0,0,
2026-08-11 15:56:00,CM cola Taller,Alma Cordoba,1234567890,yes,22,165,187,SIP/655
2026-08-11 15:51:45,CM cola Taller,,1234567890,no,0,0,0,
2026-08-11 15:39:40,CM cola Taller,Alma Cordoba,1234567890,yes,152,231,383,SIP/655
2026-08-11 15:38:45,CM cola Taller,,1234567890,no,2,0,0,
2026-08-11 15:31:18,MPC cola Taller,Alma Cordoba,1234567890,yes,123,60,183,SIP/655
2026-08-11 15:21:21,SF cola Taller,Alma Cordoba,649,yes,9,14,23,SIP/655
2026-08-11 15:19:17,CM cola Taller,,1234567890,no,1,0,0,
2026-08-11 15:18:43,CM cola Taller,Sofia Montaño,1234567890,yes,11,213,224,SIP/656
2026-08-11 15:16:20,CM cola Taller,,1234567890,no,3,0,0,
2026-08-11 15:09:11,CM cola Taller,,1234567890,no,161,0,0,
2026-08-11 15:08:43,CM cola Taller,,1234567890,no,4,0,0,
2026-08-11 15:07:57,CM cola Taller,,1234567890,no,1,0,0,
2026-08-11 14:59:51,CM cola Taller,,1234567890,no,0,0,0,
2026-08-11 14:58:26,CM cola Taller,,1234567890,no,1,0,0,
2026-08-11 14:55:15,CM cola Taller,Alma Cordoba,1234567890,yes,14,192,206,SIP/655
2026-08-11 14:53:47,CM cola Taller,,1234567890,no,2,0,0,
2026-08-11 14:51:47,CM cola Taller,,1234567890,no,1,0,0,
2026-08-11 14:45:04,CM cola Taller,Alma Cordoba,1234567890,yes,31,250,281,SIP/655
2026-08-11 14:38:14,CM cola Taller,Alma Cordoba,1234567890,yes,13,264,277,SIP/655
2026-08-11 14:34:55,CM cola Taller,,1234567890,no,3,0,0,
2026-08-11 14:34:12,CM cola Taller,,1234567890,no,67,0,0,
2026-08-11 14:25:44,MPC cola Taller,Sofia Montaño,255,yes,219,8,227,SIP/656
2026-08-11 14:24:47,CM cola Taller,Alma Cordoba,1234567890,yes,44,332,376,SIP/655
2026-08-11 14:19:33,CM cola Taller,Sofia Montaño,1234567890,yes,6,107,113,SIP/656
2026-08-11 14:14:59,CM cola Taller,Alma Cordoba,1234567890,yes,13,99,112,SIP/655
2026-08-11 14:08:28,CM cola Taller,Alma Cordoba,1234567890,yes,7,150,157,SIP/655
2026-08-11 14:07:46,CM cola Taller,Sofia Montaño,1234567890,yes,9,88,97,SIP/656
2026-08-11 14:01:44,MPC cola Taller,Alma Cordoba,1234567890,yes,7,21,28,SIP/655
2026-08-11 12:43:22,CM cola Taller,Rocío Cornejo,1234567890,yes,57,167,224,SIP/651
2026-08-11 12:43:00,CM cola Taller,Tania Bazan,1234567890,yes,6,159,165,SIP/659
2026-08-11 12:37:26,CM cola Taller,Sabrina Mercado,250,yes,27,25,52,SIP/250
2026-08-11 12:25:57,CM cola Taller,Sabrina Mercado,250,yes,9,42,51,SIP/250
2026-08-11 12:19:41,CM cola Taller,Rocío Cornejo,1234567890,yes,105,218,323,SIP/651
2026-08-11 12:09:14,CM cola Taller,Alma Cordoba,1234567890,yes,43,119,162,SIP/655
2026-08-11 12:08:13,CM cola Taller,,1234567890,no,1,0,0,
2026-08-11 12:04:36,CM cola Taller,Alma Cordoba,1234567890,yes,11,295,306,SIP/655
2026-08-11 12:03:36,CM cola Taller,,1234567890,no,0,0,0,
2026-08-11 12:01:21,CM cola Taller,Sofia Montaño,1234567890,yes,21,691,712,SIP/656
2026-08-11 11:56:44,CM cola Taller,Alma Cordoba,1234567890,yes,23,142,165,SIP/655
2026-08-11 11:50:17,CM cola Taller,Alma Cordoba,1234567890,yes,9,294,303,SIP/655
2026-08-11 11:49:24,CM cola Taller,,1234567890,no,1,0,0,
2026-08-11 11:46:09,MPC cola Taller,Alma Cordoba,1234567890,yes,79,37,116,SIP/655
2026-08-11 11:44:42,MPC cola Taller,Alma Cordoba,1234567890,yes,5,84,89,SIP/655
2026-08-11 11:40:13,CM cola Taller,,1234567890,no,1,0,0,
2026-08-11 11:36:20,CM cola Taller,Tania Bazan,1234567890,yes,62,797,859,SIP/659
2026-08-11 11:34:04,CM cola Taller,Alma Cordoba,1234567890,yes,65,156,221,SIP/655
2026-08-11 11:33:01,CM cola Taller,Alma Cordoba,1234567890,yes,106,11,117,SIP/655
2026-08-11 11:31:57,CM cola Taller,,1234567890,no,0,0,0,
2026-08-11 11:31:28,CM cola Taller,Tania Bazan,1234567890,yes,7,257,264,SIP/659
2026-08-11 11:30:52,MPC cola Taller,Alma Cordoba,1234567890,yes,5,213,218,SIP/655
2026-08-11 11:30:37,CM cola Taller,,1234567890,no,0,0,0,
2026-08-11 11:29:08,CM cola Taller,Sabrina Mercado,250,yes,7,25,32,SIP/250
2026-08-11 11:26:59,CM cola Taller,,1234567890,no,11,0,0,
2026-08-11 11:26:39,CM cola Taller,Tania Bazan,1234567890,yes,57,62,119,SIP/659
2026-08-11 11:25:05,CM cola Taller,Alma Cordoba,1234567890,yes,8,127,135,SIP/655
2026-08-11 11:24:33,CM cola Taller,Sofia Montaño,1234567890,yes,11,985,996,SIP/656
2026-08-11 11:21:00,CM cola Taller,,1234567890,no,6,0,0,
2026-08-11 11:19:45,CM cola Taller,,1234567890,no,0,0,0,
2026-08-11 11:15:55,CM cola Taller,Tania Bazan,1234567890,yes,10,119,129,SIP/659
2026-08-11 11:15:22,MPC cola Taller,Sofia Montaño,1234567890,yes,8,142,150,SIP/656
2026-08-11 11:08:25,CM cola Taller,Alma Cordoba,1234567890,yes,8,163,171,SIP/655
2026-08-11 11:08:04,CM cola Taller,Sofia Montaño,1234567890,yes,10,339,349,SIP/656
2026-08-11 11:04:15,CM cola Taller,Tania Bazan,1234567890,yes,6,123,129,SIP/659
2026-08-11 11:03:19,CM cola Taller,,1234567890,no,0,0,0,
2026-08-11 11:01:29,CM cola Taller,Tania Bazan,1234567890,yes,9,144,153,SIP/659
2026-08-11 11:00:21,CM cola Taller,Alma Cordoba,1234567890,yes,8,96,104,SIP/655
2026-08-11 11:00:07,CM cola Taller,,1234567890,no,2,0,0,
2026-08-11 10:57:15,MPC cola Taller,Tania Bazan,1234567890,yes,40,205,245,SIP/659
2026-08-11 10:53:51,MPC cola Taller,Tania Bazan,1234567890,yes,96,134,230,SIP/659
2026-08-11 10:52:16,CM cola Taller,Sofia Montaño,1234567890,yes,18,669,687,SIP/656
2026-08-11 10:50:21,CM cola Taller,,1234567890,no,3,0,0,
2026-08-11 10:40:55,CM cola Taller,Sofia Montaño,1234567890,yes,8,457,465,SIP/656
2026-08-11 10:36:02,CM cola Taller,Tania Bazan,1234567890,yes,6,82,88,SIP/659
2026-08-11 10:31:32,CM cola Taller,Sofia Montaño,1234567890,yes,5,100,105,SIP/656
2026-08-11 10:27:04,CM cola Taller,Tania Bazan,1234567890,yes,7,198,205,SIP/659
2026-08-11 10:22:10,MPC cola Taller,Tania Bazan,1234567890,yes,5,41,46,SIP/659
2026-08-11 10:18:19,CM cola Taller,Sofia Montaño,1234567890,yes,12,233,245,SIP/656
2026-08-11 10:14:19,CM cola Taller,Sofia Montaño,1234567890,yes,25,45,70,SIP/656
2026-08-11 10:13:44,MPC cola Taller,Tania Bazan,1234567890,yes,10,70,80,SIP/659
2026-08-11 10:12:55,CM cola Taller,Agustina Vargas,503,yes,7,54,61,SIP/255
2026-08-11 10:12:17,CM cola Taller,,1234567890,no,2,0,0,
2026-08-11 10:09:48,CM cola Taller,Sofia Montaño,1234567890,yes,10,54,64,SIP/656
2026-08-11 10:08:03,CM cola Taller,,1234567890,no,1,0,0,
2026-08-11 10:02:23,CM cola Taller,Tania Bazan,1234567890,yes,9,333,342,SIP/659
2026-08-11 10:01:37,CM cola Taller,,1234567890,no,0,0,0,
2026-08-11 09:57:50,CM cola Taller,,1234567890,no,0,0,0,
2026-08-11 09:56:28,CM cola Taller,,1234567890,no,1,0,0,
2026-08-11 09:54:59,CM cola Taller,Tania Bazan,1234567890,yes,6,291,297,SIP/659
2026-08-11 09:53:55,CM cola Taller,,1234567890,no,2,0,0,
2026-08-11 09:53:47,CM cola Taller,,1234567890,no,1,0,0,
2026-08-11 09:53:15,CM cola Taller,Sofia Montaño,1234567890,yes,12,142,154,SIP/656
2026-08-11 09:51:28,CM cola Taller,Tania Bazan,1234567890,yes,6,36,42,SIP/659
2026-08-11 09:50:26,CM cola Taller,,1234567890,no,1,0,0,
2026-08-11 09:47:48,MPC cola Taller,Sofia Montaño,1234567890,yes,7,53,60,SIP/656
2026-08-11 09:46:48,CM cola Taller,,1234567890,no,1,0,0,
2026-08-11 09:45:42,CM cola Taller,,1234567890,no,1,0,0,
2026-08-11 09:44:35,CM cola Taller,Tania Bazan,1234567890,yes,11,160,171,SIP/659
2026-08-11 09:40:00,CM cola Taller,Sabrina Mercado,250,yes,5,32,37,SIP/250
2026-08-11 09:38:11,CM cola Taller,,1234567890,no,1,0,0,
2026-08-11 09:35:23,CM cola Taller,Tania Bazan,1234567890,yes,7,139,146,SIP/659
2026-08-11 09:34:13,CM cola Taller,,1234567890,no,2,0,0,
2026-08-11 09:24:07,CM cola Taller,Sofia Montaño,1234567890,yes,4,236,240,SIP/656
2026-08-11 09:24:02,CM cola Taller,Sabrina Mercado,250,yes,5,46,51,SIP/250
2026-08-11 09:20:32,CM cola Taller,,1234567890,no,0,0,0,
2026-08-11 09:18:49,CM cola Taller,,1234567890,no,3,0,0,
2026-08-11 09:13:27,CM cola Taller,Sofia Montaño,1234567890,yes,5,90,95,SIP/656
2026-08-11 09:09:34,MPC cola Taller,Sofia Montaño,1234567890,yes,10,80,90,SIP/656
2026-08-11 09:04:05,CM cola Taller,Sofia Montaño,1234567890,yes,6,186,192,SIP/656
2026-08-11 09:03:23,CM cola Taller,,1234567890,no,0,0,0,
2026-08-11 09:02:32,CM cola Taller,,1234567890,no,0,0,0,
2026-08-11 09:00:05,SF cola Taller,Sofia Montaño,1234567890,yes,4,151,155,SIP/656
2026-08-11 08:58:46,CM cola Taller,Tania Bazan,1234567890,yes,5,193,198,SIP/659
2026-08-11 08:58:46,CM cola Taller,,1234567890,no,0,0,0,
2026-08-11 08:40:47,CM cola Taller,Tania Bazan,1234567890,yes,5,271,276,SIP/659
2026-08-11 08:38:17,SF cola Taller,Sofia Montaño,1234567890,yes,4,127,131,SIP/656
2026-08-11 08:22:10,CM cola Taller,,1234567890,no,1,0,0,
2026-08-10 17:26:35,CM cola Taller,Alma Cordoba,1234567890,yes,122,248,370,SIP/655
2026-08-10 17:24:39,CM cola Taller,,1234567890,no,683,0,0,
2026-08-10 17:22:25,CM cola Taller,,1234567890,no,273,0,0,
2026-08-10 17:21:30,CM cola Taller,,1234567890,no,0,0,0,
2026-08-10 17:20:07,CM cola Taller,,1234567890,no,220,0,0,
2026-08-10 17:04:10,CM cola Taller,Rocío Cornejo,1234567890,yes,7,181,188,SIP/651
2026-08-10 16:42:10,CM cola Taller,Rocío Cornejo,1234567890,yes,85,163,248,SIP/651
2026-08-10 16:34:42,CM cola Taller,,1234567890,no,172,0,0,
2026-08-10 16:34:08,CM cola Taller,Sabrina Mercado,250,yes,183,35,218,SIP/250
2026-08-10 16:32:04,CM cola Taller,,1234567890,no,1,0,0,
2026-08-10 16:27:16,CM cola Taller,,1234567890,no,0,0,0,
2026-08-10 16:17:05,MPC cola Taller,,1234567890,no,152,0,0,
2026-08-10 16:16:46,CM cola Taller,Rocío Cornejo,1234567890,yes,429,143,572,SIP/651
2026-08-10 16:12:28,CM cola Taller,,1234567890,no,33,0,0,
2026-08-10 16:10:55,CM cola Taller,,1234567890,no,746,0,0,
2026-08-10 16:08:39,CM cola Taller,Rocío Cornejo,1234567890,yes,228,245,473,SIP/651
2026-08-10 16:05:46,SF cola Taller,Rocío Cornejo,1234567890,yes,28,292,320,SIP/651
2026-08-10 16:04:29,CM cola Taller,,1234567890,no,330,0,0,
2026-08-10 16:01:58,CM cola Taller,Rocío Cornejo,1234567890,yes,24,147,171,SIP/651
2026-08-10 15:57:52,CM cola Taller,,1234567890,no,2,0,0,
2026-08-10 15:57:15,CM cola Taller,Rocío Cornejo,1234567890,yes,66,188,254,SIP/651
2026-08-10 15:55:55,MPC cola Taller,Rocío Cornejo,1234567890,yes,6,129,135,SIP/651
2026-08-10 15:54:04,MPC cola Taller,,1234567890,no,53,0,0,
2026-08-10 15:50:07,CM cola Taller,,1234567890,no,126,0,0,
2026-08-10 15:49:47,CM cola Taller,Rocío Cornejo,1234567890,yes,60,288,348,SIP/651
2026-08-10 15:49:41,MPC cola Taller,Alma Cordoba,1234567890,yes,14,129,143,SIP/655
2026-08-10 15:47:41,CM cola Taller,,1234567890,no,4,0,0,
2026-08-10 15:42:11,CM cola Taller,Rocío Cornejo,1234567890,yes,307,166,473,SIP/651
2026-08-10 15:41:30,MPC cola Taller,Agustina Vargas,255,yes,150,51,201,SIP/255
2026-08-10 15:39:06,SF cola Taller,Rocío Cornejo,1234567890,yes,16,427,443,SIP/651
2026-08-10 15:36:57,CM cola Taller,,1234567890,no,2,0,0,
2026-08-10 15:36:16,CM cola Taller,Rocío Cornejo,1234567890,yes,46,98,144,SIP/651
2026-08-10 15:31:29,CM cola Taller,,1234567890,no,300,0,0,
2026-08-10 15:30:25,CM cola Taller,,1234567890,no,2,0,0,
2026-08-10 15:30:03,CM cola Taller,Rocío Cornejo,1234567890,yes,193,161,354,SIP/651
2026-08-10 15:21:53,CM cola Taller,Alma Cordoba,1234567890,yes,9,119,128,SIP/655
2026-08-10 15:18:01,CM cola Taller,Rocío Cornejo,1234567890,yes,103,129,232,SIP/651
2026-08-10 15:16:51,CM cola Taller,Alma Cordoba,1234567890,yes,19,124,143,SIP/655
2026-08-10 15:16:02,CM cola Taller,,1234567890,no,0,0,0,
2026-08-10 15:04:22,CM cola Taller,Alma Cordoba,1234567890,yes,249,275,524,SIP/655
2026-08-10 14:59:57,MPC cola Taller,Alma Cordoba,1234567890,yes,18,240,258,SIP/655
2026-08-10 14:59:30,CM cola Taller,Martin Jalil,503,yes,14,216,230,SIP/503
2026-08-10 14:54:23,CM cola Taller,,1234567890,no,13,0,0,
2026-08-10 14:44:42,CM cola Taller,Sabrina Mercado,250,yes,11,13,24,SIP/250
2026-08-10 14:42:02,CM cola Taller,Rocío Cornejo,1234567890,yes,47,415,462,SIP/651
2026-08-10 14:40:45,CM cola Taller,Alma Cordoba,1234567890,yes,21,126,147,SIP/655
2026-08-10 14:39:57,CM cola Taller,,1234567890,no,1,0,0,
2026-08-10 14:34:44,CM cola Taller,Rocío Cornejo,1234567890,yes,8,240,248,SIP/651
2026-08-10 14:32:25,CM cola Taller,Alma Cordoba,1234567890,yes,8,102,110,SIP/655
2026-08-10 14:31:21,CM cola Taller,Rocío Cornejo,1234567890,yes,7,194,201,SIP/651
2026-08-10 14:28:24,CM cola Taller,Rocío Cornejo,1234567890,yes,12,109,121,SIP/651
2026-08-10 14:21:13,CM cola Taller,Rocío Cornejo,1234567890,yes,172,179,351,SIP/651
2026-08-10 14:20:44,CM cola Taller,Alma Cordoba,1234567890,yes,60,178,238,SIP/655
2026-08-10 14:19:53,CM cola Taller,,1234567890,no,1,0,0,
2026-08-10 14:19:09,CM cola Taller,Sabrina Mercado,250,yes,147,44,191,SIP/250
2026-08-10 14:18:33,CM cola Taller,Ivana Scarano,317,yes,55,48,103,SIP/317
2026-08-10 14:16:03,CM cola Taller,,1234567890,no,2,0,0,
2026-08-10 14:09:56,CM cola Taller,Rocío Cornejo,1234567890,yes,10,39,49,SIP/651
2026-08-10 14:09:02,CM cola Taller,,1234567890,no,2,0,0,
2026-08-10 14:08:11,CM cola Taller,,1234567890,no,2,0,0,
2026-08-10 14:05:36,SF cola Taller,Alma Cordoba,1234567890,yes,19,161,180,SIP/655
2026-08-10 12:58:51,SF cola Taller,,1234567890,no,88,0,0,
2026-08-10 12:40:25,SF cola Taller,Lucia Sosa,1234567890,yes,184,206,390,SIP/650
2026-08-10 12:38:49,CM cola Taller,Alma Cordoba,1234567890,yes,15,448,463,SIP/655
2026-08-10 12:35:39,CM cola Taller,Lucia Sosa,1234567890,yes,28,376,404,SIP/650
2026-08-10 12:30:47,CM cola Taller,Sofia Montaño,1234567890,yes,38,146,184,SIP/656
2026-08-10 12:29:46,CM cola Taller,,1234567890,no,1,0,0,
2026-08-10 12:29:20,CM cola Taller,Rocío Cornejo,1234567890,yes,128,166,294,SIP/651
2026-08-10 12:28:13,CM cola Taller,,1234567890,no,2,0,0,
2026-08-10 12:27:00,SF cola Taller,,1234567890,no,54,0,0,
2026-08-10 12:26:42,MPC cola Taller,Sofia Montaño,1234567890,yes,5,241,246,SIP/656
2026-08-10 12:25:56,CM cola Taller,Lucia Sosa,1234567890,yes,15,234,249,SIP/650
2026-08-10 12:24:54,MPC cola Taller,Alma Cordoba,1234567890,yes,6,437,443,SIP/655
2026-08-10 12:24:29,CM cola Taller,Rocío Cornejo,1234567890,yes,7,164,171,SIP/651
2026-08-10 12:22:43,MPC cola Taller,Sofia Montaño,1234567890,yes,9,152,161,SIP/656
2026-08-10 12:20:03,CM cola Taller,Lucia Sosa,1234567890,yes,9,235,244,SIP/650
2026-08-10 12:17:38,SF cola Taller,Lucia Sosa,1234567890,yes,5,58,63,SIP/650
2026-08-10 12:17:01,CM cola Taller,Sofia Montaño,1234567890,yes,14,164,178,SIP/656
2026-08-10 12:15:55,CM cola Taller,Rocío Cornejo,1234567890,yes,7,227,234,SIP/651
2026-08-10 12:09:43,CM cola Taller,Alma Cordoba,1234567890,yes,7,338,345,SIP/655
2026-08-10 12:08:35,CM cola Taller,Sofia Montaño,1234567890,yes,10,303,313,SIP/656
2026-08-10 12:05:03,CM cola Taller,Sabrina Mercado,250,yes,20,21,41,SIP/250
2026-08-10 12:04:51,CM cola Taller,Rocío Cornejo,1234567890,yes,10,344,354,SIP/651
2026-08-10 11:54:27,MPC cola Taller,Lucia Sosa,1234567890,yes,30,257,287,SIP/650
2026-08-10 11:52:31,CM cola Taller,Alma Cordoba,1234567890,yes,33,140,173,SIP/655
2026-08-10 11:50:17,SF cola Taller,Sofia Montaño,1234567890,yes,29,178,207,SIP/656
2026-08-10 11:45:13,SF cola Taller,Alma Cordoba,1234567890,yes,201,30,231,SIP/655
2026-08-10 11:43:51,CM cola Taller,Lucia Sosa,1234567890,yes,29,173,202,SIP/650
2026-08-10 11:42:21,CM cola Taller,,1234567890,no,4,0,0,
2026-08-10 11:38:06,MPC cola Taller,,1234567890,no,88,0,0,
2026-08-10 11:37:56,SF cola Taller,Lucia Sosa,1234567890,yes,263,15,278,SIP/650
2026-08-10 11:37:52,SF cola Taller,Lucia Sosa,1234567890,yes,160,36,196,SIP/650
2026-08-10 11:37:00,CM cola Taller,Alma Cordoba,1234567890,yes,18,466,484,SIP/655
2026-08-10 11:36:33,CM cola Taller,Sofia Montaño,1234567890,yes,33,101,134,SIP/656
2026-08-10 11:27:21,SF cola Taller,Lucia Sosa,1234567890,yes,123,260,383,SIP/650
2026-08-10 11:26:44,CM cola Taller,,1234567890,no,1,0,0,
2026-08-10 11:25:43,CM cola Taller,Alma Cordoba,1234567890,yes,253,168,421,SIP/655
2026-08-10 11:24:37,CM cola Taller,Alma Cordoba,503,yes,27,212,239,SIP/655
2026-08-10 11:24:33,CM cola Taller,,1234567890,no,2,0,0,
2026-08-10 11:24:19,CM cola Taller,,1234567890,no,1,0,0,
2026-08-10 11:22:36,CM cola Taller,Lucia Sosa,1234567890,yes,20,302,322,SIP/650
2026-08-10 11:17:44,CM cola Taller,Alma Cordoba,1234567890,yes,12,212,224,SIP/655
2026-08-10 11:08:31,CM cola Taller,Alma Cordoba,1234567890,yes,62,41,103,SIP/655
2026-08-10 11:06:14,CM cola Taller,Lucia Sosa,1234567890,yes,144,71,215,SIP/650
2026-08-10 11:00:47,CM cola Taller,Alma Cordoba,1234567890,yes,410,92,502,SIP/655
2026-08-10 11:00:08,CM cola Taller,,1234567890,no,1,0,0,
2026-08-10 10:58:31,CM cola Taller,Lucia Sosa,1234567890,yes,555,26,581,SIP/650
2026-08-10 10:57:29,CM cola Taller,Lucia Sosa,1234567890,yes,279,247,526,SIP/650
2026-08-10 10:57:04,CM cola Taller,Alma Cordoba,1234567890,yes,201,402,603,SIP/655
2026-08-10 10:56:58,CM cola Taller,Sofia Montaño,1234567890,yes,87,363,450,SIP/656
2026-08-10 10:55:55,MPC cola Taller,Sofia Montaño,1234567890,yes,5,129,134,SIP/656
2026-08-10 10:53:18,CM cola Taller,Sabrina Mercado,250,yes,45,42,87,SIP/250
2026-08-10 10:51:33,MPC cola Taller,Sofia Montaño,1234567890,yes,47,55,102,SIP/656
2026-08-10 10:49:34,CM cola Taller,Lucia Sosa,1234567890,yes,7,707,714,SIP/650
2026-08-10 10:47:21,CM cola Taller,Martin Jalil,503,yes,27,475,502,SIP/503
2026-08-10 10:42:40,CM cola Taller,Lucia Sosa,1234567890,yes,13,82,95,SIP/650
2026-08-10 10:33:02,CM cola Taller,Sofia Montaño,1234567890,yes,8,198,206,SIP/656
2026-08-10 10:28:13,CM cola Taller,Alma Cordoba,1234567890,yes,13,128,141,SIP/655
2026-08-10 10:27:02,CM cola Taller,,1234567890,no,0,0,0,
2026-08-10 10:21:31,CM cola Taller,Lucia Sosa,1234567890,yes,14,50,64,SIP/650
2026-08-10 10:15:27,MPC cola Taller,Alma Cordoba,1234567890,yes,263,199,462,SIP/655
2026-08-10 10:13:25,MPC cola Taller,Sofia Montaño,1234567890,yes,10,457,467,SIP/656
2026-08-10 10:13:02,CM cola Taller,,1234567890,no,1,0,0,
2026-08-10 10:08:38,CM cola Taller,Alma Cordoba,1234567890,yes,17,415,432,SIP/655
2026-08-10 10:07:33,CM cola Taller,,1234567890,no,0,0,0,
2026-08-10 10:03:54,MPC cola Taller,Lucia Sosa,1234567890,yes,16,993,1009,SIP/650
2026-08-10 10:00:50,CM cola Taller,Alma Cordoba,1234567890,yes,18,108,126,SIP/655
2026-08-10 09:54:02,MPC cola Taller,Lucia Sosa,1234567890,yes,39,128,167,SIP/650
2026-08-10 09:50:47,CM cola Taller,Lucia Sosa,1234567890,yes,58,161,219,SIP/650
2026-08-10 09:49:41,CM cola Taller,,1234567890,no,1,0,0,
2026-08-10 09:48:46,MPC cola Taller,,1234567890,no,203,0,0,
2026-08-10 09:47:57,CM cola Taller,,1234567890,no,0,0,0,
2026-08-10 09:47:45,CM cola Taller,,1234567890,no,223,0,0,
2026-08-10 09:47:13,MPC cola Taller,Alma Cordoba,1234567890,yes,67,161,228,SIP/655
2026-08-10 09:45:59,SF cola Taller,Alma Cordoba,1234567890,yes,14,99,113,SIP/655
2026-08-10 09:45:23,CM cola Taller,Alma Cordoba,1234567890,yes,371,185,556,SIP/655
2026-08-10 09:44:50,CM cola Taller,Sabrina Mercado,250,yes,36,32,68,SIP/250
2026-08-10 09:41:59,CM cola Taller,,1234567890,no,0,0,0,
2026-08-10 09:39:44,CM cola Taller,Alma Cordoba,1234567890,yes,120,263,383,SIP/655
2026-08-10 09:39:36,CM cola Taller,Alma Cordoba,1234567890,yes,14,103,117,SIP/655
2026-08-10 09:39:32,CM cola Taller,Lucia Sosa,1234567890,yes,14,314,328,SIP/650
2026-08-10 09:37:37,CM cola Taller,,1234567890,no,1,0,0,
2026-08-10 09:34:36,CM cola Taller,Sabrina Mercado,250,yes,83,22,105,SIP/250
2026-08-10 09:31:50,CM cola Taller,Lucia Sosa,1234567890,yes,12,176,188,SIP/650
2026-08-10 09:26:47,CM cola Taller,Lucia Sosa,1234567890,yes,19,43,62,SIP/650
2026-08-10 09:25:36,CM cola Taller,Alma Cordoba,1234567890,yes,5,127,132,SIP/655
2026-08-10 09:24:34,MPC cola Taller,Lucia Sosa,1234567890,yes,44,32,76,SIP/650
2026-08-10 09:22:15,CM cola Taller,,1234567890,no,2,0,0,
2026-08-10 09:16:17,CM cola Taller,Alma Cordoba,1234567890,yes,102,59,161,SIP/655
2026-08-10 09:12:23,CM cola Taller,,1234567890,no,161,0,0,
2026-08-10 09:11:22,CM cola Taller,Sabrina Mercado,250,yes,245,20,265,SIP/250
2026-08-10 09:10:09,CM cola Taller,Alma Cordoba,1234567890,yes,262,197,459,SIP/655
2026-08-10 09:09:27,CM cola Taller,Alma Cordoba,1234567890,yes,18,261,279,SIP/655
2026-08-10 09:09:25,CM cola Taller,Lucia Sosa,1234567890,yes,12,321,333,SIP/650
2026-08-10 09:06:16,CM cola Taller,,1234567890,no,3,0,0,
2026-08-10 08:57:54,CM cola Taller,Alma Cordoba,1234567890,yes,11,48,59,SIP/655
2026-08-10 08:51:40,MPC cola Taller,Lucia Sosa,1234567890,yes,8,280,288,SIP/650
2026-08-10 08:50:18,CM cola Taller,Alma Cordoba,499,yes,15,94,109,SIP/655
2026-08-10 08:46:35,CM cola Taller,,1234567890,no,0,0,0,
2026-08-10 08:44:55,CM cola Taller,Alma Cordoba,1234567890,yes,86,94,180,SIP/655
2026-08-10 08:44:25,CM cola Taller,Lucia Sosa,1234567890,yes,10,257,267,SIP/650
2026-08-10 08:44:06,CM cola Taller,,1234567890,no,1,0,0,
2026-08-10 08:43:48,CM cola Taller,,1234567890,no,1,0,0,
2026-08-10 08:39:35,CM cola Taller,Alma Cordoba,1234567890,yes,11,281,292,SIP/655
2026-08-10 08:35:07,CM cola Taller,Lucia Sosa,1234567890,yes,8,300,308,SIP/650
2026-08-10 08:33:57,CM cola Taller,,1234567890,no,2,0,0,
2026-08-10 08:29:54,CM cola Taller,Lucia Sosa,1234567890,yes,13,45,58,SIP/650
2026-08-10 08:29:03,CM cola Taller,,1234567890,no,2,0,0,
2026-08-10 08:26:33,CM cola Taller,Alma Cordoba,1234567890,yes,10,214,224,SIP/655
2026-08-10 08:26:29,CM cola Taller,Lucia Sosa,1234567890,yes,9,174,183,SIP/650
2026-08-10 08:21:29,CM cola Taller,Lucia Sosa,1234567890,yes,10,109,119,SIP/650
2026-08-10 08:19:12,CM cola Taller,Alma Cordoba,1234567890,yes,12,297,309,SIP/655
2026-08-10 08:13:17,SF cola Taller,Alma Cordoba,1234567890,yes,5,62,67,SIP/655
2026-08-10 08:08:43,CM cola Taller,Martin Jalil,503,yes,14,35,49,SIP/503
2026-08-08 09:03:18,CM cola Taller,,1234567890,no,164,0,0,
2026-08-07 17:19:39,CM cola Taller,,1234567890,no,1,0,0,
2026-08-07 17:08:33,CM cola Taller,,1234567890,no,251,0,0,
2026-08-07 17:03:55,CM cola Taller,Sabrina Mercado,250,yes,950,42,992,SIP/250
2026-08-07 17:00:56,CM cola Taller,,1234567890,no,0,0,0,
2026-08-07 16:57:21,CM cola Taller,Sabrina Mercado,250,yes,59,31,90,SIP/250
2026-08-07 16:49:32,CM cola Taller,,1234567890,no,0,0,0,
2026-08-07 16:48:50,CM cola Taller,Alma Cordoba,1234567890,yes,40,266,306,SIP/655
2026-08-07 16:44:58,CM cola Taller,Alma Cordoba,1234567890,yes,11,133,144,SIP/655
2026-08-07 16:35:27,CM cola Taller,,1234567890,no,0,0,0,
2026-08-07 16:34:17,CM cola Taller,,1234567890,no,0,0,0,
2026-08-07 16:31:14,CM cola Taller,Alma Cordoba,1234567890,yes,146,135,281,SIP/655
2026-08-07 16:29:33,CM cola Taller,Alma Cordoba,1234567890,yes,37,182,219,SIP/655
2026-08-07 16:24:08,CM cola Taller,Alma Cordoba,1234567890,yes,206,142,348,SIP/655
2026-08-07 16:23:49,CM cola Taller,,1234567890,no,125,0,0,
2026-08-07 16:22:55,CM cola Taller,,1234567890,no,3,0,0,
2026-08-07 16:19:59,CM cola Taller,,1234567890,no,5,0,0,
2026-08-07 16:17:06,CM cola Taller,,1234567890,no,2,0,0,
2026-08-07 16:13:50,CM cola Taller,,1234567890,no,45,0,0,
2026-08-07 16:12:14,CM cola Taller,,1234567890,no,4,0,0,
2026-08-07 16:07:31,CM cola Taller,,1234567890,no,39,0,0,
2026-08-07 16:06:40,CM cola Taller,,1234567890,no,4,0,0,
2026-08-07 16:01:36,CM cola Taller,,1234567890,no,32,0,0,
2026-08-07 15:59:30,MPC cola Taller,Alma Cordoba,1234567890,yes,28,150,178,SIP/655
2026-08-07 15:54:17,CM cola Taller,Sabrina Mercado,250,yes,7,18,25,SIP/250
2026-08-07 15:51:47,CM cola Taller,,1234567890,no,1,0,0,
2026-08-07 15:44:18,MPC cola Taller,Alma Cordoba,1234567890,yes,6,120,126,SIP/655
2026-08-07 15:42:20,CM cola Taller,Sofia Montaño,1234567890,yes,14,260,274,SIP/656
2026-08-07 15:38:52,CM cola Taller,Alma Cordoba,1234567890,yes,19,99,118,SIP/655
2026-08-07 15:32:21,CM cola Taller,Sofia Montaño,1234567890,yes,7,107,114,SIP/656
2026-08-07 15:27:03,CM cola Taller,Alma Cordoba,1234567890,yes,39,313,352,SIP/655
2026-08-07 15:26:02,CM cola Taller,,1234567890,no,0,0,0,
2026-08-07 15:13:26,MPC cola Taller,Sofia Montaño,1234567890,yes,4,123,127,SIP/656
2026-08-07 14:53:52,CM cola Taller,Alma Cordoba,1234567890,yes,114,195,309,SIP/655
2026-08-07 14:52:04,CM cola Taller,Alma Cordoba,1234567890,yes,11,136,147,SIP/655
2026-08-07 14:50:13,CM cola Taller,Sofia Montaño,1234567890,yes,151,148,299,SIP/656
2026-08-07 14:48:22,CM cola Taller,,1234567890,no,2,0,0,
2026-08-07 14:45:56,CM cola Taller,Sofia Montaño,1234567890,yes,34,365,399,SIP/656
2026-08-07 14:45:20,CM cola Taller,,1234567890,no,21,0,0,
2026-08-07 14:44:38,MPC cola Taller,Alma Cordoba,1234567890,yes,97,339,436,SIP/655
2026-08-07 14:44:17,CM cola Taller,,1234567890,no,1,0,0,
2026-08-07 14:38:20,CM cola Taller,Alma Cordoba,1234567890,yes,8,109,117,SIP/655
2026-08-07 14:37:35,CM cola Taller,,1234567890,no,1,0,0,
2026-08-07 14:31:55,CM cola Taller,Alma Cordoba,1234567890,yes,9,131,140,SIP/655
2026-08-07 14:31:14,CM cola Taller,,1234567890,no,1,0,0,
2026-08-07 14:30:08,CM cola Taller,,1234567890,no,1,0,0,
2026-08-07 14:27:14,CM cola Taller,Sofia Montaño,1234567890,yes,98,241,339,SIP/656
2026-08-07 14:25:54,CM cola Taller,Alma Cordoba,1234567890,yes,6,256,262,SIP/655
2026-08-07 14:21:59,MPC cola Taller,Alma Cordoba,1234567890,yes,6,148,154,SIP/655
2026-08-07 14:16:41,CM cola Taller,Sofia Montaño,1234567890,yes,78,132,210,SIP/656
2026-08-07 14:09:12,CM cola Taller,,1234567890,no,1,0,0,
2026-08-07 12:37:31,CM cola Taller,Alma Cordoba,1234567890,yes,9,121,130,SIP/655
2026-08-07 12:37:01,SF cola Taller,Rocío Cornejo,1234567890,yes,4,261,265,SIP/651
2026-08-07 12:35:00,CM cola Taller,Sabrina Mercado,250,yes,11,18,29,SIP/250
2026-08-07 12:34:45,CM cola Taller,,1234567890,no,1,0,0,
2026-08-07 12:33:10,CM cola Taller,,1234567890,no,0,0,0,
2026-08-07 12:30:54,CM cola Taller,,1234567890,no,1,0,0,
2026-08-07 12:30:36,MPC cola Taller,Rocío Cornejo,1234567890,yes,3,189,192,SIP/651
2026-08-07 12:22:29,CM cola Taller,Sofia Montaño,1234567890,yes,27,74,101,SIP/656
2026-08-07 12:22:23,CM cola Taller,,1234567890,no,1,0,0,
2026-08-07 12:20:51,CM cola Taller,Alma Cordoba,1234567890,yes,8,203,211,SIP/655
2026-08-07 12:19:08,CM cola Taller,,1234567890,no,1,0,0,
2026-08-07 12:16:10,CM cola Taller,Sabrina Mercado,250,yes,170,19,189,SIP/250
2026-08-07 12:13:42,MPC cola Taller,Sofia Montaño,1234567890,yes,32,351,383,SIP/656
2026-08-07 12:13:27,CM cola Taller,Alma Cordoba,1234567890,yes,40,213,253,SIP/655
2026-08-07 12:11:11,MPC cola Taller,Rocío Cornejo,1234567890,yes,15,251,266,SIP/651
2026-08-07 12:04:07,SF cola Taller,Sofia Montaño,1234567890,yes,5,30,35,SIP/656
2026-08-07 11:59:38,CM cola Taller,Alma Cordoba,1234567890,yes,13,116,129,SIP/655
2026-08-07 11:52:45,CM cola Taller,,1234567890,no,1,0,0,
2026-08-07 11:48:45,CM cola Taller,Agustina Vargas,255,yes,6,25,31,SIP/255
2026-08-07 11:48:10,CM cola Taller,Sofia Montaño,1234567890,yes,8,473,481,SIP/656
2026-08-07 11:47:00,CM cola Taller,,1234567890,no,1,0,0,
2026-08-07 11:44:25,CM cola Taller,Sofia Montaño,1234567890,yes,7,132,139,SIP/656
2026-08-07 11:39:52,MPC cola Taller,Tania Bazan,1234567890,yes,7,278,285,SIP/659
2026-08-07 11:32:55,MPC cola Taller,Sofia Montaño,1234567890,yes,4,203,207,SIP/656
2026-08-07 11:32:22,CM cola Taller,Tania Bazan,1234567890,yes,8,102,110,SIP/659
2026-08-07 11:19:53,CM cola Taller,Tania Bazan,1234567890,yes,64,443,507,SIP/659
2026-08-07 11:19:00,CM cola Taller,Sofia Montaño,1234567890,yes,283,169,452,SIP/656
2026-08-07 11:18:29,CM cola Taller,Sofia Montaño,1234567890,yes,12,289,301,SIP/656
2026-08-07 11:14:02,CM cola Taller,Sofia Montaño,1234567890,yes,12,194,206,SIP/656
2026-08-07 11:11:26,MPC cola Taller,Tania Bazan,1234567890,yes,3,365,368,SIP/659
2026-08-07 11:08:32,CM cola Taller,Sofia Montaño,1234567890,yes,5,159,164,SIP/656
2026-08-07 11:07:34,CM cola Taller,,1234567890,no,1,0,0,
2026-08-07 10:54:20,CM cola Taller,Tania Bazan,1234567890,yes,8,290,298,SIP/659
2026-08-07 10:41:54,CM cola Taller,Sofia Montaño,1234567890,yes,22,175,197,SIP/656
2026-08-07 10:38:39,CM cola Taller,Sofia Montaño,1234567890,yes,17,123,140,SIP/656
2026-08-07 10:37:26,CM cola Taller,,1234567890,no,2,0,0,
2026-08-07 10:36:29,MPC cola Taller,Sofia Montaño,1234567890,yes,9,122,131,SIP/656
2026-08-07 10:35:29,SF cola Taller,Tania Bazan,1234567890,yes,24,216,240,SIP/659
2026-08-07 10:32:47,CM cola Taller,Tania Bazan,1234567890,yes,81,29,110,SIP/659
2026-08-07 10:31:28,CM cola Taller,,1234567890,no,2,0,0,
2026-08-07 10:28:57,CM cola Taller,Sofia Montaño,1234567890,yes,7,391,398,SIP/656
2026-08-07 10:28:11,CM cola Taller,,1234567890,no,1,0,0,
2026-08-07 10:23:28,MPC cola Taller,Tania Bazan,1234567890,yes,5,332,337,SIP/659
2026-08-07 10:16:41,MPC cola Taller,Tania Bazan,1234567890,yes,4,159,163,SIP/659
2026-08-07 10:10:19,CM cola Taller,Tania Bazan,1234567890,yes,15,73,88,SIP/659
2026-08-07 10:10:15,SF cola Taller,Sofia Montaño,1234567890,yes,6,326,332,SIP/656
2026-08-07 10:07:41,CM cola Taller,Tania Bazan,1234567890,yes,12,37,49,SIP/659
2026-08-07 10:06:40,CM cola Taller,,1234567890,no,0,0,0,
2026-08-07 10:03:24,CM cola Taller,Sofia Montaño,1234567890,yes,63,247,310,SIP/656
2026-08-07 10:00:42,CM cola Taller,Tania Bazan,1234567890,yes,8,394,402,SIP/659
2026-08-07 09:57:13,CM cola Taller,Tania Bazan,1234567890,yes,8,112,120,SIP/659
2026-08-07 09:48:32,CM cola Taller,,1234567890,no,2,0,0,
2026-08-07 09:43:09,CM cola Taller,Sabrina Mercado,250,yes,122,20,142,SIP/250
2026-08-07 09:41:59,SF cola Taller,Tania Bazan,1234567890,yes,10,172,182,SIP/659
2026-08-07 09:39:54,CM cola Taller,,1234567890,no,0,0,0,
2026-08-07 09:26:37,CM cola Taller,Sabrina Mercado,250,yes,5,67,72,SIP/250
2026-08-07 09:23:59,CM cola Taller,,1234567890,no,7,0,0,
2026-08-07 09:15:36,CM cola Taller,Sabrina Mercado,250,yes,7,30,37,SIP/250
2026-08-07 09:13:54,CM cola Taller,,1234567890,no,0,0,0,
2026-08-07 09:13:11,CM cola Taller,Sabrina Mercado,250,yes,8,52,60,SIP/250
2026-08-07 09:12:42,CM cola Taller,,1234567890,no,3,0,0,
2026-08-07 09:07:31,CM cola Taller,Tania Bazan,1234567890,yes,7,327,334,SIP/659
2026-08-07 09:07:17,CM cola Taller,,1234567890,no,0,0,0,
2026-08-07 09:01:36,CM cola Taller,Tania Bazan,1234567890,yes,9,162,171,SIP/659
2026-08-07 08:56:46,CM cola Taller,,1234567890,no,2,0,0,
2026-08-07 08:44:16,MPC cola Taller,Tania Bazan,1234567890,yes,14,95,109,SIP/659
2026-08-07 08:41:17,CM cola Taller,Sabrina Mercado,250,yes,5,41,46,SIP/250
2026-08-06 17:54:30,CM cola Taller,,1234567890,no,442,0,0,
2026-08-06 17:47:04,CM cola Taller,,1234567890,no,0,0,0,
2026-08-06 17:39:49,CM cola Taller,,1234567890,no,1046,0,0,
2026-08-06 17:38:48,CM cola Taller,,1234567890,no,2,0,0,
2026-08-06 17:19:24,CM cola Taller,,1234567890,no,356,0,0,
2026-08-06 17:18:03,CM cola Taller,,1234567890,no,1,0,0,
2026-08-06 17:14:22,CM cola Taller,,1234567890,no,25,0,0,
2026-08-06 17:03:21,CM cola Taller,Rocío Cornejo,1234567890,yes,12,447,459,SIP/651
2026-08-06 16:51:01,CM cola Taller,Sabrina Mercado,250,yes,232,26,258,SIP/250
2026-08-06 16:48:01,CM cola Taller,Rocío Cornejo,1234567890,yes,148,258,406,SIP/651
2026-08-06 16:45:43,MPC cola Taller,,1234567890,no,73,0,0,
2026-08-06 16:40:03,CM cola Taller,Rocío Cornejo,1234567890,yes,173,398,571,SIP/651
2026-08-06 16:39:09,SF cola Taller,Rocío Cornejo,1234567890,yes,60,154,214,SIP/651
2026-08-06 16:37:51,CM cola Taller,,1234567890,no,13,0,0,
2026-08-06 16:37:40,MPC cola Taller,,1234567890,no,293,0,0,
2026-08-06 16:14:22,CM cola Taller,Rocío Cornejo,1234567890,yes,15,170,185,SIP/651
2026-08-06 16:01:01,MPC cola Taller,Rocío Cornejo,1234567890,yes,274,176,450,SIP/651
2026-08-06 15:44:26,SF cola Taller,Rocío Cornejo,1234567890,yes,14,80,94,SIP/651
2026-08-06 15:37:07,CM cola Taller,Rocío Cornejo,1234567890,yes,171,228,399,SIP/651
2026-08-06 15:29:13,CM cola Taller,Rocío Cornejo,1234567890,yes,36,548,584,SIP/651
2026-08-06 15:28:10,CM cola Taller,Rocío Cornejo,1234567890,yes,10,69,79,SIP/651
2026-08-06 15:20:57,CM cola Taller,Rocío Cornejo,1234567890,yes,20,94,114,SIP/651
2026-08-06 15:16:11,CM cola Taller,,1234567890,no,69,0,0,
2026-08-06 15:15:17,CM cola Taller,,1234567890,no,1,0,0,
2026-08-06 15:12:36,CM cola Taller,Sofia Montaño,1234567890,yes,107,351,458,SIP/656
2026-08-06 15:07:33,CM cola Taller,,1234567890,no,3,0,0,
2026-08-06 15:02:56,CM cola Taller,Sabrina Mercado,250,yes,49,35,84,SIP/250
2026-08-06 14:58:57,CM cola Taller,Rocío Cornejo,1234567890,yes,123,157,280,SIP/651
2026-08-06 14:56:49,SF cola Taller,Sofia Montaño,1234567890,yes,7,115,122,SIP/656
2026-08-06 14:53:20,CM cola Taller,,1234567890,no,0,0,0,
2026-08-06 14:44:21,CM cola Taller,Rocío Cornejo,1234567890,yes,170,182,352,SIP/651
2026-08-06 14:43:09,MPC cola Taller,Rocío Cornejo,1234567890,yes,6,159,165,SIP/651
2026-08-06 14:38:41,SF cola Taller,Rocío Cornejo,1234567890,yes,20,119,139,SIP/651
2026-08-06 14:36:28,CM cola Taller,Sofia Montaño,1234567890,yes,78,599,677,SIP/656
2026-08-06 14:27:53,CM cola Taller,Sabrina Mercado,250,yes,6,16,22,SIP/250
2026-08-06 14:14:06,CM cola Taller,Rocío Cornejo,1234567890,yes,92,237,329,SIP/651
2026-08-06 14:07:51,CM cola Taller,,1234567890,no,269,0,0,
2026-08-06 14:07:00,CM cola Taller,Ivana Scarano,317,yes,6,58,64,SIP/317
2026-08-06 14:06:06,CM cola Taller,,1234567890,no,1,0,0,
2026-08-06 14:04:48,CM cola Taller,,1234567890,no,1,0,0,
2026-08-06 12:57:10,CM cola Taller,Rocío Cornejo,1234567890,yes,6,132,138,SIP/651
2026-08-06 12:54:36,CM cola Taller,Alma Cordoba,1234567890,yes,17,169,186,SIP/655
2026-08-06 12:53:29,CM cola Taller,,1234567890,no,1,0,0,
2026-08-06 12:50:22,CM cola Taller,Rocío Cornejo,499,yes,29,152,181,SIP/651
2026-08-06 12:48:26,CM cola Taller,Sofia Montaño,1234567890,yes,5,268,273,SIP/656
2026-08-06 12:45:12,CM cola Taller,Rocío Cornejo,1234567890,yes,21,152,173,SIP/651
2026-08-06 12:38:35,CM cola Taller,Sabrina Mercado,250,yes,24,51,75,SIP/250
2026-08-06 12:35:54,CM cola Taller,Rocío Cornejo,1234567890,yes,7,119,126,SIP/651
2026-08-06 12:31:26,MPC cola Taller,Rocío Cornejo,1234567890,yes,9,90,99,SIP/651
2026-08-06 12:28:49,CM cola Taller,Alma Cordoba,1234567890,yes,16,191,207,SIP/655
2026-08-06 12:23:40,CM cola Taller,,1234567890,no,1,0,0,
2026-08-06 12:22:39,CM cola Taller,,1234567890,no,3,0,0,
2026-08-06 12:18:42,CM cola Taller,,1234567890,no,1,0,0,
2026-08-06 12:04:10,CM cola Taller,Rocío Cornejo,1234567890,yes,9,189,198,SIP/651
2026-08-06 12:03:24,CM cola Taller,Sofia Montaño,1234567890,yes,20,131,151,SIP/656
2026-08-06 12:02:23,CM cola Taller,,1234567890,no,2,0,0,
2026-08-06 11:59:46,CM cola Taller,Alma Cordoba,1234567890,yes,91,222,313,SIP/655
2026-08-06 11:59:39,CM cola Taller,Lucia Sosa,1234567890,yes,241,148,389,SIP/650
2026-08-06 11:59:00,CM cola Taller,,1234567890,no,3,0,0,
2026-08-06 11:58:28,CM cola Taller,Sofia Montaño,1234567890,yes,5,122,127,SIP/656
2026-08-06 11:54:34,CM cola Taller,Lucia Sosa,1234567890,yes,18,362,380,SIP/650
2026-08-06 11:53:37,CM cola Taller,,250,no,93,0,0,
2026-08-06 11:48:28,MPC cola Taller,Lucia Sosa,1234567890,yes,61,285,346,SIP/650
2026-08-06 11:46:54,CM cola Taller,,1234567890,no,0,0,0,
2026-08-06 11:41:23,CM cola Taller,Lucia Sosa,1234567890,yes,324,109,433,SIP/650
2026-08-06 11:33:47,MPC cola Taller,Sofia Montaño,1234567890,yes,385,121,506,SIP/656
2026-08-06 11:32:57,CM cola Taller,Sofia Montaño,1234567890,yes,40,344,384,SIP/656
2026-08-06 11:28:17,CM cola Taller,Sofia Montaño,1234567890,yes,110,198,308,SIP/656
2026-08-06 11:22:34,CM cola Taller,Lucia Sosa,1234567890,yes,448,327,775,SIP/650
2026-08-06 11:21:41,CM cola Taller,,1234567890,no,88,0,0,
2026-08-06 11:20:53,SF cola Taller,Lucia Sosa,1234567890,yes,5,433,438,SIP/650
2026-08-06 11:15:52,CM cola Taller,Sofia Montaño,1234567890,yes,9,760,769,SIP/656
2026-08-06 11:08:44,CM cola Taller,,1234567890,no,1,0,0,
2026-08-06 11:06:28,CM cola Taller,,1234567890,no,0,0,0,
2026-08-06 11:04:35,CM cola Taller,Sofia Montaño,1234567890,yes,284,116,400,SIP/656
2026-08-06 11:04:20,MPC cola Taller,Sofia Montaño,1234567890,yes,5,234,239,SIP/656
2026-08-06 10:56:34,CM cola Taller,Sofia Montaño,1234567890,yes,5,288,293,SIP/656
2026-08-06 10:42:48,CM cola Taller,Sofia Montaño,1234567890,yes,8,94,102,SIP/656
2026-08-06 10:34:31,CM cola Taller,Sofia Montaño,1234567890,yes,5,30,35,SIP/656
2026-08-06 10:31:52,CM cola Taller,,1234567890,no,1,0,0,
2026-08-06 10:14:11,CM cola Taller,Sofia Montaño,1234567890,yes,204,325,529,SIP/656
2026-08-06 10:06:24,CM cola Taller,,1234567890,no,244,0,0,
2026-08-06 10:05:27,CM cola Taller,Sofia Montaño,1234567890,yes,447,273,720,SIP/656
2026-08-06 10:04:48,CM cola Taller,,499,yes,7,376,383,SIP/499
2026-08-06 09:55:38,CM cola Taller,Lucia Sosa,1234567890,yes,112,212,324,SIP/650
2026-08-06 09:55:33,CM cola Taller,,1234567890,no,78,0,0,
2026-08-06 09:53:38,SF cola Taller,Lucia Sosa,1234567890,yes,7,199,206,SIP/650
2026-08-06 09:46:59,CM cola Taller,Lucia Sosa,1234567890,yes,9,0,9,SIP/650
2026-08-06 09:42:19,CM cola Taller,Lucia Sosa,1234567890,yes,11,118,129,SIP/650
2026-08-06 09:41:16,CM cola Taller,,1234567890,no,2,0,0,
2026-08-06 09:39:19,CM cola Taller,,1234567890,no,1,0,0,
2026-08-06 09:27:17,CM cola Taller,,499,yes,34,67,101,SIP/499
2026-08-06 09:23:28,CM cola Taller,Lucia Sosa,1234567890,yes,17,129,146,SIP/650
2026-08-06 08:58:35,CM cola Taller,Lucia Sosa,1234567890,yes,24,250,274,SIP/650
2026-08-06 08:48:30,CM cola Taller,Sabrina Mercado,250,yes,563,16,579,SIP/250
2026-08-06 08:46:52,SF cola Taller,Lucia Sosa,1234567890,yes,13,178,191,SIP/650
2026-08-06 08:46:09,CM cola Taller,Lucia Sosa,1234567890,yes,338,344,682,SIP/650
2026-08-06 08:42:35,CM cola Taller,,1234567890,no,1,0,0,
2026-08-06 08:42:26,CM cola Taller,Lucia Sosa,1234567890,yes,471,71,542,SIP/650
2026-08-06 08:41:59,CM cola Taller,,1234567890,no,1,0,0,
2026-08-06 08:38:17,CM cola Taller,Lucia Sosa,1234567890,yes,36,479,515,SIP/650
2026-08-06 08:37:21,CM cola Taller,,1234567890,no,1,0,0,
2026-08-06 08:34:34,CM cola Taller,,1234567890,no,105,0,0,
2026-08-06 08:34:07,CM cola Taller,Lucia Sosa,1234567890,yes,6,172,178,SIP/650
2026-08-06 08:33:51,CM cola Taller,,1234567890,no,2,0,0,
2026-08-06 08:31:03,CM cola Taller,Lucia Sosa,1234567890,yes,9,158,167,SIP/650
2026-08-06 08:10:51,CM cola Taller,Lucia Sosa,1234567890,yes,10,201,211,SIP/650
2026-08-06 08:09:35,CM cola Taller,,1234567890,no,2,0,0,
2026-08-05 17:58:49,CM cola Taller,,1234567890,no,125,0,0,
2026-08-05 17:58:46,CM cola Taller,,1234567890,no,0,0,0,
2026-08-05 17:36:59,CM cola Taller,Alma Cordoba,1234567890,yes,35,250,285,SIP/655
2026-08-05 17:20:35,CM cola Taller,Alma Cordoba,1234567890,yes,39,87,126,SIP/655
2026-08-05 17:16:59,CM cola Taller,,1234567890,no,1,0,0,
2026-08-05 17:16:31,CM cola Taller,,1234567890,no,0,0,0,
2026-08-05 17:12:14,CM cola Taller,,1234567890,no,0,0,0,
2026-08-05 17:10:42,CM cola Taller,Alma Cordoba,1234567890,yes,222,208,430,SIP/655
2026-08-05 17:10:22,CM cola Taller,Rocío Cornejo,1234567890,yes,10,66,76,SIP/651
2026-08-05 17:09:18,CM cola Taller,,1234567890,no,1,0,0,
2026-08-05 16:57:51,CM cola Taller,Rocío Cornejo,1234567890,yes,199,319,518,SIP/651
2026-08-05 16:55:18,CM cola Taller,,1234567890,no,196,0,0,
2026-08-05 16:54:30,CM cola Taller,,1234567890,no,140,0,0,
2026-08-05 16:44:48,CM cola Taller,Rocío Cornejo,1234567890,yes,175,321,496,SIP/651
2026-08-05 16:44:27,MPC cola Taller,Rocío Cornejo,1234567890,yes,14,137,151,SIP/651
2026-08-05 16:44:01,CM cola Taller,,1234567890,no,1,0,0,
2026-08-05 16:35:34,CM cola Taller,Rocío Cornejo,1234567890,yes,29,138,167,SIP/651
2026-08-05 16:30:41,MPC cola Taller,Rocío Cornejo,1234567890,yes,55,94,149,SIP/651
2026-08-05 16:20:21,CM cola Taller,,1234567890,no,0,0,0,
2026-08-05 16:15:33,CM cola Taller,Rocío Cornejo,1234567890,yes,144,234,378,SIP/651
2026-08-05 16:14:05,CM cola Taller,,1234567890,no,2,0,0,
2026-08-05 16:09:41,CM cola Taller,Rocío Cornejo,1234567890,yes,315,127,442,SIP/651
2026-08-05 16:07:16,CM cola Taller,Sabrina Mercado,250,yes,327,22,349,SIP/250
2026-08-05 16:06:38,CM cola Taller,Sabrina Mercado,250,yes,4,52,56,SIP/250
2026-08-05 16:04:16,CM cola Taller,,1234567890,no,3,0,0,
2026-08-05 16:02:19,MPC cola Taller,Rocío Cornejo,1234567890,yes,3,169,172,SIP/651
2026-08-05 15:49:54,CM cola Taller,,1234567890,no,0,0,0,
2026-08-05 15:44:48,CM cola Taller,Rocío Cornejo,1234567890,yes,206,180,386,SIP/651
2026-08-05 15:44:32,CM cola Taller,,1234567890,no,54,0,0,
2026-08-05 15:44:22,CM cola Taller,,1234567890,no,0,0,0,
2026-08-05 15:26:32,CM cola Taller,Alma Cordoba,1234567890,yes,10,199,209,SIP/655
2026-08-05 15:17:23,CM cola Taller,Alma Cordoba,1234567890,yes,26,87,113,SIP/655
2026-08-05 15:02:48,CM cola Taller,Rocío Cornejo,1234567890,yes,6,161,167,SIP/651
2026-08-05 14:59:02,CM cola Taller,Alma Cordoba,1234567890,yes,182,121,303,SIP/655
2026-08-05 14:58:39,CM cola Taller,Alma Cordoba,1234567890,yes,15,105,120,SIP/655
2026-08-05 14:57:39,CM cola Taller,,1234567890,no,1,0,0,
2026-08-05 14:56:36,CM cola Taller,Rocío Cornejo,1234567890,yes,88,256,344,SIP/651
2026-08-05 14:55:23,CM cola Taller,Alma Cordoba,1234567890,yes,10,100,110,SIP/655
2026-08-05 14:51:14,CM cola Taller,,1234567890,no,1,0,0,
2026-08-05 14:50:52,CM cola Taller,Alma Cordoba,1234567890,yes,13,74,87,SIP/655
2026-08-05 14:50:26,CM cola Taller,,1234567890,no,2,0,0,
2026-08-05 14:48:15,CM cola Taller,Rocío Cornejo,1234567890,yes,12,57,69,SIP/651
2026-08-05 14:33:19,CM cola Taller,Rocío Cornejo,1234567890,yes,15,261,276,SIP/651
2026-08-05 14:29:28,CM cola Taller,Alma Cordoba,1234567890,yes,18,106,124,SIP/655
2026-08-05 14:28:12,CM cola Taller,Rocío Cornejo,1234567890,yes,25,191,216,SIP/651
2026-08-05 14:23:18,CM cola Taller,Alma Cordoba,1234567890,yes,151,71,222,SIP/655
2026-08-05 14:17:50,CM cola Taller,Alma Cordoba,1234567890,yes,21,263,284,SIP/655
2026-08-05 14:16:35,CM cola Taller,Rocío Cornejo,1234567890,yes,8,67,75,SIP/651
2026-08-05 14:15:52,CM cola Taller,,1234567890,no,2,0,0,
2026-08-05 14:09:10,MPC cola Taller,Rocío Cornejo,1234567890,yes,31,136,167,SIP/651
2026-08-05 14:07:38,CM cola Taller,,1234567890,no,4,0,0,
2026-08-05 12:58:55,MPC cola Taller,Alma Cordoba,1234567890,yes,27,148,175,SIP/655
2026-08-05 12:58:09,CM cola Taller,Rocío Cornejo,1234567890,yes,17,164,181,SIP/651
2026-08-05 12:53:13,CM cola Taller,Alma Cordoba,1234567890,yes,17,211,228,SIP/655
2026-08-05 12:52:22,CM cola Taller,,1234567890,no,5,0,0,
2026-08-05 12:47:06,CM cola Taller,Rocío Cornejo,1234567890,yes,10,356,366,SIP/651
2026-08-05 12:45:53,CM cola Taller,,1234567890,no,6,0,0,
2026-08-05 12:44:54,CM cola Taller,,1234567890,no,6,0,0,
2026-08-05 12:44:45,CM cola Taller,Sabrina Mercado,250,yes,12,51,63,SIP/250
2026-08-05 12:43:06,CM cola Taller,Sofia Montaño,1234567890,yes,18,124,142,SIP/656
2026-08-05 12:41:22,CM cola Taller,Alma Cordoba,1234567890,yes,53,207,260,SIP/655
2026-08-05 12:39:57,CM cola Taller,,1234567890,no,5,0,0,
2026-08-05 12:38:18,MPC cola Taller,Tania Bazan,1234567890,yes,4,453,457,SIP/659
2026-08-05 12:23:53,CM cola Taller,Sabrina Mercado,250,yes,70,30,100,SIP/250
2026-08-05 12:22:39,CM cola Taller,Tania Bazan,1234567890,yes,24,119,143,SIP/659
2026-08-05 12:22:37,CM cola Taller,Rocío Cornejo,1234567890,yes,6,119,125,SIP/651
2026-08-05 12:22:16,MPC cola Taller,Sofia Montaño,1234567890,yes,14,350,364,SIP/656
2026-08-05 12:21:42,CM cola Taller,Alma Cordoba,1234567890,yes,11,175,186,SIP/655
2026-08-05 12:17:37,CM cola Taller,Rocío Cornejo,1234567890,yes,16,212,228,SIP/651
2026-08-05 12:17:36,CM cola Taller,Sabrina Mercado,250,yes,12,32,44,SIP/250
2026-08-05 12:16:38,CM cola Taller,,1234567890,no,1,0,0,
2026-08-05 12:15:40,CM cola Taller,,1234567890,no,2,0,0,
2026-08-05 12:14:10,CM cola Taller,Sabrina Mercado,250,yes,8,21,29,SIP/250
2026-08-05 12:08:21,CM cola Taller,Alma Cordoba,1234567890,yes,8,219,227,SIP/655
2026-08-05 12:05:31,CM cola Taller,Sofia Montaño,1234567890,yes,6,326,332,SIP/656
2026-08-05 12:04:50,CM cola Taller,,1234567890,no,0,0,0,
2026-08-05 12:03:07,MPC cola Taller,Alma Cordoba,1234567890,yes,9,17,26,SIP/655
2026-08-05 11:56:50,CM cola Taller,,1234567890,no,1,0,0,
2026-08-05 11:55:51,CM cola Taller,,1234567890,no,1,0,0,
2026-08-05 11:54:08,CM cola Taller,,1234567890,no,365,0,0,
2026-08-05 11:50:40,CM cola Taller,Tania Bazan,1234567890,yes,94,81,175,SIP/659
2026-08-05 11:50:37,CM cola Taller,Sofia Montaño,1234567890,yes,14,232,246,SIP/656
2026-08-05 11:40:22,SF cola Taller,Sofia Montaño,1234567890,yes,11,178,189,SIP/656
2026-08-05 11:36:37,MPC cola Taller,Tania Bazan,1234567890,yes,2,484,486,SIP/659
2026-08-05 11:32:56,CM cola Taller,,1234567890,no,2,0,0,
2026-08-05 11:29:27,CM cola Taller,,1234567890,no,1,0,0,
2026-08-05 11:29:27,CM cola Taller,Sofia Montaño,1234567890,yes,18,202,220,SIP/656
2026-08-05 11:28:39,MPC cola Taller,Tania Bazan,1234567890,yes,3,137,140,SIP/659
2026-08-05 11:26:48,CM cola Taller,Sabrina Mercado,250,yes,8,29,37,SIP/250
2026-08-05 11:23:59,CM cola Taller,,1234567890,no,14,0,0,
2026-08-05 11:22:48,MPC cola Taller,Sofia Montaño,1234567890,yes,13,83,96,SIP/656
2026-08-05 11:12:23,CM cola Taller,,1234567890,no,3,0,0,
2026-08-05 11:09:20,CM cola Taller,Tania Bazan,1234567890,yes,6,155,161,SIP/659
2026-08-05 11:04:23,CM cola Taller,Sofia Montaño,1234567890,yes,8,134,142,SIP/656
2026-08-05 10:58:13,CM cola Taller,Tania Bazan,1234567890,yes,13,239,252,SIP/659
2026-08-05 10:58:12,MPC cola Taller,Sofia Montaño,1234567890,yes,6,161,167,SIP/656
2026-08-05 10:51:43,MPC cola Taller,,1234567890,no,171,0,0,
2026-08-05 10:49:45,CM cola Taller,,1234567890,no,79,0,0,
2026-08-05 10:48:54,CM cola Taller,,1234567890,no,2,0,0,
2026-08-05 10:48:29,CM cola Taller,Tania Bazan,1234567890,yes,178,202,380,SIP/659
2026-08-05 10:46:30,CM cola Taller,,1234567890,no,288,0,0,
2026-08-05 10:43:46,CM cola Taller,Sofia Montaño,1234567890,yes,212,443,655,SIP/656
2026-08-05 10:43:25,MPC cola Taller,,1234567890,no,420,0,0,
2026-08-05 10:42:37,CM cola Taller,,1234567890,no,0,0,0,
2026-08-05 10:40:27,CM cola Taller,Tania Bazan,1234567890,yes,116,534,650,SIP/659
2026-08-05 10:40:05,CM cola Taller,Sofia Montaño,1234567890,yes,129,196,325,SIP/656
2026-08-05 10:39:35,CM cola Taller,,1234567890,no,2,0,0,
2026-08-05 10:28:27,MPC cola Taller,Tania Bazan,1234567890,yes,32,216,248,SIP/659
2026-08-05 10:22:19,CM cola Taller,Sofia Montaño,1234567890,yes,105,315,420,SIP/656
2026-08-05 10:21:41,CM cola Taller,,1234567890,no,1,0,0,
2026-08-05 10:19:00,CM cola Taller,Sofia Montaño,1234567890,yes,56,235,291,SIP/656
2026-08-05 10:18:10,CM cola Taller,,1234567890,no,1,0,0,
2026-08-05 10:09:12,CM cola Taller,Sofia Montaño,1234567890,yes,8,61,69,SIP/656
2026-08-05 10:00:55,MPC cola Taller,,1234567890,no,2,0,0,
2026-08-05 09:56:50,CM cola Taller,,1234567890,no,23,0,0,
2026-08-05 09:56:16,CM cola Taller,,1234567890,no,1,0,0,
2026-08-05 09:50:22,CM cola Taller,Sabrina Mercado,250,yes,623,15,638,SIP/250
2026-08-05 09:48:27,CM cola Taller,,1234567890,no,4,0,0,
2026-08-05 09:47:49,CM cola Taller,Tania Bazan,499,yes,355,340,695,SIP/659
2026-08-05 09:45:33,CM cola Taller,,1234567890,no,0,0,0,
2026-08-05 09:45:01,CM cola Taller,Sabrina Mercado,250,yes,135,21,156,SIP/250
2026-08-05 09:42:30,CM cola Taller,Tania Bazan,1234567890,yes,549,113,662,SIP/659
2026-08-05 09:42:29,CM cola Taller,Tania Bazan,1234567890,yes,119,148,267,SIP/659
2026-08-05 09:40:06,CM cola Taller,Tania Bazan,1234567890,yes,81,340,421,SIP/659
2026-08-05 09:39:00,CM cola Taller,,1234567890,no,0,0,0,
2026-08-05 09:36:33,CM cola Taller,,1234567890,no,5,0,0,
2026-08-05 09:32:52,MPC cola Taller,,1234567890,no,421,0,0,
2026-08-05 09:31:15,SF cola Taller,Tania Bazan,1234567890,yes,16,472,488,SIP/659
2026-08-05 09:30:43,CM cola Taller,,1234567890,no,0,0,0,
2026-08-05 09:24:56,CM cola Taller,Tania Bazan,1234567890,yes,64,314,378,SIP/659
2026-08-05 09:24:26,CM cola Taller,Sabrina Mercado,250,yes,8,56,64,SIP/250
2026-08-05 09:23:45,CM cola Taller,,1234567890,no,1,0,0,
2026-08-05 09:23:39,CM cola Taller,,1234567890,no,0,0,0,
2026-08-05 09:14:00,CM cola Taller,Tania Bazan,1234567890,yes,89,478,567,SIP/659
2026-08-05 09:13:20,MPC cola Taller,Tania Bazan,1234567890,yes,6,105,111,SIP/659
2026-08-05 09:07:08,CM cola Taller,Sabrina Mercado,250,yes,12,26,38,SIP/250
2026-08-05 08:58:45,CM cola Taller,Sabrina Mercado,250,yes,210,18,228,SIP/250
2026-08-05 08:58:22,CM cola Taller,Tania Bazan,1234567890,yes,6,217,223,SIP/659
2026-08-05 08:55:28,SF cola Taller,Tania Bazan,1234567890,yes,5,64,69,SIP/659
2026-08-05 08:49:14,CM cola Taller,,1234567890,no,0,0,0,
2026-08-05 08:42:54,CM cola Taller,Tania Bazan,1234567890,yes,11,86,97,SIP/659
2026-08-05 08:38:37,CM cola Taller,Tania Bazan,1234567890,yes,15,59,74,SIP/659
2026-08-05 08:28:18,SF cola Taller,Tania Bazan,1234567890,yes,32,51,83,SIP/659
2026-08-05 08:21:45,CM cola Taller,Tania Bazan,1234567890,yes,6,146,152,SIP/659
2026-08-05 08:16:20,MPC cola Taller,Tania Bazan,1234567890,yes,4,46,50,SIP/659
2026-08-05 08:10:54,CM cola Taller,Tania Bazan,1234567890,yes,21,157,178,SIP/659
2026-08-05 08:10:05,CM cola Taller,,1234567890,no,1,0,0,
2026-08-04 17:37:35,CM cola Taller,Rocío Cornejo,1234567890,yes,158,166,324,SIP/651
2026-08-04 17:35:31,CM cola Taller,,1234567890,no,24,0,0,
2026-08-04 17:20:12,CM cola Taller,,1234567890,no,1,0,0,
2026-08-04 17:09:55,CM cola Taller,,1234567890,no,2,0,0,
2026-08-04 17:08:21,CM cola Taller,,1234567890,no,0,0,0,
2026-08-04 17:06:30,CM cola Taller,,1234567890,no,2,0,0,
2026-08-04 17:03:37,CM cola Taller,Rocío Cornejo,1234567890,yes,273,136,409,SIP/651
2026-08-04 17:02:56,CM cola Taller,Rocío Cornejo,1234567890,yes,62,154,216,SIP/651
2026-08-04 17:02:30,CM cola Taller,,1234567890,no,1,0,0,
2026-08-04 16:43:15,CM cola Taller,Alma Cordoba,1234567890,yes,84,154,238,SIP/655
2026-08-04 16:31:34,CM cola Taller,Alma Cordoba,1234567890,yes,28,113,141,SIP/655
2026-08-04 16:06:00,MPC cola Taller,,1234567890,no,182,0,0,
2026-08-04 16:05:52,CM cola Taller,Alma Cordoba,1234567890,yes,255,103,358,SIP/655
2026-08-04 16:04:54,CM cola Taller,,1234567890,no,2,0,0,
2026-08-04 15:56:54,CM cola Taller,,1234567890,no,194,0,0,
2026-08-04 15:55:07,CM cola Taller,Alma Cordoba,1234567890,yes,497,220,717,SIP/655
2026-08-04 15:53:38,CM cola Taller,Alma Cordoba,1234567890,yes,246,240,486,SIP/655
2026-08-04 15:41:35,CM cola Taller,,1234567890,no,619,0,0,
2026-08-04 15:40:58,MPC cola Taller,,1234567890,no,234,0,0,
2026-08-04 15:39:57,CM cola Taller,Alma Cordoba,1234567890,yes,553,268,821,SIP/655
2026-08-04 15:39:42,CM cola Taller,,1234567890,no,376,0,0,
2026-08-04 15:32:11,CM cola Taller,Sabrina Mercado,250,yes,613,48,661,SIP/250
2026-08-04 15:29:33,CM cola Taller,,1234567890,no,1,0,0,
2026-08-04 15:29:22,CM cola Taller,Alma Cordoba,1234567890,yes,96,455,551,SIP/655
2026-08-04 15:18:19,CM cola Taller,Sofia Montaño,1234567890,yes,7,120,127,SIP/656
2026-08-04 15:07:58,CM cola Taller,Sofia Montaño,1234567890,yes,14,288,302,SIP/656
2026-08-04 15:06:03,CM cola Taller,Alma Cordoba,1234567890,yes,17,300,317,SIP/655
2026-08-04 15:00:01,CM cola Taller,Alma Cordoba,1234567890,yes,161,153,314,SIP/655
2026-08-04 14:56:56,CM cola Taller,Alma Cordoba,1234567890,yes,11,251,262,SIP/655
2026-08-04 14:54:41,CM cola Taller,Sofia Montaño,1234567890,yes,5,71,76,SIP/656
2026-08-04 14:48:53,CM cola Taller,Sofia Montaño,1234567890,yes,12,104,116,SIP/656
2026-08-04 14:48:37,CM cola Taller,Alma Cordoba,1234567890,yes,13,320,333,SIP/655
2026-08-04 14:47:49,CM cola Taller,,1234567890,no,0,0,0,
2026-08-04 14:34:49,CM cola Taller,Agustina Vargas,255,yes,9,44,53,SIP/255
2026-08-04 14:26:02,SF cola Taller,Sofia Montaño,1234567890,yes,3,138,141,SIP/656
2026-08-04 14:25:17,MPC cola Taller,Alma Cordoba,1234567890,yes,8,126,134,SIP/655
2026-08-04 14:25:01,CM cola Taller,Agustina Vargas,255,yes,11,19,30,SIP/255
2026-08-04 14:22:01,SF cola Taller,Alma Cordoba,1234567890,yes,7,161,168,SIP/655
2026-08-04 14:14:24,MPC cola Taller,Sofia Montaño,1234567890,yes,6,275,281,SIP/656
2026-08-04 12:59:34,CM cola Taller,,1234567890,no,1,0,0,
2026-08-04 12:49:18,CM cola Taller,Alma Cordoba,1234567890,yes,18,288,306,SIP/655
2026-08-04 12:49:09,CM cola Taller,Sabrina Mercado,250,yes,14,29,43,SIP/250
2026-08-04 12:48:06,CM cola Taller,,1234567890,no,3,0,0,
2026-08-04 12:44:21,CM cola Taller,Sofia Montaño,1234567890,yes,9,183,192,SIP/656
2026-08-04 12:33:37,MPC cola Taller,Rocío Cornejo,1234567890,yes,20,139,159,SIP/651
2026-08-04 12:31:33,MPC cola Taller,Alma Cordoba,1234567890,yes,9,232,241,SIP/655
2026-08-04 12:27:13,MPC cola Taller,Rocío Cornejo,1234567890,yes,3,125,128,SIP/651
2026-08-04 12:06:59,CM cola Taller,Lucia Sosa,1234567890,yes,15,92,107,SIP/650
2026-08-04 12:05:44,CM cola Taller,Sofia Montaño,1234567890,yes,8,168,176,SIP/656
2026-08-04 11:57:43,CM cola Taller,,1234567890,no,63,0,0,
2026-08-04 11:57:20,CM cola Taller,Sabrina Mercado,250,yes,18,14,32,SIP/250
2026-08-04 11:55:33,CM cola Taller,Lucia Sosa,1234567890,yes,28,171,199,SIP/650
2026-08-04 11:55:10,CM cola Taller,Sofia Montaño,1234567890,yes,7,197,204,SIP/656
2026-08-04 11:54:11,CM cola Taller,,1234567890,no,1,0,0,
2026-08-04 11:51:50,CM cola Taller,Lucia Sosa,1234567890,yes,19,206,225,SIP/650
2026-08-04 11:51:25,SF cola Taller,Sofia Montaño,1234567890,yes,21,170,191,SIP/656
2026-08-04 11:49:15,CM cola Taller,Matias Villafane,502,yes,15,80,95,SIP/502
2026-08-04 11:46:41,SF cola Taller,Sofia Montaño,1234567890,yes,7,146,153,SIP/656
2026-08-04 11:45:02,CM cola Taller,,1234567890,no,2,0,0,
2026-08-04 11:41:37,CM cola Taller,,1234567890,no,0,0,0,
2026-08-04 11:37:49,MPC cola Taller,Alma Cordoba,1234567890,yes,18,152,170,SIP/655
2026-08-04 11:34:11,CM cola Taller,Sofia Montaño,1234567890,yes,19,375,394,SIP/656
2026-08-04 11:30:51,CM cola Taller,Alma Cordoba,1234567890,yes,33,73,106,SIP/655
2026-08-04 11:26:18,CM cola Taller,Sofia Montaño,1234567890,yes,14,174,188,SIP/656
2026-08-04 11:21:46,CM cola Taller,Sofia Montaño,1234567890,yes,13,158,171,SIP/656
2026-08-04 11:21:17,CM cola Taller,Lucia Sosa,1234567890,yes,18,121,139,SIP/650
2026-08-04 11:17:53,MPC cola Taller,Alma Cordoba,1234567890,yes,4,219,223,SIP/655
2026-08-04 11:14:33,CM cola Taller,Alma Cordoba,1234567890,yes,8,21,29,SIP/655
2026-08-04 11:13:58,CM cola Taller,,1234567890,no,1,0,0,
2026-08-04 11:03:37,SF cola Taller,Alma Cordoba,1234567890,yes,10,197,207,SIP/655
2026-08-04 11:02:47,CM cola Taller,Sabrina Mercado,250,yes,28,43,71,SIP/250
2026-08-04 10:55:56,CM cola Taller,Sofia Montaño,1234567890,yes,20,342,362,SIP/656
2026-08-04 10:49:14,CM cola Taller,Lucia Sosa,1234567890,yes,16,239,255,SIP/650
2026-08-04 10:45:05,CM cola Taller,Sofia Montaño,1234567890,yes,75,229,304,SIP/656
2026-08-04 10:41:51,MPC cola Taller,Lucia Sosa,1234567890,yes,173,116,289,SIP/650
2026-08-04 10:41:02,CM cola Taller,Sofia Montaño,1234567890,yes,7,294,301,SIP/656
2026-08-04 10:34:06,CM cola Taller,Lucia Sosa,499,yes,149,296,445,SIP/650
2026-08-04 10:29:30,CM cola Taller,,1234567890,no,4,0,0,
2026-08-04 10:28:31,CM cola Taller,,1234567890,no,487,0,0,
2026-08-04 10:28:01,CM cola Taller,Lucia Sosa,1234567890,yes,232,201,433,SIP/650
2026-08-04 10:27:31,CM cola Taller,Lucia Sosa,1234567890,yes,19,296,315,SIP/650
2026-08-04 10:24:01,SF cola Taller,Lucia Sosa,1234567890,yes,44,151,195,SIP/650
2026-08-04 10:21:36,CM cola Taller,Lucia Sosa,1234567890,yes,14,160,174,SIP/650
2026-08-04 10:11:47,CM cola Taller,Lucia Sosa,1234567890,yes,19,268,287,SIP/650
2026-08-04 10:10:30,CM cola Taller,Sofia Montaño,1234567890,yes,7,363,370,SIP/656
2026-08-04 10:01:25,CM cola Taller,Sofia Montaño,1234567890,yes,9,17,26,SIP/656
2026-08-04 09:59:56,CM cola Taller,Agustina Vargas,255,yes,57,32,89,SIP/255
2026-08-04 09:57:42,CM cola Taller,Sofia Montaño,1234567890,yes,13,157,170,SIP/656
2026-08-04 09:57:08,CM cola Taller,Lucia Sosa,1234567890,yes,9,124,133,SIP/650
2026-08-04 09:55:36,CM cola Taller,,1234567890,no,1,0,0,
2026-08-04 09:51:58,CM cola Taller,Sofia Montaño,1234567890,yes,90,182,272,SIP/656
2026-08-04 09:51:44,CM cola Taller,Sofia Montaño,1234567890,yes,11,65,76,SIP/656
2026-08-04 09:47:59,CM cola Taller,Sabrina Mercado,250,yes,8,15,23,SIP/250
2026-08-04 09:46:43,CM cola Taller,Lucia Sosa,499,yes,6,266,272,SIP/650
2026-08-04 09:44:29,CM cola Taller,Lucia Sosa,1234567890,yes,10,75,85,SIP/650
2026-08-04 09:43:45,CM cola Taller,,1234567890,no,0,0,0,
2026-08-04 09:43:30,MPC cola Taller,Sofia Montaño,1234567890,yes,6,126,132,SIP/656
2026-08-04 09:41:04,CM cola Taller,,1234567890,no,1,0,0,
2026-08-04 09:37:39,CM cola Taller,Lucia Sosa,1234567890,yes,17,228,245,SIP/650
2026-08-04 09:30:29,CM cola Taller,Lucia Sosa,1234567890,yes,15,163,178,SIP/650
2026-08-04 09:28:11,CM cola Taller,Lucia Sosa,1234567890,yes,13,70,83,SIP/650
2026-08-04 09:23:32,CM cola Taller,Lucia Sosa,1234567890,yes,28,150,178,SIP/650
2026-08-04 09:19:05,CM cola Taller,Sabrina Mercado,250,yes,142,35,177,SIP/250
2026-08-04 09:18:07,CM cola Taller,Lucia Sosa,1234567890,yes,263,13,276,SIP/650
2026-08-04 09:17:55,CM cola Taller,Lucia Sosa,1234567890,yes,90,144,234,SIP/650
2026-08-04 09:17:24,CM cola Taller,,1234567890,no,1,0,0,
2026-08-04 09:16:31,CM cola Taller,Sabrina Mercado,250,yes,27,16,43,SIP/250
2026-08-04 09:12:07,CM cola Taller,Sofia Montaño,1234567890,yes,100,153,253,SIP/656
2026-08-04 09:11:53,CM cola Taller,Lucia Sosa,1234567890,yes,117,199,316,SIP/650
2026-08-04 09:10:55,CM cola Taller,,1234567890,no,1,0,0,
2026-08-04 09:08:52,CM cola Taller,Sofia Montaño,1234567890,yes,95,193,288,SIP/656
2026-08-04 09:06:09,CM cola Taller,,1234567890,no,0,0,0,
2026-08-04 09:05:20,CM cola Taller,,1234567890,no,0,0,0,
2026-08-04 09:04:33,CM cola Taller,Agustin Gonzalez,250,yes,211,118,329,SIP/601
2026-08-04 09:01:37,CM cola Taller,Lucia Sosa,1234567890,yes,229,469,698,SIP/650
2026-08-04 09:01:23,CM cola Taller,Sabrina Mercado,250,yes,71,46,117,SIP/250
2026-08-04 09:00:53,CM cola Taller,Lucia Sosa,1234567890,yes,13,231,244,SIP/650
2026-08-04 08:44:35,CM cola Taller,Sofia Montaño,1234567890,yes,7,91,98,SIP/656
2026-08-04 08:43:17,CM cola Taller,,1234567890,no,2,0,0,
2026-08-04 08:42:48,CM cola Taller,Sofia Montaño,1234567890,yes,5,100,105,SIP/656
2026-08-04 08:41:20,CM cola Taller,,1234567890,no,1,0,0,
2026-08-04 08:41:13,CM cola Taller,Lucia Sosa,1234567890,yes,12,213,225,SIP/650
2026-08-04 08:35:27,CM cola Taller,,1234567890,no,3,0,0,
2026-08-04 08:26:39,CM cola Taller,Sofia Montaño,1234567890,yes,10,334,344,SIP/656
2026-08-04 08:22:27,CM cola Taller,Lucia Sosa,1234567890,yes,23,196,219,SIP/650
2026-08-04 08:19:43,CM cola Taller,Martin Jalil,503,yes,17,21,38,SIP/503
2026-08-04 08:13:24,CM cola Taller,Sofia Montaño,1234567890,yes,5,230,235,SIP/656
2026-08-04 08:08:02,CM cola Taller,Agustina Vargas,255,yes,18,16,34,SIP/255
2026-08-04 08:06:23,SF cola Taller,,1234567890,no,2,0,0,
2026-08-04 08:03:00,CM cola Taller,Lucia Sosa,1234567890,yes,10,200,210,SIP/650
2026-08-03 17:30:06,CM cola Taller,Alma Cordoba,1234567890,yes,18,171,189,SIP/655
2026-08-03 17:23:24,CM cola Taller,,1234567890,no,316,0,0,
2026-08-03 17:09:30,CM cola Taller,Rocío Cornejo,1234567890,yes,198,322,520,SIP/651
2026-08-03 17:04:55,CM cola Taller,,1234567890,no,1,0,0,
2026-08-03 17:02:50,CM cola Taller,Rocío Cornejo,1234567890,yes,347,232,579,SIP/651
2026-08-03 16:59:09,CM cola Taller,,1234567890,no,161,0,0,
2026-08-03 16:55:42,SF cola Taller,,1234567890,no,155,0,0,
2026-08-03 16:54:18,MPC cola Taller,,1234567890,no,423,0,0,
2026-08-03 16:54:03,CM cola Taller,,1234567890,no,48,0,0,
2026-08-03 16:52:57,CM cola Taller,,1234567890,no,810,0,0,
2026-08-03 16:46:03,CM cola Taller,,1234567890,no,441,0,0,
2026-08-03 16:45:33,CM cola Taller,Rocío Cornejo,1234567890,yes,973,295,1268,SIP/651
2026-08-03 16:45:32,CM cola Taller,,1234567890,no,1,0,0,
2026-08-03 16:45:24,CM cola Taller,,1234567890,no,0,0,0,
2026-08-03 16:44:56,CM cola Taller,,1234567890,no,2,0,0,
2026-08-03 16:44:24,CM cola Taller,Rocío Cornejo,1234567890,yes,412,340,752,SIP/651
2026-08-03 16:44:14,CM cola Taller,,1234567890,no,2,0,0,
2026-08-03 16:44:05,CM cola Taller,Rocío Cornejo,1234567890,yes,45,213,258,SIP/651
2026-08-03 16:38:00,CM cola Taller,,255,no,107,0,0,
2026-08-03 16:35:54,CM cola Taller,,1234567890,no,0,0,0,
2026-08-03 16:31:42,CM cola Taller,Rocío Cornejo,1234567890,yes,84,232,316,SIP/651
2026-08-03 16:30:37,CM cola Taller,,1234567890,no,1,0,0,
2026-08-03 16:29:15,MPC cola Taller,Rocío Cornejo,1234567890,yes,13,200,213,SIP/651
2026-08-03 16:24:48,CM cola Taller,,1234567890,no,156,0,0,
2026-08-03 16:23:53,CM cola Taller,Rocío Cornejo,1234567890,yes,108,118,226,SIP/651
2026-08-03 16:19:05,SF cola Taller,Rocío Cornejo,1234567890,yes,242,135,377,SIP/651
2026-08-03 16:18:45,CM cola Taller,Rocío Cornejo,1234567890,yes,148,102,250,SIP/651
2026-08-03 16:18:09,CM cola Taller,,1234567890,no,2,0,0,
2026-08-03 16:11:47,CM cola Taller,,1234567890,no,2,0,0,
2026-08-03 16:07:14,CM cola Taller,,1234567890,no,1,0,0,
2026-08-03 16:02:20,MPC cola Taller,Rocío Cornejo,1234567890,yes,203,149,352,SIP/651
2026-08-03 16:01:34,CM cola Taller,Sabrina Mercado,250,yes,219,26,245,SIP/250
2026-08-03 15:53:27,CM cola Taller,Sabrina Mercado,250,yes,415,41,456,SIP/250
2026-08-03 15:53:07,CM cola Taller,Rocío Cornejo,1234567890,yes,223,200,423,SIP/651
2026-08-03 15:53:01,CM cola Taller,Sofia Montaño,1234567890,yes,41,439,480,SIP/656
2026-08-03 15:50:45,MPC cola Taller,,1234567890,no,70,0,0,
2026-08-03 15:40:06,SF cola Taller,,1234567890,no,217,0,0,
2026-08-03 15:36:48,CM cola Taller,Rocío Cornejo,1234567890,yes,10,313,323,SIP/651
2026-08-03 15:26:16,CM cola Taller,Sofia Montaño,1234567890,yes,7,356,363,SIP/656
2026-08-03 15:16:32,MPC cola Taller,Sofia Montaño,1234567890,yes,4,104,108,SIP/656
2026-08-03 15:13:25,CM cola Taller,,670,no,30,0,0,
2026-08-03 15:06:43,CM cola Taller,Rocío Cornejo,1234567890,yes,14,438,452,SIP/651
2026-08-03 15:05:12,CM cola Taller,Sofia Montaño,1234567890,yes,33,288,321,SIP/656
2026-08-03 15:04:52,CM cola Taller,Rocío Cornejo,1234567890,yes,39,78,117,SIP/651
2026-08-03 15:04:06,CM cola Taller,,1234567890,no,4,0,0,
2026-08-03 14:53:28,CM cola Taller,Sabrina Mercado,250,yes,89,27,116,SIP/250
2026-08-03 14:53:04,CM cola Taller,Rocío Cornejo,1234567890,yes,5,71,76,SIP/651
2026-08-03 14:52:21,CM cola Taller,,1234567890,no,1,0,0,
2026-08-03 14:49:16,CM cola Taller,Sofia Montaño,1234567890,yes,135,258,393,SIP/656
2026-08-03 14:48:38,CM cola Taller,,1234567890,no,0,0,0,
2026-08-03 14:48:01,CM cola Taller,Rocío Cornejo,1234567890,yes,18,241,259,SIP/651
2026-08-03 14:45:05,CM cola Taller,Sofia Montaño,1234567890,yes,7,178,185,SIP/656
2026-08-03 14:42:56,CM cola Taller,Rocío Cornejo,1234567890,yes,4,92,96,SIP/651
2026-08-03 14:39:52,CM cola Taller,,1234567890,no,0,0,0,
2026-08-03 14:38:23,CM cola Taller,,1234567890,no,2,0,0,
2026-08-03 14:35:33,CM cola Taller,,1234567890,no,3,0,0,
2026-08-03 14:34:06,MPC cola Taller,Rocío Cornejo,1234567890,yes,15,337,352,SIP/651
2026-08-03 14:33:14,CM cola Taller,,1234567890,no,2,0,0,
2026-08-03 14:25:49,SF cola Taller,Sofia Montaño,1234567890,yes,20,79,99,SIP/656
2026-08-03 14:19:42,CM cola Taller,Sofia Montaño,1234567890,yes,6,127,133,SIP/656
2026-08-03 14:16:40,SF cola Taller,Sofia Montaño,1234567890,yes,3,84,87,SIP/656
2026-08-03 14:15:40,CM cola Taller,,1234567890,no,3,0,0,
2026-08-03 14:13:58,CM cola Taller,Rocío Cornejo,1234567890,yes,9,254,263,SIP/651
2026-08-03 14:12:21,CM cola Taller,,1234567890,no,1,0,0,
2026-08-03 14:09:05,CM cola Taller,Rocío Cornejo,1234567890,yes,160,40,200,SIP/651
2026-08-03 14:08:38,CM cola Taller,,1234567890,no,1,0,0,
2026-08-03 14:07:48,CM cola Taller,,1234567890,no,0,0,0,
2026-08-03 14:07:34,CM cola Taller,Rocío Cornejo,1234567890,yes,175,47,222,SIP/651
2026-08-03 14:07:33,MPC cola Taller,Rocío Cornejo,1234567890,yes,20,142,162,SIP/651
2026-08-03 14:03:37,CM cola Taller,Sofia Montaño,1234567890,yes,228,386,614,SIP/656
2026-08-03 14:02:37,CM cola Taller,,1234567890,no,1,0,0,
2026-08-03 14:02:26,CM cola Taller,Sofia Montaño,1234567890,yes,13,243,256,SIP/656
2026-08-03 12:51:44,MPC cola Taller,Tania Bazan,1234567890,yes,5,331,336,SIP/659
2026-08-03 12:51:36,CM cola Taller,Rocío Cornejo,1234567890,yes,8,79,87,SIP/651
2026-08-03 12:48:45,CM cola Taller,Sofia Montaño,1234567890,yes,16,103,119,SIP/656
2026-08-03 12:48:02,CM cola Taller,,1234567890,no,2,0,0,
2026-08-03 12:47:43,MPC cola Taller,Alma Cordoba,1234567890,yes,101,252,353,SIP/655
2026-08-03 12:47:22,CM cola Taller,,1234567890,no,1,0,0,
2026-08-03 12:46:58,CM cola Taller,,1234567890,no,0,0,0,
2026-08-03 12:46:27,CM cola Taller,Rocío Cornejo,1234567890,yes,94,169,263,SIP/651
2026-08-03 12:45:56,CM cola Taller,,1234567890,no,1,0,0,
2026-08-03 12:45:32,CM cola Taller,,1234567890,no,3,0,0,
2026-08-03 12:45:04,CM cola Taller,Rocío Cornejo,1234567890,yes,12,143,155,SIP/651
2026-08-03 12:43:48,CM cola Taller,Tania Bazan,1234567890,yes,10,368,378,SIP/659
2026-08-03 12:43:34,SF cola Taller,Sofia Montaño,1234567890,yes,7,295,302,SIP/656
2026-08-03 12:39:16,CM cola Taller,Sabrina Mercado,250,yes,46,25,71,SIP/250
2026-08-03 12:35:11,SF cola Taller,Tania Bazan,1234567890,yes,7,123,130,SIP/659
2026-08-03 12:19:45,CM cola Taller,,1234567890,no,4,0,0,
2026-08-03 12:17:11,MPC cola Taller,Rocío Cornejo,1234567890,yes,5,233,238,SIP/651
2026-08-03 12:12:41,CM cola Taller,Sofia Montaño,1234567890,yes,8,116,124,SIP/656
2026-08-03 12:06:11,CM cola Taller,Tania Bazan,1234567890,yes,14,433,447,SIP/659
2026-08-03 12:06:07,CM cola Taller,Sabrina Mercado,250,yes,13,14,27,SIP/250
2026-08-03 12:04:17,CM cola Taller,Alma Cordoba,1234567890,yes,13,15,28,SIP/655
2026-08-03 12:02:42,CM cola Taller,Alma Cordoba,1234567890,yes,23,12,35,SIP/655
2026-08-03 12:02:08,CM cola Taller,Sofia Montaño,1234567890,yes,22,108,130,SIP/656
2026-08-03 12:01:46,CM cola Taller,Rocío Cornejo,1234567890,yes,6,255,261,SIP/651
2026-08-03 11:58:23,CM cola Taller,Sofia Montaño,1234567890,yes,11,114,125,SIP/656
2026-08-03 11:57:34,CM cola Taller,,1234567890,no,0,0,0,
2026-08-03 11:57:15,CM cola Taller,Alma Cordoba,1234567890,yes,17,53,70,SIP/655
2026-08-03 11:56:51,CM cola Taller,Sofia Montaño,1234567890,yes,12,41,53,SIP/656
2026-08-03 11:56:23,CM cola Taller,,1234567890,no,1,0,0,
2026-08-03 11:56:01,CM cola Taller,,1234567890,no,1,0,0,
2026-08-03 11:55:18,CM cola Taller,,1234567890,no,2,0,0,
2026-08-03 11:52:46,CM cola Taller,Sofia Montaño,1234567890,yes,6,121,127,SIP/656
2026-08-03 11:50:46,CM cola Taller,Alma Cordoba,1234567890,yes,6,161,167,SIP/655
2026-08-03 11:50:17,CM cola Taller,Sofia Montaño,1234567890,yes,8,29,37,SIP/656
2026-08-03 11:49:26,MPC cola Taller,Tania Bazan,1234567890,yes,7,221,228,SIP/659
2026-08-03 11:47:15,MPC cola Taller,Alma Cordoba,1234567890,yes,11,99,110,SIP/655
2026-08-03 11:43:49,CM cola Taller,Sofia Montaño,1234567890,yes,36,152,188,SIP/656
2026-08-03 11:28:56,MPC cola Taller,Tania Bazan,1234567890,yes,3,135,138,SIP/659
2026-08-03 11:21:30,CM cola Taller,Alma Cordoba,1234567890,yes,8,251,259,SIP/655
2026-08-03 11:21:16,CM cola Taller,Sabrina Mercado,250,yes,5,30,35,SIP/250
2026-08-03 11:20:46,CM cola Taller,,1234567890,no,0,0,0,
2026-08-03 11:18:39,SF cola Taller,Tania Bazan,1234567890,yes,5,395,400,SIP/659
2026-08-03 11:16:45,CM cola Taller,,1234567890,no,0,0,0,
2026-08-03 11:16:36,CM cola Taller,Alma Cordoba,1234567890,yes,13,182,195,SIP/655
2026-08-03 11:15:13,CM cola Taller,,1234567890,no,1,0,0,
2026-08-03 11:14:18,CM cola Taller,,1234567890,no,0,0,0,
2026-08-03 11:13:39,CM cola Taller,,1234567890,no,0,0,0,
2026-08-03 11:12:36,CM cola Taller,,1234567890,no,1,0,0,
2026-08-03 11:11:59,CM cola Taller,Sofia Montaño,1234567890,yes,6,144,150,SIP/656
2026-08-03 10:57:29,MPC cola Taller,Alma Cordoba,1234567890,yes,13,352,365,SIP/655
2026-08-03 10:53:57,CM cola Taller,,1234567890,no,120,0,0,
2026-08-03 10:53:19,MPC cola Taller,Tania Bazan,1234567890,yes,205,134,339,SIP/659
2026-08-03 10:53:07,CM cola Taller,Alma Cordoba,1234567890,yes,10,215,225,SIP/655
2026-08-03 10:50:27,SF cola Taller,Alma Cordoba,1234567890,yes,18,97,115,SIP/655
2026-08-03 10:48:52,MPC cola Taller,,1234567890,no,190,0,0,
2026-08-03 10:48:27,MPC cola Taller,Sofia Montaño,1234567890,yes,93,403,496,SIP/656
2026-08-03 10:46:35,CM cola Taller,Sofia Montaño,1234567890,yes,17,184,201,SIP/656
2026-08-03 10:46:27,MPC cola Taller,Alma Cordoba,1234567890,yes,15,230,245,SIP/655
2026-08-03 10:45:21,CM cola Taller,Sabrina Mercado,250,yes,6,14,20,SIP/250
2026-08-03 10:45:02,MPC cola Taller,Tania Bazan,1234567890,yes,6,684,690,SIP/659
2026-08-03 10:42:45,CM cola Taller,Alma Cordoba,1234567890,yes,9,79,88,SIP/655
2026-08-03 10:33:27,CM cola Taller,,1234567890,no,0,0,0,
2026-08-03 10:33:09,CM cola Taller,Sofia Montaño,1234567890,yes,94,269,363,SIP/656
2026-08-03 10:32:24,SF cola Taller,Tania Bazan,1234567890,yes,3,213,216,SIP/659
2026-08-03 10:30:21,CM cola Taller,Alma Cordoba,1234567890,yes,13,85,98,SIP/655
2026-08-03 10:28:54,CM cola Taller,Sofia Montaño,1234567890,yes,5,314,319,SIP/656
2026-08-03 10:23:45,CM cola Taller,Sofia Montaño,1234567890,yes,4,127,131,SIP/656
2026-08-03 10:22:42,CM cola Taller,,1234567890,no,0,0,0,
2026-08-03 10:22:07,MPC cola Taller,Sofia Montaño,1234567890,yes,4,87,91,SIP/656
2026-08-03 10:20:30,CM cola Taller,Tania Bazan,1234567890,yes,50,68,118,SIP/659
2026-08-03 10:19:30,CM cola Taller,Alma Cordoba,1234567890,yes,28,82,110,SIP/655
2026-08-03 10:18:45,CM cola Taller,Sofia Montaño,1234567890,yes,10,183,193,SIP/656
2026-08-03 10:14:41,CM cola Taller,Sabrina Mercado,250,yes,12,17,29,SIP/250
2026-08-03 10:12:49,CM cola Taller,Alma Cordoba,1234567890,yes,18,205,223,SIP/655
2026-08-03 10:07:53,CM cola Taller,Alma Cordoba,1234567890,yes,6,241,247,SIP/655
2026-08-03 10:06:23,CM cola Taller,,1234567890,no,1,0,0,
2026-08-03 10:04:51,CM cola Taller,Sofia Montaño,1234567890,yes,6,582,588,SIP/656
2026-08-03 09:59:55,CM cola Taller,Alma Cordoba,Anonymous,yes,17,227,244,SIP/655
2026-08-03 09:59:54,MPC cola Taller,Sofia Montaño,1234567890,yes,7,190,197,SIP/656
2026-08-03 09:59:10,CM cola Taller,,Anonymous,no,2,0,0,
2026-08-03 09:56:04,CM cola Taller,Tania Bazan,1234567890,yes,6,333,339,SIP/659
2026-08-03 09:55:39,MPC cola Taller,Alma Cordoba,1234567890,yes,5,186,191,SIP/655
2026-08-03 09:53:01,CM cola Taller,Alma Cordoba,1234567890,yes,11,90,101,SIP/655
2026-08-03 09:51:21,CM cola Taller,Tania Bazan,1234567890,yes,6,249,255,SIP/659
2026-08-03 09:41:49,CM cola Taller,Tania Bazan,1234567890,yes,6,154,160,SIP/659
2026-08-03 09:40:46,CM cola Taller,Alma Cordoba,1234567890,yes,10,17,27,SIP/655
2026-08-03 09:37:32,CM cola Taller,Tania Bazan,1234567890,yes,5,206,211,SIP/659
2026-08-03 09:36:55,CM cola Taller,,1234567890,no,2,0,0,
2026-08-03 09:30:56,CM cola Taller,Alma Cordoba,1234567890,yes,59,86,145,SIP/655
2026-08-03 09:30:08,CM cola Taller,Tania Bazan,1234567890,yes,6,97,103,SIP/659
2026-08-03 09:26:18,CM cola Taller,,1234567890,no,1,0,0,
2026-08-03 09:24:00,CM cola Taller,Alma Cordoba,1234567890,yes,100,352,452,SIP/655
2026-08-03 09:23:21,CM cola Taller,Agustina Vargas,255,yes,48,56,104,SIP/255
2026-08-03 09:20:21,CM cola Taller,Alma Cordoba,1234567890,yes,180,119,299,SIP/655
2026-08-03 09:19:26,SF cola Taller,Alma Cordoba,1234567890,yes,91,132,223,SIP/655
2026-08-03 09:17:57,MPC cola Taller,Tania Bazan,1234567890,yes,217,148,365,SIP/659
2026-08-03 09:17:10,CM cola Taller,Tania Bazan,1234567890,yes,5,254,259,SIP/659
2026-08-03 09:15:20,CM cola Taller,Alma Cordoba,1234567890,yes,31,299,330,SIP/655
2026-08-03 09:15:07,CM cola Taller,,1234567890,no,0,0,0,
2026-08-03 09:13:25,CM cola Taller,Alma Cordoba,1234567890,yes,9,90,99,SIP/655
2026-08-03 09:11:55,CM cola Taller,,1234567890,no,2,0,0,
2026-08-03 09:09:30,CM cola Taller,Sabrina Mercado,250,yes,11,43,54,SIP/250
2026-08-03 09:06:17,CM cola Taller,,1234567890,no,4,0,0,
2026-08-03 09:05:34,CM cola Taller,Alma Cordoba,1234567890,yes,17,254,271,SIP/655
2026-08-03 09:03:24,CM cola Taller,Tania Bazan,1234567890,yes,6,304,310,SIP/659
2026-08-03 09:01:50,CM cola Taller,Alma Cordoba,1234567890,yes,35,192,227,SIP/655
2026-08-03 09:01:04,CM cola Taller,,1234567890,no,0,0,0,
2026-08-03 08:57:38,CM cola Taller,Alma Cordoba,1234567890,yes,9,74,83,SIP/655
2026-08-03 08:50:49,CM cola Taller,Tania Bazan,1234567890,yes,5,526,531,SIP/659
2026-08-03 08:49:54,CM cola Taller,,1234567890,no,1,0,0,
2026-08-03 08:36:09,CM cola Taller,Alma Cordoba,1234567890,yes,9,112,121,SIP/655
2026-08-03 08:33:02,CM cola Taller,Alma Cordoba,1234567890,yes,9,69,78,SIP/655
2026-08-03 08:30:53,CM cola Taller,,1234567890,no,2,0,0,
2026-08-03 08:24:53,SF cola Taller,Alma Cordoba,1234567890,yes,9,33,42,SIP/655
2026-08-03 08:24:43,CM cola Taller,Tania Bazan,1234567890,yes,4,162,166,SIP/659
2026-08-03 08:19:49,MPC cola Taller,Alma Cordoba,1234567890,yes,5,217,222,SIP/655
2026-08-03 08:10:06,CM cola Taller,Tania Bazan,1234567890,yes,99,381,480,SIP/659
2026-08-03 08:09:18,CM cola Taller,Alma Cordoba,1234567890,yes,46,339,385,SIP/655
2026-08-03 08:09:03,SF cola Taller,Tania Bazan,1234567890,yes,3,153,156,SIP/659
2026-08-03 08:08:40,CM cola Taller,,1234567890,no,0,0,0,
2026-08-03 08:07:50,CM cola Taller,Alma Cordoba,1234567890,yes,6,113,119,SIP/655
2026-08-03 08:02:06,MPC cola Taller,Tania Bazan,1234567890,yes,4,217,221,SIP/659
2026-07-31 17:37:19,CM cola Taller,Alma Cordoba,1234567890,yes,44,274,318,SIP/655
2026-07-31 17:36:13,CM cola Taller,Rocío Cornejo,1234567890,yes,380,394,774,SIP/651
2026-07-31 17:23:43,CM cola Taller,,1234567890,no,1,0,0,
2026-07-31 17:21:09,CM cola Taller,Rocío Cornejo,1234567890,yes,14,265,279,SIP/651
2026-07-31 17:17:43,CM cola Taller,Alma Cordoba,1234567890,yes,195,212,407,SIP/655
2026-07-31 17:17:28,CM cola Taller,,1234567890,no,2,0,0,
2026-07-31 17:12:33,CM cola Taller,Alma Cordoba,1234567890,yes,86,351,437,SIP/655
2026-07-31 17:11:32,CM cola Taller,,1234567890,no,1,0,0,
2026-07-31 16:50:40,CM cola Taller,Rocío Cornejo,1234567890,yes,93,81,174,SIP/651
2026-07-31 16:07:57,CM cola Taller,Rocío Cornejo,1234567890,yes,353,122,475,SIP/651
2026-07-31 16:06:32,CM cola Taller,Rocío Cornejo,1234567890,yes,181,203,384,SIP/651
2026-07-31 15:57:04,CM cola Taller,,1234567890,no,592,0,0,
2026-07-31 15:56:27,CM cola Taller,Camila Mias,251,yes,732,34,766,SIP/251
2026-07-31 15:55:19,CM cola Taller,Rocío Cornejo,1234567890,yes,405,383,788,SIP/651
2026-07-31 15:34:25,CM cola Taller,Sofia Montaño,1234567890,yes,64,187,251,SIP/656
2026-07-31 15:33:38,CM cola Taller,,1234567890,no,1,0,0,
2026-07-31 15:31:39,CM cola Taller,Rocío Cornejo,1234567890,yes,98,181,279,SIP/651
2026-07-31 15:29:16,SF cola Taller,Rocío Cornejo,1234567890,yes,12,221,233,SIP/651
2026-07-31 15:26:04,CM cola Taller,Sofia Montaño,1234567890,yes,7,463,470,SIP/656
2026-07-31 15:18:22,CM cola Taller,,1234567890,no,24,0,0,
2026-07-31 15:18:00,CM cola Taller,Sofia Montaño,1234567890,yes,16,84,100,SIP/656
2026-07-31 15:16:52,CM cola Taller,Sofia Montaño,1234567890,yes,6,1,7,SIP/656
2026-07-31 15:16:21,CM cola Taller,Rocío Cornejo,1234567890,yes,11,146,157,SIP/651
2026-07-31 15:13:25,MPC cola Taller,Agustina Vargas,255,yes,27,38,65,SIP/255
2026-07-31 15:09:53,SF cola Taller,Rocío Cornejo,1234567890,yes,10,119,129,SIP/651
2026-07-31 15:05:23,CM cola Taller,Sofia Montaño,1234567890,yes,10,310,320,SIP/656
2026-07-31 15:01:00,CM cola Taller,Sabrina Mercado,250,yes,7,26,33,SIP/250
2026-07-31 14:57:39,CM cola Taller,Rocío Cornejo,1234567890,yes,14,155,169,SIP/651
2026-07-31 14:54:42,CM cola Taller,,1234567890,no,0,0,0,
2026-07-31 14:51:41,CM cola Taller,Rocío Cornejo,1234567890,yes,8,148,156,SIP/651
2026-07-31 14:51:28,CM cola Taller,,499,yes,10,418,428,SIP/499
2026-07-31 14:44:53,CM cola Taller,Rocío Cornejo,1234567890,yes,60,89,149,SIP/651
2026-07-31 14:26:24,CM cola Taller,Sofia Montaño,1234567890,yes,17,499,516,SIP/656
2026-07-31 14:19:12,CM cola Taller,,1234567890,no,4,0,0,
2026-07-31 14:16:30,CM cola Taller,Rocío Cornejo,1234567890,yes,152,96,248,SIP/651
2026-07-31 14:15:54,CM cola Taller,Sabrina Mercado,250,yes,97,19,116,SIP/250
2026-07-31 14:15:20,SF cola Taller,,1234567890,no,110,0,0,
2026-07-31 14:14:16,CM cola Taller,,1234567890,no,34,0,0,
2026-07-31 14:12:56,CM cola Taller,Rocío Cornejo,1234567890,yes,27,267,294,SIP/651
2026-07-31 14:10:46,CM cola Taller,Rocío Cornejo,1234567890,yes,15,73,88,SIP/651
2026-07-31 14:10:13,CM cola Taller,Sabrina Mercado,250,yes,5,36,41,SIP/250
2026-07-31 12:59:18,SF cola Taller,Rocío Cornejo,1234567890,yes,20,378,398,SIP/651
2026-07-31 12:58:51,CM cola Taller,Alma Cordoba,1234567890,yes,17,28,45,SIP/655
2026-07-31 12:58:14,CM cola Taller,,1234567890,no,2,0,0,
2026-07-31 12:56:30,CM cola Taller,Rocío Cornejo,1234567890,yes,8,144,152,SIP/651
2026-07-31 12:56:22,MPC cola Taller,Lucia Sosa,1234567890,yes,11,191,202,SIP/650
2026-07-31 12:50:43,CM cola Taller,Lucia Sosa,1234567890,yes,49,45,94,SIP/650
2026-07-31 12:50:36,CM cola Taller,Rocío Cornejo,1234567890,yes,25,147,172,SIP/651
2026-07-31 12:50:19,CM cola Taller,Alma Cordoba,1234567890,yes,17,52,69,SIP/655
2026-07-31 12:43:17,SF cola Taller,Rocío Cornejo,1234567890,yes,10,42,52,SIP/651
2026-07-31 12:33:15,CM cola Taller,Sofia Montaño,1234567890,yes,33,280,313,SIP/656
2026-07-31 12:31:33,CM cola Taller,Alma Cordoba,1234567890,yes,35,125,160,SIP/655
2026-07-31 12:25:31,CM cola Taller,Lucia Sosa,1234567890,yes,14,688,702,SIP/650
2026-07-31 12:24:40,CM cola Taller,,1234567890,no,3,0,0,
2026-07-31 12:24:38,MPC cola Taller,Alma Cordoba,1234567890,yes,13,306,319,SIP/655
2026-07-31 12:19:28,CM cola Taller,Sofia Montaño,1234567890,yes,10,109,119,SIP/656
2026-07-31 12:17:04,CM cola Taller,Alma Cordoba,1234567890,yes,92,100,192,SIP/655
2026-07-31 12:16:56,CM cola Taller,Sofia Montaño,1234567890,yes,17,83,100,SIP/656
2026-07-31 12:13:14,CM cola Taller,,1234567890,no,6,0,0,
2026-07-31 12:12:41,CM cola Taller,Alma Cordoba,1234567890,yes,14,284,298,SIP/655
2026-07-31 12:07:56,CM cola Taller,Alma Cordoba,1234567890,yes,8,45,53,SIP/655
2026-07-31 12:07:38,CM cola Taller,Rocío Cornejo,1234567890,yes,11,256,267,SIP/651
2026-07-31 11:58:32,MPC cola Taller,Lucia Sosa,1234567890,yes,50,45,95,SIP/650
2026-07-31 11:49:19,MPC cola Taller,Sofia Montaño,1234567890,yes,47,318,365,SIP/656
2026-07-31 11:46:42,CM cola Taller,Lucia Sosa,1234567890,yes,176,259,435,SIP/650
2026-07-31 11:46:11,CM cola Taller,,1234567890,no,0,0,0,
2026-07-31 11:44:55,CM cola Taller,Camila Mias,251,yes,37,27,64,SIP/251
2026-07-31 11:42:33,CM cola Taller,,1234567890,no,51,0,0,
2026-07-31 11:42:13,CM cola Taller,Sofia Montaño,1234567890,yes,9,170,179,SIP/656
2026-07-31 11:42:09,CM cola Taller,Lucia Sosa,1234567890,yes,6,208,214,SIP/650
2026-07-31 11:41:21,CM cola Taller,,1234567890,no,0,0,0,
2026-07-31 11:40:29,CM cola Taller,Sofia Montaño,1234567890,yes,22,8,30,SIP/656
2026-07-31 11:27:58,CM cola Taller,Sofia Montaño,1234567890,yes,45,266,311,SIP/656
2026-07-31 11:22:42,CM cola Taller,Lucia Sosa,1234567890,yes,351,506,857,SIP/650
2026-07-31 11:22:04,CM cola Taller,,1234567890,no,327,0,0,
2026-07-31 11:19:58,CM cola Taller,,1234567890,no,73,0,0,
2026-07-31 11:16:29,SF cola Taller,Sofia Montaño,1234567890,yes,8,160,168,SIP/656
2026-07-31 11:14:51,CM cola Taller,Sofia Montaño,1234567890,yes,411,74,485,SIP/656
2026-07-31 11:13:29,CM cola Taller,,1234567890,no,0,0,0,
2026-07-31 11:13:22,CM cola Taller,,1234567890,no,6,0,0,
2026-07-31 11:13:17,CM cola Taller,,1234567890,no,139,0,0,
2026-07-31 11:05:11,CM cola Taller,,1234567890,no,0,0,0,
2026-07-31 11:01:28,SF cola Taller,Lucia Sosa,1234567890,yes,18,746,764,SIP/650
2026-07-31 10:58:01,CM cola Taller,Lucia Sosa,1234567890,yes,142,44,186,SIP/650
2026-07-31 10:56:35,CM cola Taller,,1234567890,no,11,0,0,
2026-07-31 10:55:18,CM cola Taller,Camila Mias,251,yes,316,46,362,SIP/251
2026-07-31 10:55:07,CM cola Taller,Lucia Sosa,1234567890,yes,57,85,142,SIP/650
2026-07-31 10:52:58,CM cola Taller,,1234567890,no,6,0,0,
2026-07-31 10:37:06,CM cola Taller,Sofia Montaño,1234567890,yes,14,295,309,SIP/656
2026-07-31 10:35:43,CM cola Taller,,1234567890,no,25,0,0,
2026-07-31 10:33:45,CM cola Taller,Sofia Montaño,1234567890,yes,49,160,209,SIP/656
2026-07-31 10:32:15,CM cola Taller,,1234567890,no,0,0,0,
2026-07-31 10:31:38,CM cola Taller,,251,no,65,0,0,
2026-07-31 10:27:27,CM cola Taller,,1234567890,no,295,0,0,
2026-07-31 10:24:56,CM cola Taller,Sofia Montaño,1234567890,yes,191,277,468,SIP/656
2026-07-31 10:24:15,MPC cola Taller,Lucia Sosa,1234567890,yes,39,784,823,SIP/650
2026-07-31 10:23:33,CM cola Taller,,1234567890,no,1,0,0,
2026-07-31 10:22:53,CM cola Taller,Sofia Montaño,1234567890,yes,202,99,301,SIP/656
2026-07-31 10:22:21,CM cola Taller,,1234567890,no,1,0,0,
2026-07-31 10:19:12,CM cola Taller,Sofia Montaño,1234567890,yes,102,229,331,SIP/656
2026-07-31 10:17:24,CM cola Taller,Lucia Sosa,1234567890,yes,141,305,446,SIP/650
2026-07-31 10:16:11,MPC cola Taller,Sofia Montaño,1234567890,yes,55,145,200,SIP/656
2026-07-31 10:15:16,CM cola Taller,,1234567890,no,0,0,0,
2026-07-31 10:14:00,MPC cola Taller,Sofia Montaño,1234567890,yes,20,159,179,SIP/656
2026-07-31 10:10:35,CM cola Taller,Lucia Sosa,1234567890,yes,256,241,497,SIP/650
2026-07-31 10:10:34,CM cola Taller,Sofia Montaño,1234567890,yes,39,175,214,SIP/656
2026-07-31 10:08:54,CM cola Taller,Lucia Sosa,1234567890,yes,79,182,261,SIP/650
2026-07-31 10:08:12,CM cola Taller,Sofia Montaño,1234567890,yes,6,157,163,SIP/656
2026-07-31 10:06:55,CM cola Taller,,1234567890,no,0,0,0,
2026-07-31 10:06:49,CM cola Taller,,1234567890,no,1,0,0,
2026-07-31 10:05:51,SF cola Taller,Sofia Montaño,1234567890,yes,2,69,71,SIP/656
2026-07-31 10:05:17,CM cola Taller,,1234567890,no,0,0,0,
2026-07-31 10:04:32,CM cola Taller,,1234567890,no,1,0,0,
2026-07-31 10:02:08,CM cola Taller,,1234567890,no,1,0,0,
2026-07-31 10:02:01,CM cola Taller,Camila Mias,251,yes,79,24,103,SIP/251
2026-07-31 09:57:54,MPC cola Taller,Lucia Sosa,1234567890,yes,10,183,193,SIP/650
2026-07-31 09:55:30,CM cola Taller,Lucia Sosa,1234567890,yes,44,47,91,SIP/650
2026-07-31 09:55:03,MPC cola Taller,Lucia Sosa,1234567890,yes,124,14,138,SIP/650
2026-07-31 09:39:59,CM cola Taller,Lucia Sosa,1234567890,yes,240,161,401,SIP/650
2026-07-31 09:39:39,MPC cola Taller,Lucia Sosa,1234567890,yes,36,186,222,SIP/650
2026-07-31 09:33:23,CM cola Taller,Lucia Sosa,1234567890,yes,7,271,278,SIP/650
2026-07-31 09:22:43,MPC cola Taller,Lucia Sosa,1234567890,yes,321,132,453,SIP/650
2026-07-31 09:22:14,CM cola Taller,Lucia Sosa,1234567890,yes,32,299,331,SIP/650
2026-07-31 09:14:40,CM cola Taller,Lucia Sosa,1234567890,yes,13,208,221,SIP/650
2026-07-31 09:11:56,CM cola Taller,Lucia Sosa,1234567890,yes,117,4,121,SIP/650
2026-07-31 09:00:04,CM cola Taller,,1234567890,no,132,0,0,
2026-07-31 08:58:54,CM cola Taller,Lucia Sosa,1234567890,yes,253,620,873,SIP/650
2026-07-31 08:58:51,CM cola Taller,,1234567890,no,1,0,0,
2026-07-31 08:58:21,CM cola Taller,Lucia Sosa,1234567890,yes,42,222,264,SIP/650
2026-07-31 08:57:34,CM cola Taller,,1234567890,no,1,0,0,
2026-07-31 08:52:50,CM cola Taller,,1234567890,no,1,0,0,
2026-07-31 08:49:00,CM cola Taller,Lucia Sosa,1234567890,yes,18,144,162,SIP/650
2026-07-31 08:44:49,CM cola Taller,,1234567890,no,1,0,0,
2026-07-31 08:42:56,MPC cola Taller,Agustina Vargas,255,yes,10,43,53,SIP/255
2026-07-31 08:31:07,MPC cola Taller,Lucia Sosa,1234567890,yes,313,219,532,SIP/650
2026-07-31 08:27:52,CM cola Taller,Lucia Sosa,1234567890,yes,24,462,486,SIP/650
2026-07-31 08:25:38,CM cola Taller,Lucia Sosa,1234567890,yes,21,87,108,SIP/650
2026-07-31 08:24:07,CM cola Taller,,1234567890,no,0,0,0,
2026-07-31 08:19:18,CM cola Taller,,1234567890,no,5,0,0,
2026-07-31 08:08:21,CM cola Taller,Lucia Sosa,1234567890,yes,210,150,360,SIP/650
2026-07-31 08:03:22,CM cola Taller,Lucia Sosa,1234567890,yes,241,244,485,SIP/650
2026-07-31 08:03:07,CM cola Taller,Lucia Sosa,1234567890,yes,15,213,228,SIP/650
2026-07-30 17:50:51,CM cola Taller,Rocío Cornejo,1234567890,yes,10,280,290,SIP/651
2026-07-30 17:40:42,CM cola Taller,Rocío Cornejo,1234567890,yes,5,265,270,SIP/651
2026-07-30 17:39:30,CM cola Taller,,1234567890,no,1,0,0,
2026-07-30 17:38:20,CM cola Taller,,1234567890,no,1,0,0,
2026-07-30 17:19:29,CM cola Taller,Alma Cordoba,1234567890,yes,25,74,99,SIP/655
2026-07-30 17:06:42,CM cola Taller,Alma Cordoba,1234567890,yes,12,120,132,SIP/655
2026-07-30 17:00:03,CM cola Taller,Alma Cordoba,1234567890,yes,13,143,156,SIP/655
2026-07-30 16:58:12,CM cola Taller,,1234567890,no,5,0,0,
2026-07-30 16:48:03,CM cola Taller,Alma Cordoba,1234567890,yes,11,120,131,SIP/655
2026-07-30 16:32:30,MPC cola Taller,,1234567890,no,46,0,0,
2026-07-30 16:29:03,CM cola Taller,Alma Cordoba,1234567890,yes,261,159,420,SIP/655
2026-07-30 16:25:45,MPC cola Taller,Alma Cordoba,1234567890,yes,49,69,118,SIP/655
2026-07-30 16:22:31,CM cola Taller,Alma Cordoba,1234567890,yes,16,57,73,SIP/655
2026-07-30 16:21:28,CM cola Taller,,1234567890,no,4,0,0,
2026-07-30 16:15:56,CM cola Taller,,1234567890,no,13,0,0,
2026-07-30 15:54:57,CM cola Taller,Alma Cordoba,1234567890,yes,163,115,278,SIP/655
2026-07-30 15:52:07,CM cola Taller,Alma Cordoba,1234567890,yes,183,84,267,SIP/655
2026-07-30 15:51:27,CM cola Taller,Rocío Cornejo,1234567890,yes,7,178,185,SIP/651
2026-07-30 15:49:00,CM cola Taller,Sabrina Mercado,250,yes,12,66,78,SIP/250
2026-07-30 15:46:48,CM cola Taller,Alma Cordoba,1234567890,yes,12,29,41,SIP/655
2026-07-30 15:44:35,CM cola Taller,,1234567890,no,1,0,0,
2026-07-30 15:33:08,CM cola Taller,Rocío Cornejo,1234567890,yes,14,246,260,SIP/651
2026-07-30 15:28:22,CM cola Taller,,1234567890,no,3,0,0,
2026-07-30 15:25:31,CM cola Taller,,1234567890,no,1,0,0,
2026-07-30 15:19:41,SF cola Taller,Rocío Cornejo,1234567890,yes,8,104,112,SIP/651
2026-07-30 15:19:07,SF cola Taller,,1234567890,no,0,0,0,
2026-07-30 15:18:36,CM cola Taller,Alma Cordoba,1234567890,yes,59,247,306,SIP/655
2026-07-30 15:18:33,CM cola Taller,Rocío Cornejo,1234567890,yes,12,42,54,SIP/651
2026-07-30 15:16:49,CM cola Taller,Alma Cordoba,1234567890,yes,35,27,62,SIP/655
2026-07-30 15:15:01,CM cola Taller,Rocío Cornejo,1234567890,yes,28,103,131,SIP/651
2026-07-30 15:14:13,CM cola Taller,,1234567890,no,0,0,0,
2026-07-30 15:10:19,SF cola Taller,Alma Cordoba,1234567890,yes,15,135,150,SIP/655
2026-07-30 15:05:51,CM cola Taller,Alma Cordoba,1234567890,yes,81,56,137,SIP/655
2026-07-30 15:02:07,CM cola Taller,Rocío Cornejo,1234567890,yes,133,119,252,SIP/651
2026-07-30 15:01:13,MPC cola Taller,Alma Cordoba,1234567890,yes,18,146,164,SIP/655
2026-07-30 14:56:34,CM cola Taller,Alma Cordoba,1234567890,yes,17,48,65,SIP/655
2026-07-30 14:55:27,CM cola Taller,,1234567890,no,0,0,0,
2026-07-30 14:54:16,MPC cola Taller,Alma Cordoba,1234567890,yes,10,23,33,SIP/655
2026-07-30 14:49:35,SF cola Taller,Rocío Cornejo,1234567890,yes,5,228,233,SIP/651
2026-07-30 14:47:59,CM cola Taller,,1234567890,no,1,0,0,
2026-07-30 14:46:51,SF cola Taller,Rocío Cornejo,1234567890,yes,66,60,126,SIP/651
2026-07-30 14:46:28,CM cola Taller,Rocío Cornejo,1234567890,yes,7,76,83,SIP/651
2026-07-30 14:44:55,CM cola Taller,,1234567890,no,2,0,0,
2026-07-30 14:44:49,CM cola Taller,Alma Cordoba,1234567890,yes,44,142,186,SIP/655
2026-07-30 14:43:56,CM cola Taller,,1234567890,no,2,0,0,
2026-07-30 14:40:47,CM cola Taller,,1234567890,no,0,0,0,
2026-07-30 14:39:47,CM cola Taller,Rocío Cornejo,1234567890,yes,6,248,254,SIP/651
2026-07-30 14:38:51,MPC cola Taller,Agustina Vargas,255,yes,20,39,59,SIP/255
2026-07-30 14:27:19,MPC cola Taller,Rocío Cornejo,1234567890,yes,162,65,227,SIP/651
2026-07-30 14:23:43,SF cola Taller,Rocío Cornejo,651,yes,162,122,284,SIP/651
2026-07-30 14:20:22,SF cola Taller,Rocío Cornejo,1234567890,yes,79,122,201,SIP/651
2026-07-30 14:16:22,SF cola Taller,Rocío Cornejo,1234567890,yes,8,266,274,SIP/651
2026-07-30 14:16:09,CM cola Taller,,1234567890,no,0,0,0,
2026-07-30 14:10:21,CM cola Taller,Tania Bazan,1234567890,yes,203,182,385,SIP/659
2026-07-30 14:09:11,MPC cola Taller,Alma Cordoba,1234567890,yes,46,179,225,SIP/655
2026-07-30 12:53:44,MPC cola Taller,Agustina Vargas,255,yes,31,14,45,SIP/255
2026-07-30 12:42:17,CM cola Taller,Tania Bazan,1234567890,yes,5,213,218,SIP/659
2026-07-30 12:41:32,CM cola Taller,Matias Villafane,502,yes,10,19,29,SIP/502
2026-07-30 12:27:56,CM cola Taller,Rocío Cornejo,1234567890,yes,13,505,518,SIP/651
2026-07-30 12:27:29,CM cola Taller,,1234567890,no,1,0,0,
2026-07-30 12:24:31,CM cola Taller,Alma Cordoba,1234567890,yes,22,137,159,SIP/655
2026-07-30 12:21:13,CM cola Taller,,1234567890,no,0,0,0,
2026-07-30 12:18:01,CM cola Taller,,1234567890,no,1,0,0,
2026-07-30 12:16:14,MPC cola Taller,Tania Bazan,1234567890,yes,9,89,98,SIP/659
2026-07-30 12:16:07,CM cola Taller,Alma Cordoba,1234567890,yes,10,244,254,SIP/655
2026-07-30 12:15:09,CM cola Taller,,1234567890,no,0,0,0,
2026-07-30 12:08:36,MPC cola Taller,Tania Bazan,1234567890,yes,3,258,261,SIP/659
2026-07-30 12:07:49,CM cola Taller,,1234567890,no,5,0,0,
2026-07-30 12:03:47,CM cola Taller,Sabrina Mercado,250,yes,11,202,213,SIP/250
2026-07-30 12:02:22,SF cola Taller,Alma Cordoba,1234567890,yes,15,237,252,SIP/655
2026-07-30 12:00:21,CM cola Taller,,1234567890,no,3,0,0,
2026-07-30 11:57:16,CM cola Taller,,251,no,49,0,0,
2026-07-30 11:55:43,CM cola Taller,,1234567890,no,68,0,0,
2026-07-30 11:47:08,SF cola Taller,Sofia Montaño,1234567890,yes,18,165,183,SIP/656
2026-07-30 11:46:38,CM cola Taller,,1234567890,no,713,0,0,
2026-07-30 11:45:53,MPC cola Taller,,1234567890,no,181,0,0,
2026-07-30 11:45:12,CM cola Taller,Tania Bazan,1234567890,yes,48,506,554,SIP/659
2026-07-30 11:40:11,CM cola Taller,Sofia Montaño,1234567890,yes,608,215,823,SIP/656
2026-07-30 11:37:29,CM cola Taller,Tania Bazan,1234567890,yes,146,92,238,SIP/659
2026-07-30 11:37:27,CM cola Taller,Tania Bazan,1234567890,yes,258,22,280,SIP/659
2026-07-30 11:37:01,MPC cola Taller,,1234567890,no,420,0,0,
2026-07-30 11:31:01,CM cola Taller,Sabrina Mercado,250,yes,293,43,336,SIP/250
2026-07-30 11:30:18,SF cola Taller,,1234567890,no,204,0,0,
2026-07-30 11:29:39,CM cola Taller,Sabrina Mercado,250,yes,301,20,321,SIP/250
2026-07-30 11:29:07,CM cola Taller,,1234567890,no,2,0,0,
2026-07-30 11:21:52,CM cola Taller,Matias Villafane,502,yes,470,15,485,SIP/502
2026-07-30 11:20:29,CM cola Taller,Sofia Montaño,1234567890,yes,157,311,468,SIP/656
2026-07-30 11:16:15,CM cola Taller,,1234567890,no,191,0,0,
2026-07-30 11:15:06,CM cola Taller,,1234567890,no,1,0,0,
2026-07-30 11:14:57,CM cola Taller,Tania Bazan,1234567890,yes,454,395,849,SIP/659
2026-07-30 11:14:09,CM cola Taller,Tania Bazan,1234567890,yes,48,375,423,SIP/659
2026-07-30 11:11:47,MPC cola Taller,Sofia Montaño,1234567890,yes,192,477,669,SIP/656
2026-07-30 11:10:48,CM cola Taller,Sofia Montaño,1234567890,yes,38,202,240,SIP/656
2026-07-30 11:09:39,CM cola Taller,,1234567890,no,1,0,0,
2026-07-30 11:05:54,CM cola Taller,Sofia Montaño,1234567890,yes,60,64,124,SIP/656
2026-07-30 11:05:17,CM cola Taller,,1234567890,no,1,0,0,
2026-07-30 11:02:50,SF cola Taller,Sofia Montaño,1234567890,yes,53,180,233,SIP/656
2026-07-30 11:00:11,CM cola Taller,Fernando Ducloux - GSM,370,yes,209,33,242,SIP/370
2026-07-30 10:59:00,CM cola Taller,,1234567890,no,1,0,0,
2026-07-30 10:57:07,MPC cola Taller,,1234567890,no,191,0,0,
2026-07-30 10:53:44,CM cola Taller,Tania Bazan,1234567890,yes,79,86,165,SIP/659
2026-07-30 10:53:09,SF cola Taller,Sofia Montaño,1234567890,yes,142,181,323,SIP/656
2026-07-30 10:52:58,CM cola Taller,,1234567890,no,0,0,0,
2026-07-30 10:49:51,MPC cola Taller,Tania Bazan,1234567890,yes,196,58,254,SIP/659
2026-07-30 10:48:09,CM cola Taller,Sofia Montaño,1234567890,yes,282,101,383,SIP/656
2026-07-30 10:47:11,CM cola Taller,Camila Mias,251,yes,323,39,362,SIP/251
2026-07-30 10:44:50,MPC cola Taller,Sofia Montaño,1234567890,yes,106,364,470,SIP/656
2026-07-30 10:44:42,CM cola Taller,Tania Bazan,1234567890,yes,183,317,500,SIP/659
2026-07-30 10:43:07,CM cola Taller,Sofia Montaño,1234567890,yes,93,102,195,SIP/656
2026-07-30 10:40:33,CM cola Taller,,1234567890,no,108,0,0,
2026-07-30 10:40:12,SF cola Taller,,1234567890,no,154,0,0,
2026-07-30 10:38:45,CM cola Taller,Sabrina Mercado,250,yes,291,18,309,SIP/250
2026-07-30 10:38:25,CM cola Taller,Sofia Montaño,503,yes,42,292,334,SIP/656
2026-07-30 10:38:11,CM cola Taller,,1234567890,no,7,0,0,
2026-07-30 10:35:02,SF cola Taller,,1234567890,no,1,0,0,
2026-07-30 10:32:46,CM cola Taller,,1234567890,no,0,0,0,
2026-07-30 10:25:26,CM cola Taller,Sofia Montaño,1234567890,yes,72,292,364,SIP/656
2026-07-30 10:18:01,CM cola Taller,Camila Mias,251,yes,113,29,142,SIP/251
2026-07-30 10:16:26,CM cola Taller,,1234567890,no,0,0,0,
2026-07-30 10:14:17,CM cola Taller,Tania Bazan,1234567890,yes,388,550,938,SIP/659
2026-07-30 10:13:56,CM cola Taller,,1234567890,no,155,0,0,
2026-07-30 10:13:06,CM cola Taller,,1234567890,no,0,0,0,
2026-07-30 10:09:03,CM cola Taller,Sofia Montaño,1234567890,yes,14,404,418,SIP/656
2026-07-30 10:04:01,CM cola Taller,Tania Bazan,1234567890,yes,217,163,380,SIP/659
2026-07-30 09:59:29,CM cola Taller,,1234567890,no,8,0,0,
2026-07-30 09:59:16,CM cola Taller,Sofia Montaño,1234567890,yes,88,296,384,SIP/656
2026-07-30 09:58:49,MPC cola Taller,,1234567890,no,101,0,0,
2026-07-30 09:56:09,SF cola Taller,,1234567890,no,159,0,0,
2026-07-30 09:54:48,CM cola Taller,,1234567890,no,0,0,0,
2026-07-30 09:53:17,CM cola Taller,,1234567890,no,32,0,0,
2026-07-30 09:51:44,CM cola Taller,Tania Bazan,1234567890,yes,256,213,469,SIP/659
2026-07-30 09:50:57,CM cola Taller,,1234567890,no,2,0,0,
2026-07-30 09:49:14,MPC cola Taller,Tania Bazan,1234567890,yes,186,211,397,SIP/659
2026-07-30 09:48:43,CM cola Taller,Martin Jalil,503,yes,115,75,190,SIP/503
2026-07-30 09:44:51,CM cola Taller,,1234567890,no,184,0,0,
2026-07-30 09:43:43,CM cola Taller,,1234567890,no,2,0,0,
2026-07-30 09:43:33,SF cola Taller,Tania Bazan,1234567890,yes,22,328,350,SIP/659
2026-07-30 09:39:39,CM cola Taller,,1234567890,no,2,0,0,
2026-07-30 09:36:44,MPC cola Taller,Tania Bazan,1234567890,yes,5,257,262,SIP/659
2026-07-30 09:27:47,MPC cola Taller,,1234567890,no,111,0,0,
2026-07-30 09:24:57,MPC cola Taller,Tania Bazan,1234567890,yes,267,195,462,SIP/659
2026-07-30 09:15:12,SF cola Taller,Tania Bazan,1234567890,yes,310,539,849,SIP/659
2026-07-30 09:11:30,CM cola Taller,Tania Bazan,1234567890,yes,11,117,128,SIP/659
2026-07-30 09:07:48,CM cola Taller,Martin Jalil,503,yes,10,249,259,SIP/503
2026-07-30 08:54:07,MPC cola Taller,Tania Bazan,1234567890,yes,2,206,208,SIP/659
2026-07-30 08:48:55,CM cola Taller,Tania Bazan,1234567890,yes,21,289,310,SIP/659
2026-07-30 08:31:20,CM cola Taller,,1234567890,no,213,0,0,
2026-07-30 08:20:16,CM cola Taller,Tania Bazan,1234567890,yes,11,198,209,SIP/659
2026-07-29 17:53:34,CM cola Taller,,1234567890,no,1,0,0,
2026-07-29 17:49:25,CM cola Taller,Alma Cordoba,1234567890,yes,32,174,206,SIP/655
2026-07-29 17:36:22,CM cola Taller,Alma Cordoba,1234567890,yes,61,202,263,SIP/655
2026-07-29 17:35:02,CM cola Taller,,1234567890,no,2,0,0,
2026-07-29 17:32:25,CM cola Taller,Rocío Cornejo,1234567890,yes,17,590,607,SIP/651
2026-07-29 16:51:57,MPC cola Taller,,1234567890,no,317,0,0,
2026-07-29 16:50:55,CM cola Taller,,1234567890,no,174,0,0,
2026-07-29 16:48:39,MPC cola Taller,Alma Cordoba,1234567890,yes,32,410,442,SIP/655
2026-07-29 16:40:21,MPC cola Taller,Alma Cordoba,1234567890,yes,30,197,227,SIP/655
2026-07-29 16:30:55,SF cola Taller,Alma Cordoba,1234567890,yes,357,147,504,SIP/655
2026-07-29 16:29:58,SF cola Taller,,1234567890,no,0,0,0,
2026-07-29 16:23:11,CM cola Taller,Alma Cordoba,1234567890,yes,456,338,794,SIP/655
2026-07-29 16:22:38,CM cola Taller,Alma Cordoba,1234567890,yes,367,67,434,SIP/655
2026-07-29 16:21:07,CM cola Taller,Alma Cordoba,1234567890,yes,191,243,434,SIP/655
2026-07-29 16:12:20,CM cola Taller,Alma Cordoba,1234567890,yes,293,296,589,SIP/655
2026-07-29 16:05:51,CM cola Taller,Alma Cordoba,1234567890,yes,585,62,647,SIP/655
2026-07-29 16:05:16,CM cola Taller,Alma Cordoba,1234567890,yes,296,290,586,SIP/655
2026-07-29 16:03:55,CM cola Taller,Sabrina Mercado,250,yes,21,20,41,SIP/250
2026-07-29 15:53:21,CM cola Taller,Alma Cordoba,1234567890,yes,14,300,314,SIP/655
2026-07-29 15:52:36,CM cola Taller,,1234567890,no,6,0,0,
2026-07-29 15:50:32,CM cola Taller,Alma Cordoba,1234567890,yes,50,105,155,SIP/655
2026-07-29 15:49:18,CM cola Taller,Alma Cordoba,1234567890,yes,11,85,96,SIP/655
2026-07-29 15:48:28,CM cola Taller,,1234567890,no,1,0,0,
2026-07-29 15:46:41,CM cola Taller,Sofia Montaño,1234567890,yes,5,453,458,SIP/656
2026-07-29 15:38:10,MPC cola Taller,Sofia Montaño,1234567890,yes,185,114,299,SIP/656
2026-07-29 15:37:41,CM cola Taller,Alma Cordoba,1234567890,yes,36,159,195,SIP/655
2026-07-29 15:36:41,CM cola Taller,,1234567890,no,0,0,0,
2026-07-29 15:36:27,CM cola Taller,,1234567890,no,1,0,0,
2026-07-29 15:15:51,CM cola Taller,,1234567890,no,2,0,0,
2026-07-29 15:14:48,CM cola Taller,,1234567890,no,80,0,0,
2026-07-29 15:14:07,CM cola Taller,,1234567890,no,3,0,0,
2026-07-29 15:13:40,CM cola Taller,Alma Cordoba,1234567890,yes,228,174,402,SIP/655
2026-07-29 15:13:18,MPC cola Taller,Alma Cordoba,1234567890,yes,15,211,226,SIP/655
2026-07-29 15:11:22,CM cola Taller,Camila Mias,251,yes,6,97,103,SIP/251
2026-07-29 15:08:12,CM cola Taller,Sofia Montaño,1234567890,yes,9,94,103,SIP/656
2026-07-29 15:04:06,CM cola Taller,,1234567890,no,7,0,0,
2026-07-29 15:02:11,CM cola Taller,Alma Cordoba,1234567890,yes,302,11,313,SIP/655
2026-07-29 14:55:20,CM cola Taller,,1234567890,no,0,0,0,
2026-07-29 14:43:25,CM cola Taller,Sofia Montaño,1234567890,yes,16,188,204,SIP/656
2026-07-29 14:39:54,MPC cola Taller,Alma Cordoba,1234567890,yes,80,332,412,SIP/655
2026-07-29 14:36:35,CM cola Taller,Sofia Montaño,1234567890,yes,5,68,73,SIP/656
2026-07-29 14:35:55,SF cola Taller,Sofia Montaño,1234567890,yes,314,11,325,SIP/656
2026-07-29 14:30:03,CM cola Taller,Sofia Montaño,1234567890,yes,23,7,30,SIP/656
2026-07-29 14:29:17,CM cola Taller,,1234567890,no,2,0,0,
2026-07-29 14:26:29,MPC cola Taller,Agustina Vargas,255,yes,4,40,44,SIP/255
2026-07-29 14:24:09,CM cola Taller,Alma Cordoba,1234567890,yes,18,425,443,SIP/655
2026-07-29 14:20:33,CM cola Taller,,1234567890,no,2,0,0,
2026-07-29 14:19:11,CM cola Taller,Alma Cordoba,1234567890,yes,9,32,41,SIP/655
2026-07-29 14:18:23,CM cola Taller,,1234567890,no,0,0,0,
2026-07-29 14:10:49,SF cola Taller,Sofia Montaño,1234567890,yes,192,468,660,SIP/656
2026-07-29 14:10:44,SF cola Taller,Sofia Montaño,1234567890,yes,4,180,184,SIP/656
2026-07-29 14:10:10,CM cola Taller,Alma Cordoba,1234567890,yes,10,224,234,SIP/655
2026-07-29 14:03:56,MPC cola Taller,,1234567890,no,8,0,0,
2026-07-29 14:02:53,CM cola Taller,Alma Cordoba,1234567890,yes,8,160,168,SIP/655
2026-07-29 14:02:36,CM cola Taller,,1234567890,no,3,0,0,
2026-07-29 12:53:34,MPC cola Taller,Alma Cordoba,1234567890,yes,85,0,85,SIP/655
2026-07-29 12:53:06,MPC cola Taller,Rocío Cornejo,1234567890,yes,17,390,407,SIP/651
2026-07-29 12:51:17,CM cola Taller,,1234567890,no,2,0,0,
2026-07-29 12:47:34,CM cola Taller,,1234567890,no,1,0,0,
2026-07-29 12:47:08,CM cola Taller,Rocío Cornejo,1234567890,yes,18,279,297,SIP/651
2026-07-29 12:45:07,CM cola Taller,Camila Mias,251,yes,12,37,49,SIP/251
2026-07-29 12:43:57,CM cola Taller,,1234567890,no,2,0,0,
2026-07-29 12:36:11,CM cola Taller,Alma Cordoba,1234567890,yes,28,207,235,SIP/655
2026-07-29 12:28:50,MPC cola Taller,Rocío Cornejo,1234567890,yes,14,113,127,SIP/651
2026-07-29 12:23:32,SF cola Taller,,1234567890,no,13,0,0,
2026-07-29 12:22:48,CM cola Taller,Sofia Montaño,1234567890,yes,7,625,632,SIP/656
2026-07-29 12:22:11,SF cola Taller,,1234567890,no,0,0,0,
2026-07-29 12:20:26,CM cola Taller,Alma Cordoba,1234567890,yes,26,328,354,SIP/655
2026-07-29 12:19:13,CM cola Taller,Camila Mias,251,yes,64,36,100,SIP/251
2026-07-29 12:18:45,CM cola Taller,Rocío Cornejo,1234567890,yes,10,40,50,SIP/651
2026-07-29 12:18:05,CM cola Taller,Lucia Sosa,1234567890,yes,32,655,687,SIP/650
2026-07-29 12:17:32,CM cola Taller,,1234567890,no,2,0,0,
2026-07-29 12:16:56,CM cola Taller,,1234567890,no,1,0,0,
2026-07-29 12:15:01,CM cola Taller,Sofia Montaño,1234567890,yes,8,126,134,SIP/656
2026-07-29 12:15:01,CM cola Taller,Camila Mias,251,yes,36,27,63,SIP/251
2026-07-29 12:14:09,CM cola Taller,,1234567890,no,0,0,0,
2026-07-29 12:14:01,CM cola Taller,Rocío Cornejo,1234567890,yes,16,161,177,SIP/651
2026-07-29 12:13:53,CM cola Taller,,1234567890,no,0,0,0,
2026-07-29 12:07:36,MPC cola Taller,Sofia Montaño,1234567890,yes,38,137,175,SIP/656
2026-07-29 11:58:34,CM cola Taller,,1234567890,no,2,0,0,
2026-07-29 11:55:54,SF cola Taller,Sofia Montaño,1234567890,yes,172,270,442,SIP/656
2026-07-29 11:52:01,CM cola Taller,Sofia Montaño,1234567890,yes,180,217,397,SIP/656
2026-07-29 11:50:04,CM cola Taller,Lucia Sosa,1234567890,yes,306,417,723,SIP/650
2026-07-29 11:50:00,CM cola Taller,Camila Mias,251,yes,157,26,183,SIP/251
2026-07-29 11:48:58,SF cola Taller,Sofia Montaño,1234567890,yes,3,201,204,SIP/656
2026-07-29 11:47:43,CM cola Taller,,1234567890,no,6,0,0,
2026-07-29 11:47:09,CM cola Taller,Lucia Sosa,1234567890,yes,36,341,377,SIP/650
2026-07-29 11:46:56,CM cola Taller,Sabrina Mercado,250,yes,17,30,47,SIP/250
2026-07-29 11:46:09,CM cola Taller,,1234567890,no,0,0,0,
2026-07-29 11:44:35,CM cola Taller,,1234567890,no,1,0,0,
2026-07-29 11:39:59,CM cola Taller,Lucia Sosa,1234567890,yes,96,87,183,SIP/650
2026-07-29 11:30:38,CM cola Taller,Sofia Montaño,1234567890,yes,81,104,185,SIP/656
2026-07-29 11:30:12,CM cola Taller,,1234567890,no,1,0,0,
2026-07-29 11:26:38,CM cola Taller,Camila Mias,1234567890,yes,13,47,60,SIP/251
2026-07-29 11:24:16,CM cola Taller,,1234567890,no,104,0,0,
2026-07-29 11:18:23,SF cola Taller,Lucia Sosa,1234567890,yes,76,547,623,SIP/650
2026-07-29 11:17:59,CM cola Taller,Sofia Montaño,1234567890,yes,66,301,367,SIP/656
2026-07-29 11:15:31,CM cola Taller,,1234567890,no,0,0,0,
2026-07-29 11:11:20,CM cola Taller,Sofia Montaño,1234567890,yes,174,81,255,SIP/656
2026-07-29 11:11:06,MPC cola Taller,Sofia Montaño,1234567890,yes,272,190,462,SIP/656
2026-07-29 11:10:34,SF cola Taller,,1234567890,no,423,0,0,
2026-07-29 11:09:36,CM cola Taller,Lucia Sosa,1234567890,yes,296,263,559,SIP/650
2026-07-29 11:07:51,CM cola Taller,Sofia Montaño,1234567890,yes,15,140,155,SIP/656
2026-07-29 11:06:43,CM cola Taller,Lucia Sosa,1234567890,yes,37,150,187,SIP/650
2026-07-29 11:04:25,CM cola Taller,Sofia Montaño,1234567890,yes,76,118,194,SIP/656
2026-07-29 11:04:13,SF cola Taller,Sofia Montaño,1234567890,yes,55,26,81,SIP/656
2026-07-29 11:03:10,CM cola Taller,Lucia Sosa,1234567890,yes,54,132,186,SIP/650
2026-07-29 10:55:47,SF cola Taller,Sofia Montaño,1234567890,yes,235,40,275,SIP/656
2026-07-29 10:53:46,CM cola Taller,Sofia Montaño,1234567890,yes,130,217,347,SIP/656
2026-07-29 10:53:43,CM cola Taller,,1234567890,no,0,0,0,
2026-07-29 10:52:17,CM cola Taller,Sofia Montaño,1234567890,yes,96,116,212,SIP/656
2026-07-29 10:51:01,CM cola Taller,,1234567890,no,1,0,0,
2026-07-29 10:50:28,CM cola Taller,Camila Mias,251,yes,136,24,160,SIP/251
2026-07-29 10:49:28,CM cola Taller,,1234567890,no,3,0,0,
2026-07-29 10:49:23,MPC cola Taller,Lucia Sosa,1234567890,yes,337,281,618,SIP/650
2026-07-29 10:48:58,CM cola Taller,,1234567890,no,1,0,0,
2026-07-29 10:48:25,MPC cola Taller,Lucia Sosa,1234567890,yes,83,166,249,SIP/650
2026-07-29 10:43:24,MPC cola Taller,Sofia Montaño,1234567890,yes,300,10,310,SIP/656
2026-07-29 10:42:35,MPC cola Taller,,1234567890,no,243,0,0,
2026-07-29 10:42:29,CM cola Taller,Lucia Sosa,1234567890,yes,168,134,302,SIP/650
2026-07-29 10:42:23,SF cola Taller,,1234567890,no,125,0,0,
2026-07-29 10:42:08,CM cola Taller,Lucia Sosa,1234567890,yes,27,110,137,SIP/650
2026-07-29 10:39:53,CM cola Taller,,1234567890,no,74,0,0,
2026-07-29 10:38:26,MPC cola Taller,Lucia Sosa,1234567890,yes,10,141,151,SIP/650
2026-07-29 10:29:54,CM cola Taller,,1234567890,no,396,0,0,
2026-07-29 10:26:50,MPC cola Taller,Sofia Montaño,1234567890,yes,46,271,317,SIP/656
2026-07-29 10:25:30,CM cola Taller,Lucia Sosa,1234567890,yes,41,525,566,SIP/650
2026-07-29 10:23:51,MPC cola Taller,Sofia Montaño,1234567890,yes,56,79,135,SIP/656
2026-07-29 10:22:48,MPC cola Taller,Sofia Montaño,1234567890,yes,3,104,107,SIP/656
2026-07-29 10:18:18,MPC cola Taller,Lucia Sosa,1234567890,yes,97,305,402,SIP/650
2026-07-29 10:13:27,CM cola Taller,Martin Jalil,503,yes,225,200,425,SIP/503
2026-07-29 10:12:55,CM cola Taller,,1234567890,no,119,0,0,
2026-07-29 10:11:48,CM cola Taller,Lucia Sosa,1234567890,yes,69,167,236,SIP/650
2026-07-29 10:11:00,CM cola Taller,Lucia Sosa,1234567890,yes,304,61,365,SIP/650
2026-07-29 10:10:39,CM cola Taller,Sofia Montaño,1234567890,yes,165,218,383,SIP/656
2026-07-29 10:08:56,CM cola Taller,Sofia Montaño,1234567890,yes,149,107,256,SIP/656
2026-07-29 10:07:13,CM cola Taller,Sofia Montaño,1234567890,yes,159,86,245,SIP/656
2026-07-29 10:06:13,CM cola Taller,Lucia Sosa,1234567890,yes,47,277,324,SIP/650
2026-07-29 10:04:56,SF cola Taller,Sofia Montaño,1234567890,yes,18,272,290,SIP/656
2026-07-29 10:00:37,CM cola Taller,,1234567890,no,107,0,0,
2026-07-29 10:00:04,CM cola Taller,,1234567890,no,1,0,0,
2026-07-29 09:59:27,CM cola Taller,,1234567890,no,207,0,0,
2026-07-29 09:58:20,CM cola Taller,,1234567890,no,2,0,0,
2026-07-29 09:57:19,SF cola Taller,Sofia Montaño,1234567890,yes,383,1,384,SIP/656
2026-07-29 09:55:54,CM cola Taller,Lucia Sosa,1234567890,yes,315,257,572,SIP/650
2026-07-29 09:54:33,CM cola Taller,,1234567890,no,11,0,0,
2026-07-29 09:53:33,CM cola Taller,Lucia Sosa,1234567890,yes,192,205,397,SIP/650
2026-07-29 09:53:02,CM cola Taller,Lucia Sosa,1234567890,yes,10,189,199,SIP/650
2026-07-29 09:52:15,CM cola Taller,,1234567890,no,2,0,0,
2026-07-29 09:51:01,CM cola Taller,,1234567890,no,1,0,0,
2026-07-29 09:43:11,CM cola Taller,Lucia Sosa,1234567890,yes,30,247,277,SIP/650
2026-07-29 09:34:41,CM cola Taller,,1234567890,no,2,0,0,
2026-07-29 09:34:13,MPC cola Taller,Agustina Vargas,255,yes,168,22,190,SIP/255
2026-07-29 09:34:05,CM cola Taller,,1234567890,no,0,0,0,
2026-07-29 09:31:12,CM cola Taller,,1234567890,no,1,0,0,
2026-07-29 09:26:13,CM cola Taller,,1234567890,no,83,0,0,
2026-07-29 09:24:17,CM cola Taller,Lucia Sosa,1234567890,yes,1003,117,1120,SIP/650
2026-07-29 09:20:35,CM cola Taller,Camila Mias,251,yes,333,31,364,SIP/251
2026-07-29 09:18:06,SF cola Taller,,1234567890,no,420,0,0,
2026-07-29 09:17:46,SF cola Taller,Lucia Sosa,1234567890,yes,285,68,353,SIP/650
2026-07-29 09:15:44,CM cola Taller,,1234567890,no,393,0,0,
2026-07-29 09:10:48,CM cola Taller,,1234567890,no,49,0,0,
2026-07-29 09:10:04,SF cola Taller,,1234567890,no,420,0,0,
2026-07-29 09:09:38,CM cola Taller,,1234567890,no,1,0,0,
2026-07-29 09:06:07,MPC cola Taller,,1234567890,no,48,0,0,
2026-07-29 09:06:06,MPC cola Taller,Lucia Sosa,1234567890,yes,34,103,137,SIP/650
2026-07-29 09:05:39,CM cola Taller,,1234567890,no,0,0,0,
2026-07-29 09:02:13,CM cola Taller,Camila Mias,251,yes,399,41,440,SIP/251
2026-07-29 09:01:56,CM cola Taller,Lucia Sosa,1234567890,yes,57,196,253,SIP/650
2026-07-29 08:58:54,CM cola Taller,Lucia Sosa,1234567890,yes,17,201,218,SIP/650
2026-07-29 08:55:31,MPC cola Taller,Lucia Sosa,1234567890,yes,13,185,198,SIP/650
2026-07-29 08:46:48,CM cola Taller,Lucia Sosa,1234567890,yes,15,212,227,SIP/650
2026-07-29 08:44:42,CM cola Taller,Lucia Sosa,1234567890,yes,12,74,86,SIP/650
2026-07-29 08:39:07,SF cola Taller,Lucia Sosa,1234567890,yes,166,142,308,SIP/650
2026-07-29 08:38:31,CM cola Taller,Lucia Sosa,1234567890,yes,15,177,192,SIP/650
2026-07-29 08:38:03,SF cola Taller,,1234567890,no,0,0,0,
2026-07-29 08:35:07,SF cola Taller,Lucia Sosa,1234567890,yes,120,6,126,SIP/650
2026-07-29 08:34:12,CM cola Taller,Lucia Sosa,1234567890,yes,12,156,168,SIP/650
2026-07-29 08:24:06,CM cola Taller,Lucia Sosa,1234567890,yes,41,86,127,SIP/650
2026-07-28 17:49:33,CM cola Taller,Rocío Cornejo,1234567890,yes,23,289,312,SIP/651
2026-07-28 17:48:44,CM cola Taller,,1234567890,no,3,0,0,
2026-07-28 17:35:59,CM cola Taller,Alma Cordoba,1234567890,yes,13,242,255,SIP/655
2026-07-28 17:30:12,CM cola Taller,Alma Cordoba,1234567890,yes,17,211,228,SIP/655
2026-07-28 17:29:22,CM cola Taller,,1234567890,no,1,0,0,
2026-07-28 17:16:24,CM cola Taller,,1234567890,no,0,0,0,
2026-07-28 17:04:50,CM cola Taller,Alma Cordoba,1234567890,yes,14,228,242,SIP/655
2026-07-28 16:59:33,CM cola Taller,,1234567890,no,3,0,0,
2026-07-28 16:44:05,MPC cola Taller,Rocío Cornejo,1234567890,yes,32,407,439,SIP/651
2026-07-28 16:35:55,SF cola Taller,Rocío Cornejo,1234567890,yes,101,161,262,SIP/651
2026-07-28 16:30:58,CM cola Taller,Rocío Cornejo,1234567890,yes,94,270,364,SIP/651
2026-07-28 16:24:17,SF cola Taller,Rocío Cornejo,1234567890,yes,127,159,286,SIP/651
2026-07-28 16:20:23,CM cola Taller,,1234567890,no,564,0,0,
2026-07-28 16:18:04,CM cola Taller,Rocío Cornejo,1234567890,yes,336,156,492,SIP/651
2026-07-28 16:16:18,SF cola Taller,,1234567890,no,421,0,0,
2026-07-28 16:10:46,CM cola Taller,Rocío Cornejo,1234567890,yes,420,207,627,SIP/651
2026-07-28 16:08:33,SF cola Taller,,1234567890,no,423,0,0,
2026-07-28 16:07:34,CM cola Taller,,1234567890,no,191,0,0,
2026-07-28 16:07:27,CM cola Taller,Sabrina Mercado,250,yes,310,41,351,SIP/250
2026-07-28 16:03:57,CM cola Taller,,1234567890,no,39,0,0,
2026-07-28 16:02:36,CM cola Taller,,1234567890,no,2,0,0,
2026-07-28 16:00:54,CM cola Taller,Rocío Cornejo,1234567890,yes,62,151,213,SIP/651
2026-07-28 15:49:59,CM cola Taller,Sofia Montaño,1234567890,yes,20,850,870,SIP/656
2026-07-28 15:42:29,CM cola Taller,Sofia Montaño,1234567890,yes,5,66,71,SIP/656
2026-07-28 15:38:46,CM cola Taller,Sofia Montaño,1234567890,yes,24,108,132,SIP/656
2026-07-28 15:38:10,MPC cola Taller,Rocío Cornejo,1234567890,yes,11,166,177,SIP/651
2026-07-28 15:37:33,CM cola Taller,,1234567890,no,2,0,0,
2026-07-28 15:29:08,CM cola Taller,Sabrina Mercado,250,yes,9,28,37,SIP/250
2026-07-28 15:24:07,CM cola Taller,,1234567890,no,0,0,0,
2026-07-28 15:16:57,CM cola Taller,,1234567890,no,1,0,0,
2026-07-28 15:15:37,CM cola Taller,,1234567890,no,1,0,0,
2026-07-28 15:11:29,MPC cola Taller,Rocío Cornejo,1234567890,yes,254,168,422,SIP/651
2026-07-28 15:07:07,CM cola Taller,,1234567890,no,2,0,0,
2026-07-28 15:05:55,CM cola Taller,Rocío Cornejo,1234567890,yes,16,494,510,SIP/651
2026-07-28 15:03:27,CM cola Taller,Sofia Montaño,251,yes,8,1,9,SIP/656
2026-07-28 14:55:23,CM cola Taller,Rocío Cornejo,1234567890,yes,9,462,471,SIP/651
2026-07-28 14:51:30,CM cola Taller,Sofia Montaño,1234567890,yes,5,336,341,SIP/656
2026-07-28 14:47:53,CM cola Taller,Sofia Montaño,1234567890,yes,22,129,151,SIP/656
2026-07-28 14:46:45,CM cola Taller,Rocío Cornejo,1234567890,yes,15,100,115,SIP/651
2026-07-28 14:46:05,CM cola Taller,,1234567890,no,1,0,0,
2026-07-28 14:39:39,CM cola Taller,Sofia Montaño,1234567890,yes,149,57,206,SIP/656
2026-07-28 14:39:16,CM cola Taller,Rocío Cornejo,1234567890,yes,14,188,202,SIP/651
2026-07-28 14:38:09,CM cola Taller,Sofia Montaño,1234567890,yes,18,213,231,SIP/656
2026-07-28 14:33:29,CM cola Taller,Camila Mias,251,yes,99,15,114,SIP/251
2026-07-28 14:32:08,CM cola Taller,Rocío Cornejo,1234567890,yes,26,144,170,SIP/651
2026-07-28 14:30:39,CM cola Taller,Sofia Montaño,1234567890,yes,18,424,442,SIP/656
2026-07-28 14:27:01,CM cola Taller,Sabrina Mercado,250,yes,134,53,187,SIP/250
2026-07-28 14:26:59,SF cola Taller,Rocío Cornejo,1234567890,yes,15,264,279,SIP/651
2026-07-28 14:24:53,CM cola Taller,Sofia Montaño,1234567890,yes,8,165,173,SIP/656
2026-07-28 14:21:45,CM cola Taller,,1234567890,no,1,0,0,
2026-07-28 14:20:40,CM cola Taller,Sofia Montaño,1234567890,yes,10,167,177,SIP/656
2026-07-28 14:20:16,CM cola Taller,Rocío Cornejo,1234567890,yes,24,48,72,SIP/651
2026-07-28 14:19:28,CM cola Taller,,1234567890,no,1,0,0,
2026-07-28 14:18:03,CM cola Taller,Rocío Cornejo,1234567890,yes,5,112,117,SIP/651
2026-07-28 14:11:56,CM cola Taller,Rocío Cornejo,1234567890,yes,5,248,253,SIP/651
2026-07-28 14:11:16,CM cola Taller,,1234567890,no,2,0,0,
2026-07-28 14:10:49,CM cola Taller,,1234567890,no,3,0,0,
2026-07-28 14:09:12,CM cola Taller,,1234567890,no,3,0,0,
2026-07-28 14:06:59,CM cola Taller,Rocío Cornejo,1234567890,yes,75,199,274,SIP/651
2026-07-28 14:06:25,CM cola Taller,Sofia Montaño,1234567890,yes,83,181,264,SIP/656
2026-07-28 14:05:58,CM cola Taller,,1234567890,no,1,0,0,
2026-07-28 14:05:30,CM cola Taller,Camila Mias,251,yes,44,22,66,SIP/251
2026-07-28 14:03:14,CM cola Taller,Sofia Montaño,1234567890,yes,11,246,257,SIP/656
2026-07-28 14:01:54,CM cola Taller,,1234567890,no,2,0,0,
2026-07-28 12:57:55,CM cola Taller,Rocío Cornejo,1234567890,yes,8,90,98,SIP/651
2026-07-28 12:55:08,CM cola Taller,Alma Cordoba,1234567890,yes,20,244,264,SIP/655
2026-07-28 12:54:26,CM cola Taller,,1234567890,no,2,0,0,
2026-07-28 12:53:42,MPC cola Taller,Agustina Vargas,255,yes,3,22,25,SIP/255
2026-07-28 12:49:51,CM cola Taller,Alma Cordoba,Anonymous,yes,212,100,312,SIP/655
2026-07-28 12:48:03,CM cola Taller,,Anonymous,no,0,0,0,
2026-07-28 12:47:44,MPC cola Taller,Alma Cordoba,1234567890,yes,237,90,327,SIP/655
2026-07-28 12:45:56,CM cola Taller,,1234567890,no,85,0,0,
2026-07-28 12:44:52,CM cola Taller,,1234567890,no,1,0,0,
2026-07-28 12:44:20,MPC cola Taller,,1234567890,no,421,0,0,
2026-07-28 12:43:54,MPC cola Taller,,1234567890,no,420,0,0,
2026-07-28 12:42:47,CM cola Taller,Rocío Cornejo,1234567890,yes,545,81,626,SIP/651
2026-07-28 12:41:26,CM cola Taller,Tania Bazan,1234567890,yes,708,180,888,SIP/659
2026-07-28 12:38:48,MPC cola Taller,,1234567890,no,396,0,0,
2026-07-28 12:38:17,CM cola Taller,,1234567890,no,1,0,0,
2026-07-28 12:34:03,SF cola Taller,,1234567890,no,254,0,0,
2026-07-28 12:30:22,MPC cola Taller,Agustina Vargas,255,yes,276,61,337,SIP/255
2026-07-28 12:26:37,CM cola Taller,,1234567890,no,1,0,0,
2026-07-28 12:23:41,CM cola Taller,,1234567890,no,0,0,0,
2026-07-28 12:23:08,CM cola Taller,,1234567890,no,133,0,0,
2026-07-28 12:23:02,CM cola Taller,,1234567890,no,1201,0,0,
2026-07-28 12:21:13,CM cola Taller,,1234567890,no,2,0,0,
2026-07-28 12:21:01,MPC cola Taller,,1234567890,no,266,0,0,
2026-07-28 12:15:55,CM cola Taller,,1234567890,no,0,0,0,
2026-07-28 12:14:59,CM cola Taller,Sofia Montaño,1234567890,yes,8,263,271,SIP/656
2026-07-28 12:11:26,SF cola Taller,Rocío Cornejo,1234567890,yes,3,211,214,SIP/651
2026-07-28 12:11:10,CM cola Taller,Alma Cordoba,1234567890,yes,9,105,114,SIP/655
2026-07-28 12:01:18,CM cola Taller,Rocío Cornejo,1234567890,yes,14,401,415,SIP/651
2026-07-28 12:00:31,MPC cola Taller,Sofia Montaño,1234567890,yes,4,82,86,SIP/656
2026-07-28 11:58:25,CM cola Taller,Tania Bazan,1234567890,yes,7,439,446,SIP/659
2026-07-28 11:47:02,CM cola Taller,,1234567890,no,1,0,0,
2026-07-28 11:45:53,CM cola Taller,,1234567890,no,0,0,0,
2026-07-28 11:44:18,CM cola Taller,,1234567890,no,2,0,0,
2026-07-28 11:43:33,CM cola Taller,Sofia Montaño,1234567890,yes,18,277,295,SIP/656
2026-07-28 11:42:43,CM cola Taller,,1234567890,no,2,0,0,
2026-07-28 11:39:42,CM cola Taller,Sofia Montaño,1234567890,yes,232,177,409,SIP/656
2026-07-28 11:35:30,CM cola Taller,Tania Bazan,1234567890,yes,4,233,237,SIP/659
2026-07-28 11:35:00,CM cola Taller,,1234567890,no,1,0,0,
2026-07-28 11:34:59,MPC cola Taller,Sofia Montaño,1234567890,yes,9,494,503,SIP/656
2026-07-28 11:33:26,CM cola Taller,Tania Bazan,1234567890,yes,6,84,90,SIP/659
2026-07-28 11:31:15,CM cola Taller,Sofia Montaño,1234567890,yes,19,67,86,SIP/656
2026-07-28 11:27:48,MPC cola Taller,Tania Bazan,1234567890,yes,7,215,222,SIP/659
2026-07-28 11:21:09,CM cola Taller,Tania Bazan,1234567890,yes,5,108,113,SIP/659
2026-07-28 11:20:25,CM cola Taller,Sabrina Mercado,250,yes,6,39,45,SIP/250
2026-07-28 11:18:28,CM cola Taller,,1234567890,no,2,0,0,
2026-07-28 11:17:29,CM cola Taller,,1234567890,no,1,0,0,
2026-07-28 11:14:45,CM cola Taller,,1234567890,no,2,0,0,
2026-07-28 11:08:46,MPC cola Taller,Sofia Montaño,1234567890,yes,9,28,37,SIP/656
2026-07-28 11:03:54,CM cola Taller,Tania Bazan,1234567890,yes,7,157,164,SIP/659
2026-07-28 10:53:16,CM cola Taller,Sofia Montaño,Anonymous,yes,6,66,72,SIP/656
2026-07-28 10:40:50,CM cola Taller,Tania Bazan,1234567890,yes,10,195,205,SIP/659
2026-07-28 10:40:44,CM cola Taller,Sofia Montaño,1234567890,yes,9,70,79,SIP/656
2026-07-28 10:37:00,MPC cola Taller,Tania Bazan,1234567890,yes,17,217,234,SIP/659
2026-07-28 10:35:02,CM cola Taller,,1234567890,no,2,0,0,
2026-07-28 10:33:05,CM cola Taller,Camila Mias,251,yes,25,17,42,SIP/251
2026-07-28 10:32:33,CM cola Taller,,1234567890,no,375,0,0,
2026-07-28 10:30:45,MPC cola Taller,Tania Bazan,1234567890,yes,8,141,149,SIP/659
2026-07-28 10:28:53,CM cola Taller,Sofia Montaño,1234567890,yes,18,175,193,SIP/656
2026-07-28 10:27:58,CM cola Taller,,1234567890,no,0,0,0,
2026-07-28 10:23:23,CM cola Taller,,1234567890,no,4,0,0,
2026-07-28 10:22:37,CM cola Taller,Sofia Montaño,1234567890,yes,5,86,91,SIP/656
2026-07-28 10:22:23,CM cola Taller,Tania Bazan,1234567890,yes,6,188,194,SIP/659
2026-07-28 10:07:40,CM cola Taller,Sofia Montaño,1234567890,yes,289,218,507,SIP/656
2026-07-28 10:06:26,CM cola Taller,Sofia Montaño,1234567890,yes,11,184,195,SIP/656
2026-07-28 10:05:45,CM cola Taller,Tania Bazan,1234567890,yes,4,410,414,SIP/659
2026-07-28 10:00:54,CM cola Taller,Sofia Montaño,1234567890,yes,5,114,119,SIP/656
2026-07-28 09:54:49,SF cola Taller,Tania Bazan,1234567890,yes,253,173,426,SIP/659
2026-07-28 09:54:46,MPC cola Taller,Agustina Vargas,255,yes,217,77,294,SIP/255
2026-07-28 09:50:33,CM cola Taller,Tania Bazan,1234567890,yes,231,267,498,SIP/659
2026-07-28 09:50:10,CM cola Taller,Sofia Montaño,1234567890,yes,238,144,382,SIP/656
2026-07-28 09:48:15,SF cola Taller,Sofia Montaño,1234567890,yes,83,198,281,SIP/656
2026-07-28 09:47:46,CM cola Taller,Tania Bazan,Anonymous,yes,35,353,388,SIP/659
2026-07-28 09:46:48,CM cola Taller,,Anonymous,no,0,0,0,
2026-07-28 09:46:32,CM cola Taller,Sofia Montaño,1234567890,yes,11,171,182,SIP/656
2026-07-28 09:38:20,SF cola Taller,Tania Bazan,1234567890,yes,188,191,379,SIP/659
2026-07-28 09:37:00,CM cola Taller,,1234567890,no,1,0,0,
2026-07-28 09:32:04,SF cola Taller,Sofia Montaño,1234567890,yes,9,280,289,SIP/656
2026-07-28 09:29:59,CM cola Taller,Sofia Montaño,1234567890,yes,10,88,98,SIP/656
2026-07-28 09:28:51,CM cola Taller,,1234567890,no,1,0,0,
2026-07-28 09:27:39,CM cola Taller,Tania Bazan,1234567890,yes,49,266,315,SIP/659
2026-07-28 09:27:33,CM cola Taller,,1234567890,no,5,0,0,
2026-07-28 09:25:44,CM cola Taller,Sofia Montaño,1234567890,yes,158,98,256,SIP/656
2026-07-28 09:24:25,SF cola Taller,Tania Bazan,1234567890,yes,4,231,235,SIP/659
2026-07-28 09:23:38,CM cola Taller,Sofia Montaño,1234567890,yes,5,249,254,SIP/656
2026-07-28 09:19:43,CM cola Taller,,1234567890,no,1,0,0,
2026-07-28 09:18:33,MPC cola Taller,Sofia Montaño,1234567890,yes,80,81,161,SIP/656
2026-07-28 09:17:52,CM cola Taller,Tania Bazan,1234567890,yes,4,165,169,SIP/659
2026-07-28 09:17:10,CM cola Taller,Sofia Montaño,1234567890,yes,18,69,87,SIP/656
2026-07-28 09:13:25,CM cola Taller,,1234567890,no,1,0,0,
2026-07-28 09:11:23,MPC cola Taller,Tania Bazan,1234567890,yes,81,86,167,SIP/659
2026-07-28 09:09:29,MPC cola Taller,,1234567890,no,117,0,0,
2026-07-28 09:03:26,SF cola Taller,Tania Bazan,1234567890,yes,154,203,357,SIP/659
2026-07-28 09:03:17,CM cola Taller,Tania Bazan,1234567890,yes,371,186,557,SIP/659
2026-07-28 09:02:29,CM cola Taller,,1234567890,no,0,0,0,
2026-07-28 09:01:49,CM cola Taller,Tania Bazan,1234567890,yes,5,241,246,SIP/659
2026-07-28 09:00:04,CM cola Taller,Tania Bazan,1234567890,yes,7,94,101,SIP/659
2026-07-28 08:56:35,CM cola Taller,Tania Bazan,1234567890,yes,7,150,157,SIP/659
2026-07-28 08:51:25,CM cola Taller,Tania Bazan,1234567890,yes,34,152,186,SIP/659
2026-07-28 08:49:38,MPC cola Taller,Sofia Montaño,1234567890,yes,11,102,113,SIP/656
2026-07-28 08:49:35,MPC cola Taller,Tania Bazan,1234567890,yes,8,78,86,SIP/659
2026-07-28 08:48:33,CM cola Taller,,1234567890,no,2,0,0,
2026-07-28 08:45:58,MPC cola Taller,Tania Bazan,1234567890,yes,150,27,177,SIP/659
2026-07-28 08:44:36,CM cola Taller,,1234567890,no,2,0,0,
2026-07-28 08:44:20,CM cola Taller,,1234567890,no,1,0,0,
2026-07-28 08:38:46,CM cola Taller,Sofia Montaño,1234567890,yes,7,311,318,SIP/656
2026-07-28 08:38:21,CM cola Taller,Tania Bazan,1234567890,yes,42,67,109,SIP/659
2026-07-28 08:37:44,CM cola Taller,,1234567890,no,1,0,0,
2026-07-28 08:33:51,CM cola Taller,Camila Mias,251,yes,37,12,49,SIP/251
2026-07-28 08:33:20,MPC cola Taller,Tania Bazan,1234567890,yes,8,203,211,SIP/659
2026-07-28 08:29:29,MPC cola Taller,Sofia Montaño,1234567890,yes,45,247,292,SIP/656
2026-07-28 08:26:09,MPC cola Taller,Sofia Montaño,1234567890,yes,2,223,225,SIP/656
2026-07-28 08:24:37,CM cola Taller,Tania Bazan,1234567890,yes,6,464,470,SIP/659
2026-07-28 08:22:41,MPC cola Taller,Sofia Montaño,1234567890,yes,2,7,9,SIP/656
2026-07-28 08:08:51,CM cola Taller,Sofia Montaño,1234567890,yes,5,152,157,SIP/656
2026-07-28 08:06:05,CM cola Taller,Tania Bazan,1234567890,yes,6,56,62,SIP/659
2026-07-28 08:04:53,CM cola Taller,,1234567890,no,0,0,0,
2026-07-28 08:03:48,CM cola Taller,,1234567890,no,0,0,0,
2026-07-27 17:34:30,CM cola Taller,Alma Cordoba,1234567890,yes,92,263,355,SIP/655
2026-07-27 17:28:05,CM cola Taller,Alma Cordoba,1234567890,yes,48,120,168,SIP/655
2026-07-27 17:21:15,CM cola Taller,Alma Cordoba,1234567890,yes,25,95,120,SIP/655
2026-07-27 17:11:51,CM cola Taller,Alma Cordoba,1234567890,yes,84,166,250,SIP/655
2026-07-27 17:08:50,CM cola Taller,,1234567890,no,1,0,0,
2026-07-27 17:06:30,CM cola Taller,,1234567890,no,68,0,0,
2026-07-27 17:06:08,CM cola Taller,,1234567890,no,1,0,0,
2026-07-27 16:56:44,CM cola Taller,Alma Cordoba,1234567890,yes,138,270,408,SIP/655
2026-07-27 16:53:54,CM cola Taller,Alma Cordoba,1234567890,yes,138,108,246,SIP/655
2026-07-27 16:48:23,CM cola Taller,Alma Cordoba,1234567890,yes,249,168,417,SIP/655
2026-07-27 16:47:02,CM cola Taller,Alma Cordoba,1234567890,yes,12,285,297,SIP/655
2026-07-27 16:43:09,CM cola Taller,Alma Cordoba,1234567890,yes,41,55,96,SIP/655
2026-07-27 16:33:34,SF cola Taller,Alma Cordoba,1234567890,yes,17,139,156,SIP/655
2026-07-27 16:29:41,CM cola Taller,Alma Cordoba,1234567890,yes,25,144,169,SIP/655
2026-07-27 16:23:51,CM cola Taller,Sabrina Mercado,250,yes,178,29,207,SIP/250
2026-07-27 16:21:35,CM cola Taller,Alma Cordoba,1234567890,yes,173,121,294,SIP/655
2026-07-27 16:21:16,CM cola Taller,,1234567890,no,31,0,0,
2026-07-27 16:19:40,CM cola Taller,,1234567890,no,59,0,0,
2026-07-27 16:18:29,CM cola Taller,Alma Cordoba,1234567890,yes,15,275,290,SIP/655
2026-07-27 16:14:04,CM cola Taller,Alma Cordoba,1234567890,yes,14,155,169,SIP/655
2026-07-27 16:05:22,CM cola Taller,,1234567890,no,106,0,0,
2026-07-27 16:03:44,CM cola Taller,Alma Cordoba,1234567890,yes,83,196,279,SIP/655
2026-07-27 15:59:33,CM cola Taller,Alma Cordoba,1234567890,yes,157,150,307,SIP/655
2026-07-27 15:58:36,MPC cola Taller,Alma Cordoba,1234567890,yes,21,166,187,SIP/655
2026-07-27 15:55:29,CM cola Taller,,1234567890,no,100,0,0,
2026-07-27 15:54:20,MPC cola Taller,Alma Cordoba,1234567890,yes,114,128,242,SIP/655
2026-07-27 15:52:54,MPC cola Taller,Alma Cordoba,1234567890,yes,43,136,179,SIP/655
2026-07-27 15:50:42,CM cola Taller,Alma Cordoba,1234567890,yes,12,147,159,SIP/655
2026-07-27 15:49:21,CM cola Taller,Rocío Cornejo,1234567890,yes,7,44,51,SIP/651
2026-07-27 15:43:11,CM cola Taller,Alma Cordoba,1234567890,yes,10,97,107,SIP/655
2026-07-27 15:42:24,CM cola Taller,,1234567890,no,0,0,0,
2026-07-27 15:36:12,CM cola Taller,Rocío Cornejo,1234567890,yes,160,55,215,SIP/651
2026-07-27 15:35:17,CM cola Taller,,1234567890,no,2,0,0,
2026-07-27 15:33:29,CM cola Taller,,1234567890,no,51,0,0,
2026-07-27 15:32:37,CM cola Taller,Alma Cordoba,1234567890,yes,132,165,297,SIP/655
2026-07-27 15:31:41,CM cola Taller,Alma Cordoba,1234567890,yes,11,163,174,SIP/655
2026-07-27 15:31:16,CM cola Taller,Rocío Cornejo,Anonymous,yes,9,292,301,SIP/651
2026-07-27 15:30:11,CM cola Taller,,Anonymous,no,0,0,0,
2026-07-27 15:27:53,CM cola Taller,Rocío Cornejo,1234567890,yes,12,116,128,SIP/651
2026-07-27 15:20:01,CM cola Taller,Rocío Cornejo,1234567890,yes,9,180,189,SIP/651
2026-07-27 15:16:08,CM cola Taller,Sabrina Mercado,250,yes,80,44,124,SIP/250
2026-07-27 15:13:53,CM cola Taller,Alma Cordoba,1234567890,yes,11,230,241,SIP/655
2026-07-27 15:13:22,CM cola Taller,Rocío Cornejo,1234567890,yes,19,94,113,SIP/651
2026-07-27 15:13:17,CM cola Taller,,1234567890,no,1,0,0,
2026-07-27 15:12:18,CM cola Taller,,1234567890,no,3,0,0,
2026-07-27 15:12:10,CM cola Taller,,1234567890,no,3,0,0,
2026-07-27 15:11:55,CM cola Taller,Alma Cordoba,1234567890,yes,22,50,72,SIP/655
2026-07-27 15:11:49,CM cola Taller,Rocío Cornejo,1234567890,yes,6,65,71,SIP/651
2026-07-27 15:10:53,CM cola Taller,,1234567890,no,8,0,0,
2026-07-27 15:00:02,SF cola Taller,Rocío Cornejo,1234567890,yes,12,336,348,SIP/651
2026-07-27 14:53:43,CM cola Taller,Alma Cordoba,1234567890,yes,21,200,221,SIP/655
2026-07-27 14:47:44,MPC cola Taller,,1234567890,no,65,0,0,
2026-07-27 14:47:07,CM cola Taller,Alma Cordoba,503,yes,11,192,203,SIP/655
2026-07-27 14:42:32,CM cola Taller,Alma Cordoba,1234567890,yes,15,131,146,SIP/655
2026-07-27 14:40:25,SF cola Taller,Rocío Cornejo,1234567890,yes,4,76,80,SIP/651
2026-07-27 14:34:07,MPC cola Taller,Rocío Cornejo,1234567890,yes,8,198,206,SIP/651
2026-07-27 14:30:04,CM cola Taller,Alma Cordoba,1234567890,yes,15,39,54,SIP/655
2026-07-27 14:26:59,CM cola Taller,Camila Mias,251,yes,8,18,26,SIP/251
2026-07-27 14:25:49,CM cola Taller,,1234567890,no,1,0,0,
2026-07-27 14:23:21,CM cola Taller,,1234567890,no,2,0,0,
2026-07-27 14:21:55,CM cola Taller,Rocío Cornejo,1234567890,yes,12,419,431,SIP/651
2026-07-27 14:15:10,CM cola Taller,Rocío Cornejo,1234567890,yes,33,72,105,SIP/651
2026-07-27 14:14:20,CM cola Taller,,1234567890,no,1,0,0,
2026-07-27 14:13:45,CM cola Taller,Rocío Cornejo,1234567890,yes,10,93,103,SIP/651
2026-07-27 14:13:37,CM cola Taller,Alma Cordoba,1234567890,yes,15,127,142,SIP/655
2026-07-27 14:06:09,CM cola Taller,Rocío Cornejo,1234567890,yes,11,172,183,SIP/651
2026-07-27 14:02:51,CM cola Taller,Rocío Cornejo,1234567890,yes,8,125,133,SIP/651
2026-07-27 14:01:52,CM cola Taller,Alma Cordoba,1234567890,yes,11,72,83,SIP/655
2026-07-27 14:01:25,CM cola Taller,,1234567890,no,2,0,0,
2026-07-27 12:54:42,CM cola Taller,Camila Mias,251,yes,11,17,28,SIP/251
2026-07-27 12:54:16,SF cola Taller,Rocío Cornejo,1234567890,yes,5,289,294,SIP/651
2026-07-27 12:45:45,CM cola Taller,Lucia Sosa,1234567890,yes,40,103,143,SIP/650
2026-07-27 12:45:40,CM cola Taller,Alma Cordoba,1234567890,yes,25,164,189,SIP/655
2026-07-27 12:44:04,CM cola Taller,Sabrina Mercado,250,yes,15,19,34,SIP/250
2026-07-27 12:42:08,CM cola Taller,,1234567890,no,1,0,0,
2026-07-27 12:31:09,CM cola Taller,Alma Cordoba,1234567890,yes,37,84,121,SIP/655
2026-07-27 12:31:02,CM cola Taller,Lucia Sosa,1234567890,yes,35,219,254,SIP/650
2026-07-27 12:30:59,MPC cola Taller,Sofia Montaño,1234567890,yes,21,184,205,SIP/656
2026-07-27 12:28:20,CM cola Taller,Sofia Montaño,1234567890,yes,4,72,76,SIP/656
2026-07-27 12:25:19,CM cola Taller,Alma Cordoba,1234567890,yes,17,196,213,SIP/655
2026-07-27 12:21:25,CM cola Taller,Camila Mias,251,yes,22,16,38,SIP/251
2026-07-27 12:20:24,CM cola Taller,,1234567890,no,1,0,0,
2026-07-27 12:17:37,CM cola Taller,Alma Cordoba,1234567890,yes,13,97,110,SIP/655
2026-07-27 12:17:17,CM cola Taller,,1234567890,no,5,0,0,
2026-07-27 12:14:55,CM cola Taller,Rocío Cornejo,251,yes,14,2,16,SIP/651
2026-07-27 12:11:21,CM cola Taller,,1234567890,no,2,0,0,
2026-07-27 12:10:08,CM cola Taller,Alma Cordoba,1234567890,yes,13,150,163,SIP/655
2026-07-27 12:09:50,CM cola Taller,,1234567890,no,1,0,0,
2026-07-27 12:07:42,CM cola Taller,Rocío Cornejo,1234567890,yes,8,263,271,SIP/651
2026-07-27 12:05:07,CM cola Taller,Rocío Cornejo,1234567890,yes,7,117,124,SIP/651
2026-07-27 12:02:11,CM cola Taller,,1234567890,no,2,0,0,
2026-07-27 12:01:37,CM cola Taller,Sabrina Mercado,502,yes,14,123,137,SIP/250
2026-07-27 11:55:25,CM cola Taller,Camila Mias,251,yes,35,34,69,SIP/251
2026-07-27 11:54:28,CM cola Taller,,1234567890,no,20,0,0,
2026-07-27 11:52:36,CM cola Taller,,1234567890,no,0,0,0,
2026-07-27 11:51:50,CM cola Taller,,1234567890,no,1,0,0,
2026-07-27 11:49:25,CM cola Taller,Sofia Montaño,1234567890,yes,243,138,381,SIP/656
2026-07-27 11:46:37,SF cola Taller,Lucia Sosa,1234567890,yes,21,352,373,SIP/650
2026-07-27 11:43:59,MPC cola Taller,,1234567890,no,147,0,0,
2026-07-27 11:43:01,CM cola Taller,Sofia Montaño,1234567890,yes,339,186,525,SIP/656
2026-07-27 11:39:41,MPC cola Taller,,1234567890,no,163,0,0,
2026-07-27 11:37:41,SF cola Taller,,1234567890,no,73,0,0,
2026-07-27 11:37:30,CM cola Taller,Sofia Montaño,1234567890,yes,158,255,413,SIP/656
2026-07-27 11:36:59,CM cola Taller,Lucia Sosa,1234567890,yes,182,243,425,SIP/650
2026-07-27 11:36:47,CM cola Taller,,1234567890,no,1,0,0,
2026-07-27 11:36:15,CM cola Taller,,1234567890,no,0,0,0,
2026-07-27 11:35:38,CM cola Taller,,1234567890,no,2,0,0,
2026-07-27 11:34:34,CM cola Taller,Sofia Montaño,1234567890,yes,215,99,314,SIP/656
2026-07-27 11:34:10,CM cola Taller,,1234567890,no,27,0,0,
2026-07-27 11:32:21,CM cola Taller,Lucia Sosa,1234567890,yes,234,178,412,SIP/650
2026-07-27 11:31:48,CM cola Taller,,1234567890,no,0,0,0,
2026-07-27 11:28:04,CM cola Taller,Lucia Sosa,1234567890,yes,18,453,471,SIP/650
2026-07-27 11:26:53,CM cola Taller,,1234567890,no,1,0,0,
2026-07-27 11:24:27,CM cola Taller,Lucia Sosa,1234567890,yes,12,189,201,SIP/650
2026-07-27 11:22:53,CM cola Taller,Sofia Montaño,1234567890,yes,73,71,144,SIP/656
2026-07-27 11:22:46,CM cola Taller,Lucia Sosa,1234567890,yes,19,74,93,SIP/650
2026-07-27 11:17:56,CM cola Taller,,1234567890,no,250,0,0,
2026-07-27 11:17:56,MPC cola Taller,Agustina Vargas,255,yes,159,26,185,SIP/255
2026-07-27 11:17:32,CM cola Taller,Sofia Montaño,1234567890,yes,64,113,177,SIP/656
2026-07-27 11:16:27,MPC cola Taller,Lucia Sosa,1234567890,yes,16,243,259,SIP/650
2026-07-27 11:15:13,CM cola Taller,,1234567890,no,1,0,0,
2026-07-27 11:10:47,CM cola Taller,Lucia Sosa,1234567890,yes,19,271,290,SIP/650
2026-07-27 11:10:10,CM cola Taller,,1234567890,no,1,0,0,
2026-07-27 11:05:59,CM cola Taller,Sofia Montaño,1234567890,yes,217,383,600,SIP/656
2026-07-27 11:05:16,CM cola Taller,Sofia Montaño,1234567890,yes,82,169,251,SIP/656
2026-07-27 11:03:46,CM cola Taller,Lucia Sosa,1234567890,yes,10,373,383,SIP/650
2026-07-27 10:59:51,CM cola Taller,Matias Villafane,502,yes,7,211,218,SIP/502
2026-07-27 10:55:40,CM cola Taller,Sofia Montaño,1234567890,yes,6,118,124,SIP/656
2026-07-27 10:54:27,CM cola Taller,,1234567890,no,1,0,0,
2026-07-27 10:53:35,CM cola Taller,Lucia Sosa,1234567890,yes,17,156,173,SIP/650
2026-07-27 10:46:13,CM cola Taller,Lucia Sosa,1234567890,yes,15,173,188,SIP/650
2026-07-27 10:42:34,MPC cola Taller,Sofia Montaño,1234567890,yes,21,247,268,SIP/656
2026-07-27 10:42:29,MPC cola Taller,Lucia Sosa,1234567890,yes,20,126,146,SIP/650
2026-07-27 10:33:59,CM cola Taller,Sofia Montaño,1234567890,yes,6,158,164,SIP/656
2026-07-27 10:27:16,MPC cola Taller,Sofia Montaño,1234567890,yes,126,82,208,SIP/656
2026-07-27 10:25:41,CM cola Taller,Sabrina Mercado,250,yes,107,35,142,SIP/250
2026-07-27 10:25:22,CM cola Taller,,1234567890,no,1,0,0,
2026-07-27 10:23:24,SF cola Taller,Sofia Montaño,1234567890,yes,154,191,345,SIP/656
2026-07-27 10:18:39,CM cola Taller,Lucia Sosa,1234567890,yes,388,103,491,SIP/650
2026-07-27 10:17:55,CM cola Taller,,1234567890,no,1,0,0,
2026-07-27 10:14:56,CM cola Taller,,1234567890,no,523,0,0,
2026-07-27 10:14:24,CM cola Taller,Sofia Montaño,1234567890,yes,457,234,691,SIP/656
2026-07-27 10:13:49,MPC cola Taller,Lucia Sosa,1234567890,yes,79,259,338,SIP/650
2026-07-27 10:13:40,CM cola Taller,,1234567890,no,133,0,0,
2026-07-27 10:13:18,CM cola Taller,,1234567890,no,2,0,0,
2026-07-27 10:11:40,CM cola Taller,Lucia Sosa,1234567890,yes,496,276,772,SIP/650
2026-07-27 10:10:10,CM cola Taller,,1234567890,no,418,0,0,
2026-07-27 10:09:16,CM cola Taller,,1234567890,no,28,0,0,
2026-07-27 10:08:29,CM cola Taller,Camila Mias,251,yes,444,17,461,SIP/251
2026-07-27 10:07:49,CM cola Taller,,1234567890,no,291,0,0,
2026-07-27 10:07:30,CM cola Taller,Sabrina Mercado,250,yes,20,35,55,SIP/250
2026-07-27 10:07:01,CM cola Taller,,1234567890,no,3,0,0,
2026-07-27 10:06:23,CM cola Taller,Camila Mias,251,yes,76,28,104,SIP/251
2026-07-27 10:05:36,CM cola Taller,,1234567890,no,0,0,0,
2026-07-27 10:05:31,CM cola Taller,Lucia Sosa,1234567890,yes,54,475,529,SIP/650
2026-07-27 10:03:25,CM cola Taller,,1234567890,no,2,0,0,
2026-07-27 10:03:17,CM cola Taller,Sabrina Mercado,250,yes,16,41,57,SIP/250
2026-07-27 09:58:05,CM cola Taller,Lucia Sosa,1234567890,yes,17,143,160,SIP/650
2026-07-27 09:54:20,CM cola Taller,Sofia Montaño,1234567890,yes,8,53,61,SIP/656
2026-07-27 09:53:54,CM cola Taller,Lucia Sosa,1234567890,yes,11,204,215,SIP/650
2026-07-27 09:50:00,CM cola Taller,Sofia Montaño,1234567890,yes,38,94,132,SIP/656
2026-07-27 09:48:42,MPC cola Taller,,1234567890,no,189,0,0,
2026-07-27 09:47:57,MPC cola Taller,Lucia Sosa,1234567890,yes,173,58,231,SIP/650
2026-07-27 09:45:27,CM cola Taller,,1234567890,no,119,0,0,
2026-07-27 09:45:07,CM cola Taller,Lucia Sosa,1234567890,yes,217,101,318,SIP/650
2026-07-27 09:45:02,MPC cola Taller,Sofia Montaño,1234567890,yes,185,137,322,SIP/656
2026-07-27 09:44:19,CM cola Taller,,1234567890,no,2,0,0,
2026-07-27 09:41:14,CM cola Taller,,1234567890,no,54,0,0,
2026-07-27 09:38:39,MPC cola Taller,Lucia Sosa,255,yes,179,9,188,SIP/650
2026-07-27 09:35:45,CM cola Taller,,1234567890,no,739,0,0,
2026-07-27 09:35:26,CM cola Taller,,499,yes,394,235,629,SIP/499
2026-07-27 09:34:23,CM cola Taller,Sofia Montaño,1234567890,yes,79,95,174,SIP/656
2026-07-27 09:34:20,CM cola Taller,Sabrina Mercado,250,yes,77,18,95,SIP/250
2026-07-27 09:33:55,MPC cola Taller,,1234567890,no,421,0,0,
2026-07-27 09:31:59,MPC cola Taller,Agustina Vargas,255,yes,311,44,355,SIP/255
2026-07-27 09:31:44,CM cola Taller,Sofia Montaño,1234567890,yes,78,148,226,SIP/656
2026-07-27 09:30:23,MPC cola Taller,,1234567890,no,186,0,0,
2026-07-27 09:28:49,CM cola Taller,Sofia Montaño,1234567890,yes,54,192,246,SIP/656
2026-07-27 09:27:11,CM cola Taller,Lucia Sosa,1234567890,yes,268,203,471,SIP/650
2026-07-27 09:22:20,CM cola Taller,Sofia Montaño,1234567890,yes,77,272,349,SIP/656
2026-07-27 09:21:52,MPC cola Taller,Lucia Sosa,1234567890,yes,11,49,60,SIP/650
2026-07-27 09:19:23,CM cola Taller,Lucia Sosa,1234567890,yes,18,83,101,SIP/650
2026-07-27 09:15:18,CM cola Taller,,1234567890,no,1,0,0,
2026-07-27 09:14:20,CM cola Taller,,1234567890,no,1,0,0,
2026-07-27 09:11:57,MPC cola Taller,,1234567890,no,149,0,0,
2026-07-27 09:11:31,SF cola Taller,Sofia Montaño,1234567890,yes,137,50,187,SIP/656
2026-07-27 09:09:27,CM cola Taller,,1234567890,no,424,0,0,
2026-07-27 09:08:10,CM cola Taller,,1234567890,no,2,0,0,
2026-07-27 09:08:05,CM cola Taller,,1234567890,no,2,0,0,
2026-07-27 09:07:29,MPC cola Taller,,1234567890,no,188,0,0,
2026-07-27 09:05:33,CM cola Taller,Sofia Montaño,1234567890,yes,568,79,647,SIP/656
2026-07-27 09:03:22,CM cola Taller,Lucia Sosa,1234567890,yes,456,382,838,SIP/650
2026-07-27 09:02:35,MPC cola Taller,Sofia Montaño,1234567890,yes,33,161,194,SIP/656
2026-07-27 09:01:53,CM cola Taller,Lucia Sosa,1234567890,yes,321,209,530,SIP/650
2026-07-27 09:00:32,CM cola Taller,,1234567890,no,79,0,0,
2026-07-27 08:59:21,CM cola Taller,Sofia Montaño,1234567890,yes,395,299,694,SIP/656
2026-07-27 08:59:20,CM cola Taller,Sofia Montaño,1234567890,yes,50,97,147,SIP/656
2026-07-27 08:58:31,CM cola Taller,,1234567890,no,8,0,0,
2026-07-27 08:58:17,CM cola Taller,Lucia Sosa,1234567890,yes,104,411,515,SIP/650
2026-07-27 08:52:28,CM cola Taller,Lucia Sosa,1234567890,yes,31,64,95,SIP/650
2026-07-27 08:49:50,CM cola Taller,,1234567890,no,0,0,0,
2026-07-27 08:49:44,CM cola Taller,Sofia Montaño,1234567890,yes,5,245,250,SIP/656
2026-07-27 08:47:47,CM cola Taller,,1234567890,no,1,0,0,
2026-07-27 08:46:03,MPC cola Taller,Sofia Montaño,1234567890,yes,9,177,186,SIP/656
2026-07-27 08:45:23,CM cola Taller,,1234567890,no,1,0,0,
2026-07-27 08:44:21,CM cola Taller,,1234567890,no,1,0,0,
2026-07-27 08:38:47,CM cola Taller,Sofia Montaño,1234567890,yes,6,62,68,SIP/656
2026-07-27 08:37:40,CM cola Taller,,1234567890,no,1,0,0,
2026-07-27 08:31:25,CM cola Taller,,1234567890,no,2,0,0,
2026-07-27 08:31:13,CM cola Taller,,1234567890,no,1,0,0,
2026-07-27 08:30:13,CM cola Taller,Lucia Sosa,1234567890,yes,7,291,298,SIP/650
2026-07-27 08:29:34,CM cola Taller,Sofia Montaño,1234567890,yes,13,33,46,SIP/656
2026-07-27 08:24:52,CM cola Taller,Lucia Sosa,1234567890,yes,9,76,85,SIP/650
2026-07-27 08:16:57,CM cola Taller,Sofia Montaño,1234567890,yes,5,134,139,SIP/656
2026-07-27 08:10:29,CM cola Taller,Lucia Sosa,1234567890,yes,9,196,205,SIP/650
2026-07-27 08:09:34,CM cola Taller,,1234567890,no,2,0,0,
2026-07-27 08:04:55,CM cola Taller,Lucia Sosa,1234567890,yes,40,292,332,SIP/650
2026-07-27 08:04:13,CM cola Taller,,1234567890,no,1,0,0,
2026-07-24 17:42:23,CM cola Taller,,1234567890,no,1,0,0,
2026-07-24 17:25:11,CM cola Taller,Alma Cordoba,1234567890,yes,18,171,189,SIP/655
2026-07-24 16:59:59,MPC cola Taller,Alma Cordoba,1234567890,yes,9,256,265,SIP/655
2026-07-24 16:51:37,CM cola Taller,Alma Cordoba,1234567890,yes,61,92,153,SIP/655
2026-07-24 16:51:08,CM cola Taller,Alma Cordoba,1234567890,yes,42,37,79,SIP/655
2026-07-24 16:24:56,CM cola Taller,Alma Cordoba,1234567890,yes,10,265,275,SIP/655
2026-07-24 16:06:00,CM cola Taller,,1234567890,no,2,0,0,
2026-07-24 16:05:50,CM cola Taller,Alma Cordoba,1234567890,yes,66,121,187,SIP/655
2026-07-24 16:05:17,CM cola Taller,Alma Cordoba,1234567890,yes,36,42,78,SIP/655
2026-07-24 15:59:27,CM cola Taller,Alma Cordoba,1234567890,yes,19,124,143,SIP/655
2026-07-24 15:53:49,MPC cola Taller,Sofia Montaño,1234567890,yes,12,141,153,SIP/656
2026-07-24 15:45:42,CM cola Taller,Alma Cordoba,1234567890,yes,31,58,89,SIP/655
2026-07-24 15:43:35,CM cola Taller,Sofia Montaño,1234567890,yes,11,344,355,SIP/656
2026-07-24 15:38:50,CM cola Taller,Sofia Montaño,1234567890,yes,6,100,106,SIP/656
2026-07-24 15:33:45,CM cola Taller,Alma Cordoba,1234567890,yes,12,145,157,SIP/655
2026-07-24 15:32:47,CM cola Taller,,1234567890,no,0,0,0,
2026-07-24 15:29:42,CM cola Taller,,1234567890,no,1,0,0,
2026-07-24 15:24:13,CM cola Taller,Sofia Montaño,1234567890,yes,8,125,133,SIP/656
2026-07-24 15:18:57,SF cola Taller,Sofia Montaño,1234567890,yes,4,195,199,SIP/656
2026-07-24 15:13:32,SF cola Taller,Sofia Montaño,1234567890,yes,24,64,88,SIP/656
2026-07-24 15:10:37,CM cola Taller,Sofia Montaño,1234567890,yes,60,133,193,SIP/656
2026-07-24 15:10:25,MPC cola Taller,Alma Cordoba,1234567890,yes,133,73,206,SIP/655
2026-07-24 15:10:00,CM cola Taller,Alma Cordoba,1234567890,yes,25,109,134,SIP/655
2026-07-24 15:02:00,CM cola Taller,Alma Cordoba,1234567890,yes,80,212,292,SIP/655
2026-07-24 15:00:24,MPC cola Taller,Sofia Montaño,1234567890,yes,121,312,433,SIP/656
2026-07-24 15:00:04,CM cola Taller,Sabrina Mercado,250,yes,11,14,25,SIP/250
2026-07-24 14:58:43,CM cola Taller,,1234567890,no,4,0,0,
2026-07-24 14:58:14,CM cola Taller,Sofia Montaño,1234567890,yes,7,240,247,SIP/656
2026-07-24 14:54:27,CM cola Taller,,1234567890,no,2,0,0,
2026-07-24 14:52:33,CM cola Taller,Alma Cordoba,1234567890,yes,15,99,114,SIP/655
2026-07-24 14:49:19,CM cola Taller,,1234567890,no,0,0,0,
2026-07-24 14:44:07,SF cola Taller,Alma Cordoba,1234567890,yes,11,149,160,SIP/655
2026-07-24 14:39:30,MPC cola Taller,Alma Cordoba,1234567890,yes,18,162,180,SIP/655
2026-07-24 14:37:31,CM cola Taller,Alma Cordoba,250,yes,14,2,16,SIP/655
2026-07-24 14:35:59,CM cola Taller,,1234567890,no,1,0,0,
2026-07-24 14:23:01,CM cola Taller,Alma Cordoba,1234567890,yes,12,343,355,SIP/655
2026-07-24 14:19:08,CM cola Taller,Sofia Montaño,1234567890,yes,7,130,137,SIP/656
2026-07-24 14:17:06,SF cola Taller,,1234567890,no,9,0,0,
2026-07-24 14:07:42,MPC cola Taller,Alma Cordoba,1234567890,yes,120,135,255,SIP/655
2026-07-24 14:07:27,CM cola Taller,,1234567890,no,35,0,0,
2026-07-24 14:05:26,CM cola Taller,Alma Cordoba,1234567890,yes,12,164,176,SIP/655
2026-07-24 14:04:33,CM cola Taller,,1234567890,no,143,0,0,
2026-07-24 14:02:05,CM cola Taller,,1234567890,no,2,0,0,
2026-07-24 12:59:14,CM cola Taller,Alma Cordoba,1234567890,yes,23,70,93,SIP/655
2026-07-24 12:41:37,CM cola Taller,Sofia Montaño,1234567890,yes,12,329,341,SIP/656
2026-07-24 12:27:57,CM cola Taller,,1234567890,no,1,0,0,
2026-07-24 12:25:42,CM cola Taller,Matias Villafane,502,yes,7,15,22,SIP/502
2026-07-24 12:23:52,MPC cola Taller,Alma Cordoba,1234567890,yes,9,317,326,SIP/655
2026-07-24 12:17:41,CM cola Taller,Sofia Montaño,1234567890,yes,30,0,30,SIP/656
2026-07-24 12:14:39,CM cola Taller,,1234567890,no,1,0,0,
2026-07-24 11:58:19,CM cola Taller,Sofia Montaño,1234567890,yes,24,185,209,SIP/656
2026-07-24 11:56:54,CM cola Taller,Tania Bazan,1234567890,yes,7,103,110,SIP/659
2026-07-24 11:51:28,CM cola Taller,Sofia Montaño,1234567890,yes,25,306,331,SIP/656
2026-07-24 11:49:25,MPC cola Taller,Sofia Montaño,1234567890,yes,15,121,136,SIP/656
2026-07-24 11:35:53,CM cola Taller,,1234567890,no,218,0,0,
2026-07-24 11:32:19,MPC cola Taller,,1234567890,no,37,0,0,
2026-07-24 11:29:31,CM cola Taller,,1234567890,no,447,0,0,
2026-07-24 11:27:11,CM cola Taller,Sofia Montaño,1234567890,yes,449,289,738,SIP/656
2026-07-24 11:25:46,MPC cola Taller,Sofia Montaño,1234567890,yes,60,267,327,SIP/656
2026-07-24 11:24:27,CM cola Taller,Sofia Montaño,1234567890,yes,10,126,136,SIP/656
2026-07-24 11:20:38,CM cola Taller,Sabrina Mercado,250,yes,7,35,42,SIP/250
2026-07-24 11:20:03,CM cola Taller,Sofia Montaño,1234567890,yes,16,178,194,SIP/656
2026-07-24 11:17:41,CM cola Taller,,1234567890,no,0,0,0,
2026-07-24 11:15:12,CM cola Taller,Sofia Montaño,1234567890,yes,114,151,265,SIP/656
2026-07-24 11:09:52,SF cola Taller,,1234567890,no,147,0,0,
2026-07-24 11:07:58,MPC cola Taller,Agustina Vargas,255,yes,420,121,541,SIP/255
2026-07-24 11:07:35,CM cola Taller,Tania Bazan,1234567890,yes,120,74,194,SIP/659
2026-07-24 11:05:23,CM cola Taller,,1234567890,no,95,0,0,
2026-07-24 11:04:57,CM cola Taller,,1234567890,no,111,0,0,
2026-07-24 11:04:53,MPC cola Taller,Tania Bazan,1234567890,yes,359,294,653,SIP/659
2026-07-24 11:04:17,MPC cola Taller,Agustina Vargas,255,yes,18,83,101,SIP/255
2026-07-24 11:04:13,CM cola Taller,,1234567890,no,1,0,0,
2026-07-24 11:03:30,CM cola Taller,,1234567890,no,38,0,0,
2026-07-24 10:59:44,CM cola Taller,,1234567890,no,132,0,0,
2026-07-24 10:59:30,CM cola Taller,Sofia Montaño,1234567890,yes,8,72,80,SIP/656
2026-07-24 10:52:27,CM cola Taller,,1234567890,no,2,0,0,
2026-07-24 10:50:02,SF cola Taller,Sofia Montaño,1234567890,yes,4,329,333,SIP/656
2026-07-24 10:39:48,SF cola Taller,,1234567890,no,16,0,0,
2026-07-24 10:35:51,CM cola Taller,Tania Bazan,1234567890,yes,3,374,377,SIP/659
2026-07-24 10:31:07,CM cola Taller,,1234567890,no,1,0,0,
2026-07-24 10:26:03,SF cola Taller,Tania Bazan,1234567890,yes,5,501,506,SIP/659
2026-07-24 10:25:01,CM cola Taller,,1234567890,no,4,0,0,
2026-07-24 10:22:00,MPC cola Taller,Sofia Montaño,1234567890,yes,47,97,144,SIP/656
2026-07-24 10:19:56,MPC cola Taller,Tania Bazan,1234567890,yes,4,167,171,SIP/659
2026-07-24 10:09:56,CM cola Taller,Tania Bazan,1234567890,yes,6,47,53,SIP/659
2026-07-24 10:07:25,CM cola Taller,Tania Bazan,1234567890,yes,64,42,106,SIP/659
2026-07-24 10:04:55,CM cola Taller,Sofia Montaño,1234567890,yes,76,256,332,SIP/656
2026-07-24 10:04:13,CM cola Taller,,1234567890,no,30,0,0,
2026-07-24 10:01:52,CM cola Taller,,1234567890,no,380,0,0,
2026-07-24 09:56:18,CM cola Taller,,499,yes,437,219,656,SIP/499
2026-07-24 09:56:08,CM cola Taller,Tania Bazan,1234567890,yes,12,426,438,SIP/659
2026-07-24 09:52:59,CM cola Taller,Tania Bazan,1234567890,yes,179,10,189,SIP/659
2026-07-24 09:52:06,CM cola Taller,,1234567890,no,3,0,0,
2026-07-24 09:51:57,MPC cola Taller,Tania Bazan,1234567890,yes,3,227,230,SIP/659
2026-07-24 09:51:11,MPC cola Taller,,1234567890,no,26,0,0,
2026-07-24 09:45:39,CM cola Taller,Tania Bazan,1234567890,yes,212,161,373,SIP/659
2026-07-24 09:43:22,MPC cola Taller,,1234567890,no,421,0,0,
2026-07-24 09:42:47,CM cola Taller,Tania Bazan,1234567890,yes,5,340,345,SIP/659
2026-07-24 09:41:45,CM cola Taller,,1234567890,no,0,0,0,
2026-07-24 09:35:06,CM cola Taller,,1234567890,no,52,0,0,
2026-07-24 09:34:24,CM cola Taller,,1234567890,no,177,0,0,
2026-07-24 09:33:24,CM cola Taller,,1234567890,no,2,0,0,
2026-07-24 09:31:05,CM cola Taller,,1234567890,no,193,0,0,
2026-07-24 09:30:20,CM cola Taller,,1234567890,no,0,0,0,
2026-07-24 09:29:44,CM cola Taller,,1234567890,no,81,0,0,
2026-07-24 09:26:33,CM cola Taller,,1234567890,no,540,0,0,
2026-07-24 09:19:47,CM cola Taller,Tania Bazan,1234567890,yes,126,570,696,SIP/659
2026-07-24 09:19:00,MPC cola Taller,Tania Bazan,1234567890,yes,23,139,162,SIP/659
2026-07-24 09:13:20,CM cola Taller,,1234567890,no,1,0,0,
2026-07-24 09:10:39,CM cola Taller,Tania Bazan,Anonymous,yes,378,109,487,SIP/659
2026-07-24 09:09:14,CM cola Taller,,Anonymous,no,0,0,0,
2026-07-24 09:08:54,CM cola Taller,Tania Bazan,250,yes,322,155,477,SIP/659
2026-07-24 09:03:19,CM cola Taller,,1234567890,no,0,0,0,
2026-07-24 09:03:09,MPC cola Taller,Agustina Vargas,255,yes,424,26,450,SIP/255
2026-07-24 09:02:13,CM cola Taller,,1234567890,no,1,0,0,
2026-07-24 09:01:20,CM cola Taller,Sabrina Mercado,250,yes,458,26,484,SIP/250
2026-07-24 09:01:07,CM cola Taller,,1234567890,no,1,0,0,
2026-07-24 09:00:49,CM cola Taller,,1234567890,no,124,0,0,
2026-07-24 09:00:09,CM cola Taller,,1234567890,no,3,0,0,
2026-07-24 08:56:18,CM cola Taller,Tania Bazan,1234567890,yes,157,229,386,SIP/659
2026-07-24 08:53:51,MPC cola Taller,,1234567890,no,421,0,0,
2026-07-24 08:52:44,CM cola Taller,,1234567890,no,5,0,0,
2026-07-24 08:50:45,MPC cola Taller,Tania Bazan,1234567890,yes,164,314,478,SIP/659
2026-07-24 08:50:38,CM cola Taller,Tania Bazan,1234567890,yes,9,154,163,SIP/659
2026-07-24 08:31:05,CM cola Taller,Tania Bazan,1234567890,yes,7,159,166,SIP/659
2026-07-23 17:38:05,CM cola Taller,,1234567890,no,4,0,0,
2026-07-23 17:17:04,CM cola Taller,Rocío Cornejo,1234567890,yes,10,453,463,SIP/651
2026-07-23 17:10:49,CM cola Taller,Alma Cordoba,1234567890,yes,53,207,260,SIP/655
2026-07-23 17:04:41,CM cola Taller,,1234567890,no,1,0,0,
2026-07-23 17:03:26,CM cola Taller,,1234567890,no,0,0,0,
2026-07-23 16:49:46,CM cola Taller,,1234567890,no,1,0,0,
2026-07-23 16:48:56,CM cola Taller,,1234567890,no,164,0,0,
2026-07-23 16:47:19,CM cola Taller,Alma Cordoba,1234567890,yes,546,43,589,SIP/655
2026-07-23 16:46:27,CM cola Taller,Alma Cordoba,1234567890,yes,70,343,413,SIP/655
2026-07-23 16:45:11,CM cola Taller,Alma Cordoba,1234567890,yes,518,75,593,SIP/655
2026-07-23 16:45:06,CM cola Taller,,1234567890,no,2,0,0,
2026-07-23 16:44:13,CM cola Taller,,1234567890,no,1,0,0,
2026-07-23 16:42:40,CM cola Taller,Alma Cordoba,1234567890,yes,16,236,252,SIP/655
2026-07-23 16:39:20,CM cola Taller,,1234567890,no,113,0,0,
2026-07-23 16:35:06,CM cola Taller,Alma Cordoba,1234567890,yes,31,140,171,SIP/655
2026-07-23 16:34:28,MPC cola Taller,,1234567890,no,1,0,0,
2026-07-23 16:27:52,CM cola Taller,,1234567890,no,0,0,0,
2026-07-23 16:27:32,MPC cola Taller,Agustina Vargas,255,yes,166,28,194,SIP/255
2026-07-23 16:24:17,SF cola Taller,Alma Cordoba,1234567890,yes,191,147,338,SIP/655
2026-07-23 16:22:00,CM cola Taller,Alma Cordoba,250,yes,30,167,197,SIP/655
2026-07-23 16:18:07,CM cola Taller,,1234567890,no,231,0,0,
2026-07-23 16:15:27,CM cola Taller,Camila Mias,251,yes,83,63,146,SIP/251
2026-07-23 16:10:22,CM cola Taller,Alma Cordoba,1234567890,yes,22,302,324,SIP/655
2026-07-23 16:00:44,CM cola Taller,Alma Cordoba,1234567890,yes,11,85,96,SIP/655
2026-07-23 15:58:30,CM cola Taller,,1234567890,no,0,0,0,
2026-07-23 15:56:27,CM cola Taller,,1234567890,no,50,0,0,
2026-07-23 15:55:12,MPC cola Taller,,1234567890,no,222,0,0,
2026-07-23 15:54:48,CM cola Taller,Alma Cordoba,1234567890,yes,99,156,255,SIP/655
2026-07-23 15:52:48,CM cola Taller,Alma Cordoba,1234567890,yes,14,192,206,SIP/655
2026-07-23 15:48:27,CM cola Taller,Matias Villafane,502,yes,4,49,53,SIP/502
2026-07-23 15:45:30,SF cola Taller,Alma Cordoba,1234567890,yes,8,40,48,SIP/655
2026-07-23 15:43:20,MPC cola Taller,Sofia Montaño,1234567890,yes,3,183,186,SIP/656
2026-07-23 15:37:56,CM cola Taller,,1234567890,no,31,0,0,
2026-07-23 15:37:45,CM cola Taller,Sofia Montaño,1234567890,yes,16,137,153,SIP/656
2026-07-23 15:35:36,CM cola Taller,Alma Cordoba,1234567890,yes,95,123,218,SIP/655
2026-07-23 15:33:13,CM cola Taller,Alma Cordoba,1234567890,yes,64,121,185,SIP/655
2026-07-23 15:31:09,CM cola Taller,,1234567890,no,181,0,0,
2026-07-23 15:30:07,CM cola Taller,,1234567890,no,0,0,0,
2026-07-23 15:29:38,CM cola Taller,Alma Cordoba,1234567890,yes,81,185,266,SIP/655
2026-07-23 15:29:22,CM cola Taller,Alma Cordoba,1234567890,yes,10,58,68,SIP/655
2026-07-23 15:21:39,CM cola Taller,Sofia Montaño,1234567890,yes,7,53,60,SIP/656
2026-07-23 15:21:21,CM cola Taller,Alma Cordoba,1234567890,yes,7,256,263,SIP/655
2026-07-23 15:20:45,CM cola Taller,Sofia Montaño,1234567890,yes,6,39,45,SIP/656
2026-07-23 15:19:38,CM cola Taller,,1234567890,no,1,0,0,
2026-07-23 15:18:46,CM cola Taller,Alma Cordoba,1234567890,yes,8,132,140,SIP/655
2026-07-23 15:18:19,CM cola Taller,,1234567890,no,2,0,0,
2026-07-23 15:17:32,CM cola Taller,Sofia Montaño,1234567890,yes,10,56,66,SIP/656
2026-07-23 15:16:49,CM cola Taller,Alma Cordoba,1234567890,yes,28,15,43,SIP/655
2026-07-23 15:16:22,CM cola Taller,,1234567890,no,1,0,0,
2026-07-23 15:10:33,CM cola Taller,Alma Cordoba,1234567890,yes,12,210,222,SIP/655
2026-07-23 15:07:05,CM cola Taller,Sofia Montaño,1234567890,yes,5,419,424,SIP/656
2026-07-23 15:04:25,CM cola Taller,,1234567890,no,1,0,0,
2026-07-23 14:58:16,CM cola Taller,Sofia Montaño,1234567890,yes,9,69,78,SIP/656
2026-07-23 14:53:09,CM cola Taller,Alma Cordoba,1234567890,yes,23,127,150,SIP/655
2026-07-23 14:52:01,CM cola Taller,,1234567890,no,0,0,0,
2026-07-23 14:50:55,CM cola Taller,Alma Cordoba,1234567890,yes,10,56,66,SIP/655
2026-07-23 14:47:29,CM cola Taller,,1234567890,no,3,0,0,
2026-07-23 14:44:35,CM cola Taller,Alma Cordoba,1234567890,yes,14,58,72,SIP/655
2026-07-23 14:42:00,CM cola Taller,Sofia Montaño,1234567890,yes,5,86,91,SIP/656
2026-07-23 14:40:29,CM cola Taller,Alma Cordoba,1234567890,yes,7,217,224,SIP/655
2026-07-23 14:34:55,CM cola Taller,Camila Mias,251,yes,13,63,76,SIP/251
2026-07-23 14:33:53,MPC cola Taller,Agustina Vargas,255,yes,7,39,46,SIP/255
2026-07-23 14:32:30,CM cola Taller,,1234567890,no,3,0,0,
2026-07-23 14:30:15,CM cola Taller,,1234567890,no,1,0,0,
2026-07-23 14:29:05,CM cola Taller,,1234567890,no,1,0,0,
2026-07-23 14:18:22,CM cola Taller,Sofia Montaño,1234567890,yes,91,236,327,SIP/656
2026-07-23 14:12:56,CM cola Taller,Sofia Montaño,1234567890,yes,6,134,140,SIP/656
2026-07-23 14:09:59,CM cola Taller,Alma Cordoba,1234567890,yes,15,58,73,SIP/655
2026-07-23 14:07:16,MPC cola Taller,Sofia Montaño,1234567890,yes,14,56,70,SIP/656
2026-07-23 12:55:48,CM cola Taller,Rocío Cornejo,1234567890,yes,10,204,214,SIP/651
2026-07-23 12:47:58,CM cola Taller,Lucia Sosa,1234567890,yes,6,141,147,SIP/650
2026-07-23 12:47:11,CM cola Taller,Rocío Cornejo,1234567890,yes,15,136,151,SIP/651
2026-07-23 12:47:09,CM cola Taller,,1234567890,no,1,0,0,
2026-07-23 12:46:51,CM cola Taller,Alma Cordoba,1234567890,yes,18,116,134,SIP/655
2026-07-23 12:46:22,CM cola Taller,,1234567890,no,1,0,0,
2026-07-23 12:45:41,CM cola Taller,,1234567890,no,1,0,0,
2026-07-23 12:43:04,CM cola Taller,Maria de la Paz Gomez,250,yes,9,65,74,SIP/308
2026-07-23 12:42:13,MPC cola Taller,Rocío Cornejo,1234567890,yes,7,155,162,SIP/651
2026-07-23 12:38:54,CM cola Taller,Rocío Cornejo,1234567890,yes,27,63,90,SIP/651
2026-07-23 12:38:02,CM cola Taller,,1234567890,no,0,0,0,
2026-07-23 12:37:37,CM cola Taller,,1234567890,no,2,0,0,
2026-07-23 12:37:28,CM cola Taller,Lucia Sosa,1234567890,yes,15,248,263,SIP/650
2026-07-23 12:34:31,CM cola Taller,,1234567890,no,1,0,0,
2026-07-23 12:28:51,MPC cola Taller,Alma Cordoba,1234567890,yes,13,109,122,SIP/655
2026-07-23 12:23:39,SF cola Taller,Alma Cordoba,1234567890,yes,35,136,171,SIP/655
2026-07-23 12:22:49,MPC cola Taller,Lucia Sosa,1234567890,yes,6,252,258,SIP/650
2026-07-23 12:20:17,CM cola Taller,Alma Cordoba,1234567890,yes,31,189,220,SIP/655
2026-07-23 12:17:09,CM cola Taller,Rocío Cornejo,1234567890,yes,16,106,122,SIP/651
2026-07-23 12:10:36,CM cola Taller,Rocío Cornejo,1234567890,yes,9,344,353,SIP/651
2026-07-23 12:05:00,CM cola Taller,,1234567890,no,1,0,0,
2026-07-23 12:04:34,SF cola Taller,Alma Cordoba,1234567890,yes,20,53,73,SIP/655
2026-07-23 12:01:58,CM cola Taller,Sofia Montaño,1234567890,yes,22,148,170,SIP/656
2026-07-23 11:59:13,CM cola Taller,Lucia Sosa,1234567890,yes,31,154,185,SIP/650
2026-07-23 11:53:57,CM cola Taller,,1234567890,no,0,0,0,
2026-07-23 11:52:49,CM cola Taller,,1234567890,no,0,0,0,
2026-07-23 11:47:27,CM cola Taller,Sabrina Mercado,250,yes,36,27,63,SIP/250
2026-07-23 11:43:11,SF cola Taller,Sofia Montaño,1234567890,yes,153,62,215,SIP/656
2026-07-23 11:41:43,CM cola Taller,Lucia Sosa,1234567890,yes,32,257,289,SIP/650
2026-07-23 11:41:10,CM cola Taller,,1234567890,no,1,0,0,
2026-07-23 11:34:15,CM cola Taller,Rocío Cornejo,1234567890,yes,97,107,204,SIP/651
2026-07-23 11:33:30,CM cola Taller,,1234567890,no,1,0,0,
2026-07-23 11:30:25,SF cola Taller,Lucia Sosa,1234567890,yes,47,402,449,SIP/650
2026-07-23 11:26:41,CM cola Taller,Sofia Montaño,1234567890,yes,294,304,598,SIP/656
2026-07-23 11:26:07,CM cola Taller,,1234567890,no,13,0,0,
2026-07-23 11:25:46,MPC cola Taller,Rocío Cornejo,1234567890,yes,200,53,253,SIP/651
2026-07-23 11:23:20,CM cola Taller,,1234567890,no,147,0,0,
2026-07-23 11:22:27,MPC cola Taller,,1234567890,no,151,0,0,
2026-07-23 11:21:57,MPC cola Taller,,1234567890,no,420,0,0,
2026-07-23 11:18:04,SF cola Taller,Rocío Cornejo,1234567890,yes,394,250,644,SIP/651
2026-07-23 11:18:03,CM cola Taller,,499,yes,132,139,271,SIP/499
2026-07-23 11:16:27,CM cola Taller,Sofia Montaño,1234567890,yes,544,272,816,SIP/656
2026-07-23 11:16:25,CM cola Taller,Martin Jalil,503,yes,105,177,282,SIP/503
2026-07-23 11:12:58,CM cola Taller,Sofia Montaño,1234567890,yes,9,202,211,SIP/656
2026-07-23 11:11:54,CM cola Taller,Sofia Montaño,499,yes,24,96,120,SIP/656
2026-07-23 11:11:35,CM cola Taller,Rocío Cornejo,1234567890,yes,18,122,140,SIP/651
2026-07-23 11:10:28,CM cola Taller,,1234567890,no,0,0,0,
2026-07-23 11:08:57,MPC cola Taller,Sofia Montaño,1234567890,yes,27,96,123,SIP/656
2026-07-23 11:06:34,CM cola Taller,Rocío Cornejo,1234567890,yes,52,161,213,SIP/651
2026-07-23 11:06:33,CM cola Taller,Sofia Montaño,1234567890,yes,25,106,131,SIP/656
2026-07-23 11:02:39,MPC cola Taller,Lucia Sosa,1234567890,yes,37,408,445,SIP/650
2026-07-23 11:00:04,CM cola Taller,Sofia Montaño,1234567890,yes,5,183,188,SIP/656
2026-07-23 10:59:45,CM cola Taller,,1234567890,no,1,0,0,
2026-07-23 10:56:47,CM cola Taller,Lucia Sosa,1234567890,yes,47,126,173,SIP/650
2026-07-23 10:54:35,CM cola Taller,Lucia Sosa,1234567890,yes,31,117,148,SIP/650
2026-07-23 10:54:21,SF cola Taller,Sofia Montaño,1234567890,yes,6,115,121,SIP/656
2026-07-23 10:53:46,CM cola Taller,Rocío Cornejo,1234567890,yes,11,70,81,SIP/651
2026-07-23 10:52:43,CM cola Taller,,1234567890,no,1,0,0,
2026-07-23 10:48:23,CM cola Taller,Rocío Cornejo,1234567890,yes,19,172,191,SIP/651
2026-07-23 10:43:59,SF cola Taller,,1234567890,no,148,0,0,
2026-07-23 10:40:13,CM cola Taller,Sofia Montaño,1234567890,yes,251,435,686,SIP/656
2026-07-23 10:39:44,CM cola Taller,Sofia Montaño,1234567890,yes,140,126,266,SIP/656
2026-07-23 10:39:39,CM cola Taller,,1234567890,no,207,0,0,
2026-07-23 10:39:11,MPC cola Taller,Lucia Sosa,1234567890,yes,14,388,402,SIP/650
2026-07-23 10:38:32,CM cola Taller,Rocío Cornejo,1234567890,yes,12,169,181,SIP/651
2026-07-23 10:37:48,CM cola Taller,Sofia Montaño,1234567890,yes,6,95,101,SIP/656
2026-07-23 10:36:32,CM cola Taller,,1234567890,no,1,0,0,
2026-07-23 10:31:51,SF cola Taller,Rocío Cornejo,1234567890,yes,15,130,145,SIP/651
2026-07-23 10:27:39,CM cola Taller,Rocío Cornejo,1234567890,yes,15,54,69,SIP/651
2026-07-23 10:22:49,CM cola Taller,Sofia Montaño,1234567890,yes,5,315,320,SIP/656
2026-07-23 10:14:02,CM cola Taller,,1234567890,no,0,0,0,
2026-07-23 10:12:41,CM cola Taller,,1234567890,no,0,0,0,
2026-07-23 10:06:48,CM cola Taller,Sofia Montaño,1234567890,yes,289,103,392,SIP/656
2026-07-23 10:06:16,CM cola Taller,,1234567890,no,0,0,0,
2026-07-23 10:05:30,CM cola Taller,,1234567890,no,1,0,0,
2026-07-23 10:04:45,CM cola Taller,Rocío Cornejo,1234567890,yes,263,190,453,SIP/651
2026-07-23 10:04:08,SF cola Taller,Sofia Montaño,1234567890,yes,26,407,433,SIP/656
2026-07-23 09:57:09,MPC cola Taller,Lucia Sosa,1234567890,yes,202,484,686,SIP/650
2026-07-23 09:51:29,CM cola Taller,Rocío Cornejo,1234567890,yes,895,154,1049,SIP/651
2026-07-23 09:51:07,SF cola Taller,,1234567890,no,423,0,0,
2026-07-23 09:48:45,MPC cola Taller,,1234567890,no,422,0,0,
2026-07-23 09:46:24,SF cola Taller,,1234567890,no,178,0,0,
2026-07-23 09:43:00,CM cola Taller,,1234567890,no,527,0,0,
2026-07-23 09:42:30,CM cola Taller,,1234567890,no,2,0,0,
2026-07-23 09:42:04,CM cola Taller,,1234567890,no,1,0,0,
2026-07-23 09:41:02,SF cola Taller,,1234567890,no,422,0,0,
2026-07-23 09:35:56,CM cola Taller,,1234567890,no,2,0,0,
2026-07-23 09:35:03,MPC cola Taller,,1234567890,no,225,0,0,
2026-07-23 09:34:49,SF cola Taller,,1234567890,no,1,0,0,
2026-07-23 09:31:58,CM cola Taller,,1234567890,no,4,0,0,
2026-07-23 09:30:55,CM cola Taller,,1234567890,no,5,0,0,
2026-07-23 09:30:00,CM cola Taller,,1234567890,no,1,0,0,
2026-07-23 09:29:23,CM cola Taller,,1234567890,no,0,0,0,
2026-07-23 09:27:10,CM cola Taller,Lucia Sosa,1234567890,yes,1105,566,1671,SIP/650
2026-07-23 09:26:29,CM cola Taller,Lucia Sosa,1234567890,yes,197,733,930,SIP/650
2026-07-23 09:25:07,CM cola Taller,Lucia Sosa,1234567890,yes,7,134,141,SIP/650
2026-07-23 09:19:55,CM cola Taller,Lucia Sosa,1234567890,yes,71,74,145,SIP/650
2026-07-23 09:18:34,CM cola Taller,Lucia Sosa,1234567890,yes,19,111,130,SIP/650
2026-07-23 09:13:57,CM cola Taller,Lucia Sosa,1234567890,yes,30,215,245,SIP/650
2026-07-23 09:12:43,CM cola Taller,,1234567890,no,1,0,0,
2026-07-23 09:06:29,MPC cola Taller,Lucia Sosa,1234567890,yes,6,107,113,SIP/650
2026-07-23 09:01:59,CM cola Taller,Lucia Sosa,1234567890,yes,16,189,205,SIP/650
2026-07-23 08:58:05,CM cola Taller,Lucia Sosa,1234567890,yes,98,106,204,SIP/650
2026-07-23 08:55:13,CM cola Taller,Lucia Sosa,1234567890,yes,8,235,243,SIP/650
2026-07-23 08:54:47,CM cola Taller,,1234567890,no,1,0,0,
2026-07-23 08:49:00,CM cola Taller,Lucia Sosa,1234567890,yes,13,233,246,SIP/650
2026-07-23 08:38:42,CM cola Taller,,1234567890,no,2,0,0,
2026-07-23 08:22:22,MPC cola Taller,Agustina Vargas,255,yes,171,33,204,SIP/255
2026-07-23 08:19:57,CM cola Taller,,1234567890,no,1,0,0,
2026-07-23 08:19:04,CM cola Taller,Lucia Sosa,1234567890,yes,90,269,359,SIP/650
2026-07-23 08:07:33,MPC cola Taller,Lucia Sosa,1234567890,yes,2,242,244,SIP/650
2026-07-23 08:06:18,MPC cola Taller,Lucia Sosa,1234567890,yes,9,8,17,SIP/650
2026-07-22 17:47:33,CM cola Taller,,1234567890,no,43,0,0,
2026-07-22 17:42:45,CM cola Taller,,1234567890,no,161,0,0,
2026-07-22 17:18:25,CM cola Taller,,1234567890,no,3,0,0,
2026-07-22 17:13:06,CM cola Taller,,1234567890,no,217,0,0,
2026-07-22 17:10:52,CM cola Taller,,1234567890,no,0,0,0,
2026-07-22 17:09:43,CM cola Taller,,1234567890,no,0,0,0,
2026-07-22 17:07:37,CM cola Taller,,1234567890,no,1,0,0,
2026-07-22 17:06:18,CM cola Taller,,1234567890,no,1,0,0,
2026-07-22 17:00:51,CM cola Taller,,1234567890,no,1,0,0,
2026-07-22 16:54:55,CM cola Taller,,1234567890,no,81,0,0,
2026-07-22 16:54:08,MPC cola Taller,,1234567890,no,420,0,0,
2026-07-22 16:39:42,CM cola Taller,Alma Cordoba,1234567890,yes,311,259,570,SIP/655
2026-07-22 16:39:00,CM cola Taller,Alma Cordoba,1234567890,yes,13,278,291,SIP/655
2026-07-22 16:38:43,CM cola Taller,,1234567890,no,23,0,0,
2026-07-22 16:38:21,CM cola Taller,Alma Cordoba,1234567890,yes,14,18,32,SIP/655
2026-07-22 16:34:35,CM cola Taller,Alma Cordoba,1234567890,yes,14,180,194,SIP/655
2026-07-22 16:28:33,CM cola Taller,,1234567890,no,1,0,0,
2026-07-22 16:23:49,CM cola Taller,,1234567890,no,247,0,0,
2026-07-22 16:22:51,CM cola Taller,,1234567890,no,3,0,0,
2026-07-22 16:14:25,CM cola Taller,Alma Cordoba,1234567890,yes,13,234,247,SIP/655
2026-07-22 16:10:06,MPC cola Taller,Alma Cordoba,1234567890,yes,13,213,226,SIP/655
2026-07-22 16:09:22,CM cola Taller,,1234567890,no,0,0,0,
2026-07-22 16:06:10,CM cola Taller,Alma Cordoba,1234567890,yes,13,222,235,SIP/655
2026-07-22 16:05:45,CM cola Taller,,1234567890,no,145,0,0,
2026-07-22 16:03:58,CM cola Taller,Alma Cordoba,1234567890,yes,12,102,114,SIP/655
2026-07-22 15:49:56,CM cola Taller,,1234567890,no,2,0,0,
2026-07-22 15:28:48,CM cola Taller,Alma Cordoba,1234567890,yes,20,180,200,SIP/655
2026-07-22 15:27:09,CM cola Taller,Sofia Montaño,1234567890,yes,7,345,352,SIP/656
2026-07-22 15:22:24,CM cola Taller,Alma Cordoba,1234567890,yes,32,281,313,SIP/655
2026-07-22 15:14:29,CM cola Taller,Sabrina Mercado,250,yes,122,15,137,SIP/250
2026-07-22 15:13:07,CM cola Taller,,1234567890,no,0,0,0,
2026-07-22 15:11:52,CM cola Taller,Camila Mias,251,yes,77,35,112,SIP/251
2026-07-22 15:11:09,CM cola Taller,Alma Cordoba,1234567890,yes,12,211,223,SIP/655
2026-07-22 15:10:57,MPC cola Taller,Sofia Montaño,255,yes,8,58,66,SIP/656
2026-07-22 15:06:18,CM cola Taller,Alma Cordoba,1234567890,yes,19,108,127,SIP/655
2026-07-22 15:05:28,CM cola Taller,,1234567890,no,2,0,0,
2026-07-22 15:04:33,CM cola Taller,,1234567890,no,1,0,0,
2026-07-22 14:59:40,CM cola Taller,Sabrina Mercado,250,yes,13,30,43,SIP/250
2026-07-22 14:53:11,CM cola Taller,Alma Cordoba,1234567890,yes,11,101,112,SIP/655
2026-07-22 14:49:33,CM cola Taller,Camila Mias,251,yes,23,22,45,SIP/251
2026-07-22 14:48:31,CM cola Taller,Sofia Montaño,1234567890,yes,9,344,353,SIP/656
2026-07-22 14:46:47,CM cola Taller,Alma Cordoba,1234567890,yes,13,147,160,SIP/655
2026-07-22 14:43:53,CM cola Taller,Alma Cordoba,1234567890,yes,10,133,143,SIP/655
2026-07-22 14:39:47,CM cola Taller,,1234567890,no,53,0,0,
2026-07-22 14:38:43,CM cola Taller,Alma Cordoba,1234567890,yes,34,71,105,SIP/655
2026-07-22 14:36:08,CM cola Taller,,1234567890,no,269,0,0,
2026-07-22 14:34:13,CM cola Taller,,1234567890,no,52,0,0,
2026-07-22 14:33:17,CM cola Taller,Sofia Montaño,1234567890,yes,240,351,591,SIP/656
2026-07-22 14:30:27,CM cola Taller,,1234567890,no,7,0,0,
2026-07-22 14:27:56,CM cola Taller,,1234567890,no,561,0,0,
2026-07-22 14:24:26,CM cola Taller,Sabrina Mercado,250,yes,400,22,422,SIP/250
2026-07-22 14:24:08,CM cola Taller,Sofia Montaño,1234567890,yes,377,379,756,SIP/656
2026-07-22 14:22:21,CM cola Taller,Sofia Montaño,1234567890,yes,333,141,474,SIP/656
2026-07-22 14:21:56,MPC cola Taller,Sofia Montaño,1234567890,yes,92,257,349,SIP/656
2026-07-22 14:19:07,CM cola Taller,Alma Cordoba,1234567890,yes,86,1107,1193,SIP/655
2026-07-22 14:18:00,MPC cola Taller,Sofia Montaño,1234567890,yes,7,186,193,SIP/656
2026-07-22 14:17:07,CM cola Taller,Alma Cordoba,1234567890,yes,19,156,175,SIP/655
2026-07-22 14:11:00,CM cola Taller,Sabrina Mercado,250,yes,82,44,126,SIP/250
2026-07-22 14:10:37,CM cola Taller,Alma Cordoba,1234567890,yes,10,176,186,SIP/655
2026-07-22 14:09:49,CM cola Taller,,1234567890,no,0,0,0,
2026-07-22 14:06:40,CM cola Taller,Sofia Montaño,1234567890,yes,11,252,263,SIP/656
2026-07-22 12:54:38,CM cola Taller,,1234567890,no,505,0,0,
2026-07-22 12:52:41,CM cola Taller,,1234567890,no,412,0,0,
2026-07-22 12:44:04,CM cola Taller,,1234567890,no,295,0,0,
2026-07-22 12:43:20,CM cola Taller,,1234567890,no,1,0,0,
2026-07-22 12:40:14,CM cola Taller,Tania Bazan,1234567890,yes,6,518,524,SIP/659
2026-07-22 12:34:24,MPC cola Taller,Sofia Montaño,255,yes,47,140,187,SIP/656
2026-07-22 12:33:23,CM cola Taller,,670,no,64,0,0,
2026-07-22 12:31:18,SF cola Taller,Alma Cordoba,1234567890,yes,124,101,225,SIP/655
2026-07-22 12:30:43,CM cola Taller,Sofia Montaño,1234567890,yes,11,160,171,SIP/656
2026-07-22 12:29:01,CM cola Taller,Tania Bazan,1234567890,yes,15,410,425,SIP/659
2026-07-22 12:22:20,MPC cola Taller,Sofia Montaño,1234567890,yes,99,126,225,SIP/656
2026-07-22 12:21:02,MPC cola Taller,Alma Cordoba,1234567890,yes,84,74,158,SIP/655
2026-07-22 12:14:31,MPC cola Taller,Agustina Vargas,255,yes,331,78,409,SIP/255
2026-07-22 12:14:08,CM cola Taller,Camila Mias,251,yes,128,16,144,SIP/251
2026-07-22 12:13:57,CM cola Taller,Sofia Montaño,1234567890,yes,10,79,89,SIP/656
2026-07-22 12:13:37,CM cola Taller,Alma Cordoba,1234567890,yes,19,97,116,SIP/655
2026-07-22 12:13:22,CM cola Taller,,1234567890,no,0,0,0,
2026-07-22 12:12:15,CM cola Taller,,1234567890,no,0,0,0,
2026-07-22 12:09:15,CM cola Taller,Alma Cordoba,1234567890,yes,12,211,223,SIP/655
2026-07-22 12:07:58,CM cola Taller,,1234567890,no,1,0,0,
2026-07-22 12:03:55,CM cola Taller,Tania Bazan,1234567890,yes,6,380,386,SIP/659
2026-07-22 11:59:35,CM cola Taller,Alma Cordoba,1234567890,yes,32,250,282,SIP/655
2026-07-22 11:51:11,CM cola Taller,Alma Cordoba,1234567890,yes,14,167,181,SIP/655
2026-07-22 11:43:07,CM cola Taller,,499,yes,9,20,29,SIP/499
2026-07-22 11:39:12,CM cola Taller,,499,yes,44,109,153,SIP/499
2026-07-22 11:35:21,CM cola Taller,Tania Bazan,1234567890,yes,77,36,113,SIP/659
2026-07-22 11:33:07,CM cola Taller,Alma Cordoba,1234567890,yes,11,100,111,SIP/655
2026-07-22 11:30:54,CM cola Taller,Rocío Cornejo,1234567890,yes,34,136,170,SIP/651
2026-07-22 11:29:34,CM cola Taller,,1234567890,no,3,0,0,
2026-07-22 11:28:04,CM cola Taller,Tania Bazan,1234567890,yes,10,147,157,SIP/659
2026-07-22 11:25:42,CM cola Taller,Sofia Montaño,1234567890,yes,46,240,286,SIP/656
2026-07-22 11:24:27,CM cola Taller,,1234567890,no,1,0,0,
2026-07-22 11:15:35,SF cola Taller,Sofia Montaño,1234567890,yes,28,96,124,SIP/656
2026-07-22 11:14:53,MPC cola Taller,Alma Cordoba,1234567890,yes,7,139,146,SIP/655
2026-07-22 11:13:13,CM cola Taller,Tania Bazan,1234567890,yes,5,207,212,SIP/659
2026-07-22 11:12:15,CM cola Taller,Rocío Cornejo,1234567890,yes,14,211,225,SIP/651
2026-07-22 11:11:46,CM cola Taller,,1234567890,no,0,0,0,
2026-07-22 11:11:31,CM cola Taller,Alma Cordoba,1234567890,yes,15,56,71,SIP/655
2026-07-22 11:10:02,MPC cola Taller,Sofia Montaño,1234567890,yes,3,53,56,SIP/656
2026-07-22 11:08:07,CM cola Taller,Tania Bazan,1234567890,yes,7,210,217,SIP/659
2026-07-22 11:06:41,CM cola Taller,,1234567890,no,0,0,0,
2026-07-22 11:00:14,CM cola Taller,Sofia Montaño,1234567890,yes,35,164,199,SIP/656
2026-07-22 10:49:44,CM cola Taller,Alma Cordoba,1234567890,yes,18,193,211,SIP/655
2026-07-22 10:49:35,CM cola Taller,Sofia Montaño,1234567890,yes,11,407,418,SIP/656
2026-07-22 10:46:33,CM cola Taller,Tania Bazan,1234567890,yes,5,363,368,SIP/659
2026-07-22 10:37:49,SF cola Taller,Sofia Montaño,1234567890,yes,8,40,48,SIP/656
2026-07-22 10:37:32,CM cola Taller,Rocío Cornejo,1234567890,yes,5,289,294,SIP/651
2026-07-22 10:36:24,CM cola Taller,,1234567890,no,1,0,0,
2026-07-22 10:35:19,MPC cola Taller,Sofia Montaño,1234567890,yes,9,87,96,SIP/656
2026-07-22 10:29:38,CM cola Taller,Tania Bazan,1234567890,yes,6,335,341,SIP/659
2026-07-22 10:29:13,CM cola Taller,,1234567890,no,0,0,0,
2026-07-22 10:29:02,CM cola Taller,Alma Cordoba,1234567890,yes,21,147,168,SIP/655
2026-07-22 10:27:55,CM cola Taller,Camila Mias,251,yes,4,27,31,SIP/251
2026-07-22 10:27:40,CM cola Taller,,1234567890,no,1,0,0,
2026-07-22 10:23:12,CM cola Taller,Alma Cordoba,1234567890,yes,30,253,283,SIP/655
2026-07-22 10:16:56,CM cola Taller,Alma Cordoba,1234567890,yes,25,134,159,SIP/655
2026-07-22 10:16:50,CM cola Taller,,1234567890,no,1,0,0,
2026-07-22 10:04:03,MPC cola Taller,Rocío Cornejo,1234567890,yes,5,201,206,SIP/651
2026-07-22 10:03:54,CM cola Taller,Alma Cordoba,1234567890,yes,9,146,155,SIP/655
2026-07-22 10:01:44,MPC cola Taller,Tania Bazan,1234567890,yes,7,623,630,SIP/659
2026-07-22 09:53:49,CM cola Taller,Sofia Montaño,1234567890,yes,66,425,491,SIP/656
2026-07-22 09:52:36,CM cola Taller,Tania Bazan,1234567890,yes,5,154,159,SIP/659
2026-07-22 09:47:55,SF cola Taller,Sofia Montaño,1234567890,yes,14,242,256,SIP/656
2026-07-22 09:40:37,CM cola Taller,Tania Bazan,1234567890,yes,138,166,304,SIP/659
2026-07-22 09:35:01,MPC cola Taller,,1234567890,no,421,0,0,
2026-07-22 09:33:22,CM cola Taller,Sabrina Mercado,250,yes,211,49,260,SIP/250
2026-07-22 09:32:41,MPC cola Taller,Sofia Montaño,1234567890,yes,5,550,555,SIP/656
2026-07-22 09:31:14,CM cola Taller,,1234567890,no,3,0,0,
2026-07-22 09:30:25,CM cola Taller,,1234567890,no,0,0,0,
2026-07-22 09:27:29,CM cola Taller,Tania Bazan,1234567890,yes,43,379,422,SIP/659
2026-07-22 09:27:11,CM cola Taller,Sofia Montaño,1234567890,yes,15,193,208,SIP/656
2026-07-22 09:23:46,CM cola Taller,Tania Bazan,1234567890,yes,9,252,261,SIP/659
2026-07-22 09:22:25,SF cola Taller,Sofia Montaño,1234567890,yes,2,97,99,SIP/656
2026-07-22 09:21:02,CM cola Taller,,1234567890,no,5,0,0,
2026-07-22 09:11:02,CM cola Taller,,1234567890,no,401,0,0,
2026-07-22 09:10:32,CM cola Taller,Sofia Montaño,1234567890,yes,313,259,572,SIP/656
2026-07-22 09:08:42,CM cola Taller,,1234567890,no,304,0,0,
2026-07-22 09:08:41,CM cola Taller,Tania Bazan,1234567890,yes,121,267,388,SIP/659
2026-07-22 09:08:41,CM cola Taller,Tania Bazan,1234567890,yes,395,150,545,SIP/659
2026-07-22 09:07:43,CM cola Taller,,1234567890,no,1,0,0,
2026-07-22 09:03:15,CM cola Taller,Tania Bazan,1234567890,yes,63,370,433,SIP/659
2026-07-22 09:02:10,CM cola Taller,,1234567890,no,0,0,0,
2026-07-22 09:00:16,CM cola Taller,Martin Jalil,503,yes,6,204,210,SIP/503
2026-07-22 08:55:44,CM cola Taller,,1234567890,no,1,0,0,
2026-07-22 08:54:25,CM cola Taller,Tania Bazan,1234567890,yes,21,124,145,SIP/659
2026-07-22 08:54:12,CM cola Taller,Sofia Montaño,1234567890,yes,14,234,248,SIP/656
2026-07-22 08:53:25,CM cola Taller,,1234567890,no,0,0,0,
2026-07-22 08:52:51,CM cola Taller,Tania Bazan,1234567890,yes,5,103,108,SIP/659
2026-07-22 08:50:54,CM cola Taller,,1234567890,no,5,0,0,
2026-07-22 08:50:53,CM cola Taller,Sofia Montaño,1234567890,yes,10,140,150,SIP/656
2026-07-22 08:49:43,CM cola Taller,,1234567890,no,5,0,0,
2026-07-22 08:42:33,CM cola Taller,Sofia Montaño,1234567890,yes,7,173,180,SIP/656
2026-07-22 08:40:06,CM cola Taller,Tania Bazan,1234567890,yes,16,249,265,SIP/659
2026-07-22 08:38:54,CM cola Taller,,1234567890,no,2,0,0,
2026-07-22 08:37:41,SF cola Taller,Sofia Montaño,1234567890,yes,4,222,226,SIP/656
2026-07-22 08:36:12,SF cola Taller,,1234567890,no,1,0,0,
2026-07-22 08:35:18,SF cola Taller,,1234567890,no,1,0,0,
2026-07-22 08:20:18,CM cola Taller,Sofia Montaño,1234567890,yes,14,182,196,SIP/656
2026-07-22 08:13:30,MPC cola Taller,Sofia Montaño,255,yes,3,22,25,SIP/656
2026-07-21 17:39:14,CM cola Taller,,1234567890,no,582,0,0,
2026-07-21 17:37:53,CM cola Taller,,1234567890,no,0,0,0,
2026-07-21 17:32:48,CM cola Taller,,1234567890,no,389,0,0,
2026-07-21 17:28:07,CM cola Taller,,1234567890,no,15,0,0,
2026-07-21 17:19:47,CM cola Taller,,1234567890,no,519,0,0,
2026-07-21 17:18:31,CM cola Taller,,1234567890,no,25,0,0,
2026-07-21 17:09:08,CM cola Taller,,1234567890,no,263,0,0,
2026-07-21 17:09:01,CM cola Taller,,1234567890,no,215,0,0,
2026-07-21 16:53:56,SF cola Taller,,1234567890,no,422,0,0,
2026-07-21 16:44:51,CM cola Taller,,1234567890,no,389,0,0,
2026-07-21 16:40:49,CM cola Taller,,1234567890,no,896,0,0,
2026-07-21 16:40:25,CM cola Taller,,1234567890,no,0,0,0,
2026-07-21 16:35:42,CM cola Taller,,1234567890,no,185,0,0,
2026-07-21 16:22:31,CM cola Taller,,1234567890,no,118,0,0,
2026-07-21 16:22:04,CM cola Taller,,1234567890,no,1,0,0,
2026-07-21 16:17:18,MPC cola Taller,,1234567890,no,256,0,0,
2026-07-21 16:16:23,CM cola Taller,,1234567890,no,718,0,0,
2026-07-21 16:15:55,CM cola Taller,,1234567890,no,0,0,0,
2026-07-21 16:12:29,CM cola Taller,,1234567890,no,1,0,0,
2026-07-21 16:12:11,CM cola Taller,,1234567890,no,717,0,0,
2026-07-21 16:09:17,MPC cola Taller,Agustina Vargas,255,yes,422,30,452,SIP/255
2026-07-21 16:06:38,CM cola Taller,,1234567890,no,403,0,0,
2026-07-21 16:03:27,CM cola Taller,,1234567890,no,364,0,0,
2026-07-21 16:01:18,CM cola Taller,,1234567890,no,320,0,0,
2026-07-21 15:49:10,CM cola Taller,,1234567890,no,544,0,0,
2026-07-21 15:47:30,CM cola Taller,Rocío Cornejo,1234567890,yes,183,280,463,SIP/651
2026-07-21 15:47:11,CM cola Taller,,1234567890,no,1,0,0,
2026-07-21 15:45:59,CM cola Taller,,1234567890,no,1,0,0,
2026-07-21 15:39:18,CM cola Taller,Rocío Cornejo,1234567890,yes,506,130,636,SIP/651
2026-07-21 15:38:15,CM cola Taller,,1234567890,no,0,0,0,
2026-07-21 15:37:13,CM cola Taller,,1234567890,no,574,0,0,
2026-07-21 15:34:39,CM cola Taller,,1234567890,no,166,0,0,
2026-07-21 15:33:59,CM cola Taller,,1234567890,no,0,0,0,
2026-07-21 15:33:14,CM cola Taller,Rocío Cornejo,1234567890,yes,494,350,844,SIP/651
2026-07-21 15:33:03,CM cola Taller,,1234567890,no,0,0,0,
2026-07-21 15:33:03,CM cola Taller,,1234567890,no,280,0,0,
2026-07-21 15:30:59,CM cola Taller,,1234567890,no,0,0,0,
2026-07-21 15:30:03,CM cola Taller,,1234567890,no,1,0,0,
2026-07-21 15:29:29,SF cola Taller,,1234567890,no,327,0,0,
2026-07-21 15:29:12,CM cola Taller,,1234567890,no,441,0,0,
2026-07-21 15:28:51,CM cola Taller,Rocío Cornejo,1234567890,yes,176,210,386,SIP/651
2026-07-21 15:27:13,CM cola Taller,,1234567890,no,1,0,0,
2026-07-21 15:25:59,CM cola Taller,,1234567890,no,1,0,0,
2026-07-21 15:24:28,CM cola Taller,Rocío Cornejo,1234567890,yes,156,272,428,SIP/651
2026-07-21 15:24:08,CM cola Taller,,1234567890,no,24,0,0,
2026-07-21 15:23:45,CM cola Taller,,1234567890,no,2,0,0,
2026-07-21 15:19:52,CM cola Taller,,1234567890,no,247,0,0,
2026-07-21 15:16:43,CM cola Taller,Matias Villafane,502,yes,392,24,416,SIP/502
2026-07-21 15:09:27,CM cola Taller,Rocío Cornejo,1234567890,yes,302,672,974,SIP/651
2026-07-21 15:07:38,MPC cola Taller,Rocío Cornejo,1234567890,yes,194,197,391,SIP/651
2026-07-21 15:03:38,CM cola Taller,,1234567890,no,446,0,0,
2026-07-21 15:01:26,CM cola Taller,Rocío Cornejo,1234567890,yes,126,236,362,SIP/651
2026-07-21 15:00:14,SF cola Taller,Rocío Cornejo,1234567890,yes,19,138,157,SIP/651
2026-07-21 14:52:51,CM cola Taller,Rocío Cornejo,1234567890,yes,6,96,102,SIP/651
2026-07-21 14:46:13,CM cola Taller,Rocío Cornejo,1234567890,yes,10,172,182,SIP/651
2026-07-21 14:33:19,CM cola Taller,Rocío Cornejo,1234567890,yes,12,209,221,SIP/651
2026-07-21 14:29:39,CM cola Taller,Rocío Cornejo,1234567890,yes,125,49,174,SIP/651
2026-07-21 14:29:11,CM cola Taller,,1234567890,no,1,0,0,
2026-07-21 14:28:59,SF cola Taller,Rocío Cornejo,1234567890,yes,29,94,123,SIP/651
2026-07-21 14:28:37,CM cola Taller,,1234567890,no,0,0,0,
2026-07-21 14:19:32,CM cola Taller,,1234567890,no,337,0,0,
2026-07-21 14:18:14,CM cola Taller,,1234567890,no,1,0,0,
2026-07-21 14:16:56,CM cola Taller,Rocío Cornejo,1234567890,yes,189,327,516,SIP/651
2026-07-21 14:15:08,MPC cola Taller,,1234567890,no,196,0,0,
2026-07-21 14:12:49,SF cola Taller,,1234567890,no,143,0,0,
2026-07-21 14:12:22,CM cola Taller,,1234567890,no,437,0,0,
2026-07-21 14:12:08,SF cola Taller,,1234567890,no,36,0,0,
2026-07-21 14:09:51,SF cola Taller,,1234567890,no,134,0,0,
2026-07-21 14:05:35,SF cola Taller,,1234567890,no,311,0,0,
2026-07-21 14:04:52,CM cola Taller,Rocío Cornejo,1234567890,yes,495,231,726,SIP/651
2026-07-21 14:03:52,SF cola Taller,Rocío Cornejo,1234567890,yes,146,312,458,SIP/651
2026-07-21 12:52:36,CM cola Taller,Lucia Sosa,1234567890,yes,32,151,183,SIP/650
2026-07-21 12:49:39,CM cola Taller,Rocío Cornejo,1234567890,yes,4,221,225,SIP/651
2026-07-21 12:49:07,CM cola Taller,Tania Bazan,1234567890,yes,9,326,335,SIP/659
2026-07-21 12:44:13,MPC cola Taller,Lucia Sosa,1234567890,yes,11,207,218,SIP/650
2026-07-21 12:41:46,CM cola Taller,,1234567890,no,0,0,0,
2026-07-21 12:38:38,SF cola Taller,Lucia Sosa,1234567890,yes,81,40,121,SIP/650
2026-07-21 12:36:55,CM cola Taller,Tania Bazan,1234567890,yes,217,86,303,SIP/659
2026-07-21 12:35:19,CM cola Taller,Tania Bazan,1234567890,yes,9,236,245,SIP/659
2026-07-21 12:34:42,CM cola Taller,,1234567890,no,0,0,0,
2026-07-21 12:33:46,CM cola Taller,Rocío Cornejo,1234567890,yes,9,264,273,SIP/651
2026-07-21 12:32:29,CM cola Taller,Sabrina Mercado,250,yes,5,17,22,SIP/250
2026-07-21 12:30:12,CM cola Taller,,1234567890,no,1,0,0,
2026-07-21 12:28:41,CM cola Taller,,670,no,66,0,0,
2026-07-21 12:25:46,CM cola Taller,Lucia Sosa,1234567890,yes,18,255,273,SIP/650
2026-07-21 12:24:47,CM cola Taller,,1234567890,no,1,0,0,
2026-07-21 12:22:58,CM cola Taller,,670,no,5,0,0,
2026-07-21 12:18:23,MPC cola Taller,Rocío Cornejo,1234567890,yes,132,309,441,SIP/651
2026-07-21 12:15:23,CM cola Taller,Lucia Sosa,1234567890,yes,240,211,451,SIP/650
2026-07-21 12:14:52,CM cola Taller,Rocío Cornejo,1234567890,yes,20,195,215,SIP/651
2026-07-21 12:10:22,CM cola Taller,Rocío Cornejo,1234567890,yes,23,181,204,SIP/651
2026-07-21 12:03:53,CM cola Taller,Rocío Cornejo,1234567890,yes,47,169,216,SIP/651
2026-07-21 12:01:13,SF cola Taller,Lucia Sosa,1234567890,yes,344,148,492,SIP/650
2026-07-21 11:55:17,CM cola Taller,,1234567890,no,329,0,0,
2026-07-21 11:54:24,CM cola Taller,,1234567890,no,8,0,0,
2026-07-21 11:54:21,CM cola Taller,,1234567890,no,1,0,0,
2026-07-21 11:54:07,CM cola Taller,Lucia Sosa,1234567890,yes,333,320,653,SIP/650
2026-07-21 11:53:19,SF cola Taller,,1234567890,no,424,0,0,
2026-07-21 11:53:07,CM cola Taller,Rocío Cornejo,1234567890,yes,11,635,646,SIP/651
2026-07-21 11:51:40,CM cola Taller,Sabrina Mercado,250,yes,68,40,108,SIP/250
2026-07-21 11:49:01,CM cola Taller,Tania Bazan,1234567890,yes,91,103,194,SIP/659
2026-07-21 11:48:09,SF cola Taller,Rocío Cornejo,1234567890,yes,161,55,216,SIP/651
2026-07-21 11:46:28,SF cola Taller,Rocío Cornejo,1234567890,yes,3,55,58,SIP/651
2026-07-21 11:45:47,CM cola Taller,,1234567890,no,30,0,0,
2026-07-21 11:45:09,CM cola Taller,,1234567890,no,99,0,0,
2026-07-21 11:45:03,MPC cola Taller,Rocío Cornejo,1234567890,yes,150,161,311,SIP/651
2026-07-21 11:44:37,CM cola Taller,,1234567890,no,1,0,0,
2026-07-21 11:42:39,SF cola Taller,Tania Bazan,1234567890,yes,251,209,460,SIP/659
2026-07-21 11:39:50,CM cola Taller,,1234567890,no,0,0,0,
2026-07-21 11:39:35,CM cola Taller,Rocío Cornejo,1234567890,yes,302,109,411,SIP/651
2026-07-21 11:39:13,CM cola Taller,,1234567890,no,1,0,0,
2026-07-21 11:39:00,CM cola Taller,Lucia Sosa,1234567890,yes,772,276,1048,SIP/650
2026-07-21 11:38:15,CM cola Taller,,1234567890,no,139,0,0,
2026-07-21 11:38:10,CM cola Taller,Lucia Sosa,1234567890,yes,64,174,238,SIP/650
2026-07-21 11:37:19,CM cola Taller,Tania Bazan,1234567890,yes,305,227,532,SIP/659
2026-07-21 11:36:13,CM cola Taller,Rocío Cornejo,1234567890,yes,95,324,419,SIP/651
2026-07-21 11:36:03,CM cola Taller,,1234567890,no,1,0,0,
2026-07-21 11:34:07,MPC cola Taller,Lucia Sosa,1234567890,yes,232,60,292,SIP/650
2026-07-21 11:33:33,MPC cola Taller,,1234567890,no,10,0,0,
2026-07-21 11:33:21,CM cola Taller,Camila Mias,251,yes,140,25,165,SIP/251
2026-07-21 11:32:36,MPC cola Taller,Tania Bazan,1234567890,yes,23,166,189,SIP/659
2026-07-21 11:24:15,CM cola Taller,Lucia Sosa,1234567890,yes,6,214,220,SIP/650
2026-07-21 11:23:15,CM cola Taller,Rocío Cornejo,1234567890,yes,88,218,306,SIP/651
2026-07-21 11:23:14,CM cola Taller,,1234567890,no,1,0,0,
2026-07-21 11:16:21,CM cola Taller,Rocío Cornejo,1234567890,yes,79,147,226,SIP/651
2026-07-21 11:14:57,CM cola Taller,,1234567890,no,1,0,0,
2026-07-21 11:14:54,CM cola Taller,Rocío Cornejo,1234567890,yes,15,137,152,SIP/651
2026-07-21 11:06:21,CM cola Taller,,1234567890,no,281,0,0,
2026-07-21 11:06:06,CM cola Taller,,1234567890,no,287,0,0,
2026-07-21 11:02:30,CM cola Taller,Rocío Cornejo,1234567890,yes,85,374,459,SIP/651
2026-07-21 11:01:31,CM cola Taller,Camila Mias,251,yes,15,18,33,SIP/251
2026-07-21 11:00:52,CM cola Taller,Lucia Sosa,1234567890,yes,20,293,313,SIP/650
2026-07-21 11:00:15,CM cola Taller,,1234567890,no,1,0,0,
2026-07-21 10:58:16,CM cola Taller,Rocío Cornejo,1234567890,yes,93,96,189,SIP/651
2026-07-21 10:56:24,CM cola Taller,,1234567890,no,0,0,0,
2026-07-21 10:56:10,CM cola Taller,Lucia Sosa,1234567890,yes,18,151,169,SIP/650
2026-07-21 10:43:47,CM cola Taller,,1234567890,no,1,0,0,
2026-07-21 10:42:45,CM cola Taller,Tania Bazan,1234567890,yes,200,257,457,SIP/659
2026-07-21 10:42:06,CM cola Taller,Sabrina Mercado,250,yes,259,15,274,SIP/250
2026-07-21 10:41:19,CM cola Taller,,1234567890,no,124,0,0,
2026-07-21 10:40:44,CM cola Taller,Camila Mias,251,yes,12,35,47,SIP/251
2026-07-21 10:39:46,SF cola Taller,Lucia Sosa,1234567890,yes,12,280,292,SIP/650
2026-07-21 10:35:04,CM cola Taller,Tania Bazan,1234567890,yes,156,216,372,SIP/659
2026-07-21 10:34:08,CM cola Taller,,1234567890,no,2,0,0,
2026-07-21 10:33:54,CM cola Taller,Rocío Cornejo,1234567890,yes,77,52,129,SIP/651
2026-07-21 10:31:38,MPC cola Taller,Rocío Cornejo,1234567890,yes,275,249,524,SIP/651
2026-07-21 10:31:31,MPC cola Taller,Rocío Cornejo,1234567890,yes,15,195,210,SIP/651
2026-07-21 10:29:35,CM cola Taller,Lucia Sosa,1234567890,yes,15,283,298,SIP/650
2026-07-21 10:27:39,CM cola Taller,Tania Bazan,1234567890,yes,12,86,98,SIP/659
2026-07-21 10:24:57,MPC cola Taller,Lucia Sosa,1234567890,yes,10,65,75,SIP/650
2026-07-21 10:20:31,SF cola Taller,Tania Bazan,1234567890,yes,4,258,262,SIP/659
2026-07-21 10:15:35,SF cola Taller,Lucia Sosa,1234567890,yes,15,391,406,SIP/650
2026-07-21 10:03:11,SF cola Taller,Lucia Sosa,1234567890,yes,16,140,156,SIP/650
2026-07-21 10:01:26,CM cola Taller,Rocío Cornejo,1234567890,yes,26,99,125,SIP/651
2026-07-21 10:00:35,CM cola Taller,,1234567890,no,7,0,0,
2026-07-21 10:00:10,CM cola Taller,Tania Bazan,1234567890,yes,7,394,401,SIP/659
2026-07-21 09:55:22,CM cola Taller,,1234567890,no,1,0,0,
2026-07-21 09:54:37,CM cola Taller,Rocío Cornejo,1234567890,yes,71,98,169,SIP/651
2026-07-21 09:53:10,CM cola Taller,Rocío Cornejo,1234567890,yes,37,79,116,SIP/651
2026-07-21 09:51:51,CM cola Taller,,1234567890,no,1,0,0,
2026-07-21 09:51:22,CM cola Taller,,1234567890,no,6,0,0,
2026-07-21 09:50:11,SF cola Taller,Sabrina Mercado,651,yes,2,55,57,SIP/250
2026-07-21 09:48:52,CM cola Taller,Lucia Sosa,1234567890,yes,15,319,334,SIP/650
2026-07-21 09:47:49,CM cola Taller,,1234567890,no,3,0,0,
2026-07-21 09:47:38,CM cola Taller,Sabrina Mercado,250,yes,15,55,70,SIP/250
2026-07-21 09:43:26,CM cola Taller,,1234567890,no,1,0,0,
2026-07-21 09:41:03,CM cola Taller,,1234567890,no,2,0,0,
2026-07-21 09:40:41,CM cola Taller,,1234567890,no,72,0,0,
2026-07-21 09:39:30,SF cola Taller,,1234567890,no,341,0,0,
2026-07-21 09:38:22,CM cola Taller,Tania Bazan,1234567890,yes,93,286,379,SIP/659
2026-07-21 09:37:11,CM cola Taller,Tania Bazan,1234567890,yes,18,140,158,SIP/659
2026-07-21 09:31:31,CM cola Taller,Lucia Sosa,1234567890,yes,29,84,113,SIP/650
2026-07-21 09:30:21,CM cola Taller,,1234567890,no,1,0,0,
2026-07-21 09:28:22,CM cola Taller,Lucia Sosa,1234567890,yes,9,146,155,SIP/650
2026-07-21 09:26:38,CM cola Taller,Sabrina Mercado,250,yes,7,20,27,SIP/250
2026-07-21 09:22:40,CM cola Taller,,1234567890,no,0,0,0,
2026-07-21 09:21:44,CM cola Taller,,1234567890,no,0,0,0,
2026-07-21 09:11:55,CM cola Taller,Tania Bazan,1234567890,yes,7,241,248,SIP/659
2026-07-21 09:03:33,MPC cola Taller,Rocío Cornejo,1234567890,yes,3,212,215,SIP/651
2026-07-21 09:02:57,CM cola Taller,Lucia Sosa,251,yes,25,1,26,SIP/650
2026-07-21 09:00:08,CM cola Taller,Rocío Cornejo,1234567890,yes,153,28,181,SIP/651
2026-07-21 09:00:05,MPC cola Taller,Tania Bazan,1234567890,yes,154,352,506,SIP/659
2026-07-21 08:56:16,CM cola Taller,,1234567890,no,2,0,0,
2026-07-21 08:56:09,MPC cola Taller,,1234567890,no,31,0,0,
2026-07-21 08:55:37,SF cola Taller,Lucia Sosa,1234567890,yes,80,260,340,SIP/650
2026-07-21 08:55:19,CM cola Taller,,1234567890,no,0,0,0,
2026-07-21 08:52:01,CM cola Taller,,1234567890,no,5,0,0,
2026-07-21 08:51:14,CM cola Taller,Tania Bazan,1234567890,yes,11,134,145,SIP/659
2026-07-21 08:46:16,SF cola Taller,Tania Bazan,1234567890,yes,105,157,262,SIP/659
2026-07-21 08:45:07,CM cola Taller,,1234567890,no,1,0,0,
2026-07-21 08:34:58,CM cola Taller,Lucia Sosa,1234567890,yes,124,269,393,SIP/650
2026-07-21 08:33:05,SF cola Taller,Tania Bazan,1234567890,yes,346,328,674,SIP/659
2026-07-21 08:32:17,CM cola Taller,,1234567890,no,270,0,0,
2026-07-21 08:31:56,CM cola Taller,Tania Bazan,1234567890,yes,232,180,412,SIP/659
2026-07-21 08:31:38,CM cola Taller,Lucia Sosa,1234567890,yes,216,91,307,SIP/650
2026-07-21 08:23:25,CM cola Taller,Lucia Sosa,1234567890,yes,39,236,275,SIP/650
2026-07-21 08:20:13,MPC cola Taller,,255,no,13,0,0,
2026-07-21 08:13:03,CM cola Taller,Lucia Sosa,1234567890,yes,367,229,596,SIP/650
2026-07-21 08:12:48,CM cola Taller,Lucia Sosa,1234567890,yes,257,106,363,SIP/650
2026-07-21 08:12:25,CM cola Taller,Lucia Sosa,1234567890,yes,115,136,251,SIP/650
2026-07-21 08:09:33,CM cola Taller,Tania Bazan,1234567890,yes,12,653,665,SIP/659
2026-07-21 08:05:09,MPC cola Taller,Tania Bazan,1234567890,yes,9,61,70,SIP/659
2026-07-21 08:02:22,CM cola Taller,Lucia Sosa,1234567890,yes,13,141,154,SIP/650
2026-07-20 17:59:41,CM cola Taller,,1234567890,no,1022,0,0,
2026-07-20 17:17:42,CM cola Taller,,1234567890,no,790,0,0,
2026-07-20 17:16:40,CM cola Taller,,1234567890,no,1,0,0,
2026-07-20 17:13:58,CM cola Taller,,1234567890,no,1,0,0,
2026-07-20 17:06:15,CM cola Taller,,1234567890,no,87,0,0,
2026-07-20 16:57:27,SF cola Taller,,1234567890,no,422,0,0,
2026-07-20 16:47:19,CM cola Taller,,1234567890,no,116,0,0,
2026-07-20 16:45:34,SF cola Taller,,1234567890,no,71,0,0,
2026-07-20 16:41:58,CM cola Taller,,1234567890,no,467,0,0,
2026-07-20 16:40:23,CM cola Taller,,1234567890,no,0,0,0,
2026-07-20 16:39:05,SF cola Taller,,1234567890,no,341,0,0,
2026-07-20 16:35:23,CM cola Taller,,1234567890,no,655,0,0,
2026-07-20 16:35:02,CM cola Taller,,1234567890,no,1,0,0,
2026-07-20 16:34:02,CM cola Taller,,1234567890,no,0,0,0,
2026-07-20 16:28:17,SF cola Taller,,1234567890,no,17,0,0,
2026-07-20 16:22:29,MPC cola Taller,,1234567890,no,421,0,0,
2026-07-20 16:19:59,SF cola Taller,,1234567890,no,422,0,0,
2026-07-20 16:19:57,CM cola Taller,,250,no,82,0,0,
2026-07-20 16:16:58,CM cola Taller,,1234567890,no,19,0,0,
2026-07-20 16:13:59,MPC cola Taller,,255,no,78,0,0,
2026-07-20 16:09:45,CM cola Taller,,1234567890,no,267,0,0,
2026-07-20 16:09:01,MPC cola Taller,,1234567890,no,40,0,0,
2026-07-20 16:05:01,CM cola Taller,,1234567890,no,954,0,0,
2026-07-20 16:02:47,CM cola Taller,,1234567890,no,369,0,0,
2026-07-20 16:00:37,MPC cola Taller,,1234567890,no,421,0,0,
2026-07-20 15:58:36,CM cola Taller,,1234567890,no,65,0,0,
2026-07-20 15:56:34,CM cola Taller,,1234567890,no,297,0,0,
2026-07-20 15:51:27,MPC cola Taller,Agustina Vargas,255,yes,271,18,289,SIP/255
2026-07-20 15:49:47,MPC cola Taller,Rocío Cornejo,1234567890,yes,357,0,357,SIP/651
2026-07-20 15:47:51,SF cola Taller,Rocío Cornejo,1234567890,yes,161,183,344,SIP/651
2026-07-20 15:46:55,MPC cola Taller,,1234567890,no,75,0,0,
2026-07-20 15:45:25,CM cola Taller,,1234567890,no,6,0,0,
2026-07-20 15:44:53,CM cola Taller,,1234567890,no,0,0,0,
2026-07-20 15:43:27,CM cola Taller,,1234567890,no,331,0,0,
2026-07-20 15:42:11,CM cola Taller,,1234567890,no,148,0,0,
2026-07-20 15:41:00,CM cola Taller,Rocío Cornejo,1234567890,yes,340,204,544,SIP/651
2026-07-20 15:39:11,CM cola Taller,Rocío Cornejo,1234567890,yes,338,97,435,SIP/651
2026-07-20 15:36:33,CM cola Taller,Martin Jalil,503,yes,135,24,159,SIP/503
2026-07-20 15:34:16,CM cola Taller,,1234567890,no,387,0,0,
2026-07-20 15:33:56,CM cola Taller,Sabrina Mercado,250,yes,634,21,655,SIP/250
2026-07-20 15:31:34,CM cola Taller,,1234567890,no,30,0,0,
2026-07-20 15:31:33,CM cola Taller,Rocío Cornejo,1234567890,yes,49,664,713,SIP/651
2026-07-20 15:29:01,CM cola Taller,,1234567890,no,127,0,0,
2026-07-20 15:23:47,CM cola Taller,,1234567890,no,349,0,0,
2026-07-20 15:21:44,CM cola Taller,Vanesa Gonzalez Alcaraz,306,yes,415,107,522,SIP/306
2026-07-20 15:20:16,CM cola Taller,,1234567890,no,463,0,0,
2026-07-20 15:16:34,CM cola Taller,Rocío Cornejo,1234567890,yes,555,348,903,SIP/651
2026-07-20 15:14:48,CM cola Taller,Camila Mias,251,yes,232,19,251,SIP/251
2026-07-20 15:14:23,CM cola Taller,,1234567890,no,617,0,0,
2026-07-20 15:13:56,CM cola Taller,,1234567890,no,1,0,0,
2026-07-20 15:11:34,CM cola Taller,,1234567890,no,119,0,0,
2026-07-20 15:11:07,CM cola Taller,,1234567890,no,1,0,0,
2026-07-20 15:11:02,CM cola Taller,,1234567890,no,194,0,0,
2026-07-20 15:10:22,CM cola Taller,,1234567890,no,0,0,0,
2026-07-20 15:08:42,CM cola Taller,,1234567890,no,25,0,0,
2026-07-20 15:08:18,CM cola Taller,,1234567890,no,145,0,0,
2026-07-20 15:08:11,CM cola Taller,Rocío Cornejo,1234567890,yes,297,488,785,SIP/651
2026-07-20 15:08:02,CM cola Taller,Rocío Cornejo,1234567890,yes,192,73,265,SIP/651
2026-07-20 15:07:30,CM cola Taller,,1234567890,no,2,0,0,
2026-07-20 15:06:40,CM cola Taller,,1234567890,no,40,0,0,
2026-07-20 15:02:34,CM cola Taller,,1234567890,no,379,0,0,
2026-07-20 15:02:24,CM cola Taller,,499,yes,167,48,215,SIP/499
2026-07-20 15:02:03,CM cola Taller,,1234567890,no,192,0,0,
2026-07-20 14:58:27,MPC cola Taller,,1234567890,no,370,0,0,
2026-07-20 14:58:25,MPC cola Taller,,1234567890,no,117,0,0,
2026-07-20 14:53:33,CM cola Taller,,1234567890,no,80,0,0,
2026-07-20 14:50:22,CM cola Taller,,1234567890,no,249,0,0,
2026-07-20 14:47:58,MPC cola Taller,Agustina Vargas,255,yes,422,22,444,SIP/255
2026-07-20 14:45:50,CM cola Taller,Rocío Cornejo,1234567890,yes,563,267,830,SIP/651
2026-07-20 14:42:39,SF cola Taller,,1234567890,no,32,0,0,
2026-07-20 14:42:37,CM cola Taller,Camila Mias,251,yes,335,140,475,SIP/251
2026-07-20 14:38:55,CM cola Taller,Rocío Cornejo,1234567890,yes,609,357,966,SIP/651
2026-07-20 14:36:53,CM cola Taller,,1234567890,no,131,0,0,
2026-07-20 14:33:44,CM cola Taller,Rocío Cornejo,1234567890,yes,479,90,569,SIP/651
2026-07-20 14:29:35,CM cola Taller,Sabrina Mercado,250,yes,454,69,523,SIP/250
2026-07-20 14:29:21,MPC cola Taller,Rocío Cornejo,1234567890,yes,140,594,734,SIP/651
2026-07-20 14:28:34,CM cola Taller,,1234567890,no,1,0,0,
2026-07-20 14:28:24,CM cola Taller,,1234567890,no,0,0,0,
2026-07-20 14:24:40,CM cola Taller,,1234567890,no,2,0,0,
2026-07-20 14:22:29,CM cola Taller,Rocío Cornejo,503,yes,20,31,51,SIP/651
2026-07-20 14:22:07,CM cola Taller,,1234567890,no,4,0,0,
2026-07-20 14:18:14,CM cola Taller,Rocío Cornejo,1234567890,yes,35,129,164,SIP/651
2026-07-20 14:14:18,CM cola Taller,Rocío Cornejo,1234567890,yes,206,48,254,SIP/651
2026-07-20 14:11:59,CM cola Taller,,1234567890,no,326,0,0,
2026-07-20 14:11:42,CM cola Taller,,503,no,55,0,0,
2026-07-20 14:10:42,SF cola Taller,,1234567890,no,111,0,0,
2026-07-20 14:08:22,SF cola Taller,Sofia Montaño,1234567890,yes,77,2,79,SIP/656
2026-07-20 14:07:24,CM cola Taller,,1234567890,no,54,0,0,
2026-07-20 14:07:16,CM cola Taller,Rocío Cornejo,1234567890,yes,395,90,485,SIP/651
2026-07-20 14:06:39,CM cola Taller,Rocío Cornejo,1234567890,yes,418,0,418,SIP/651
2026-07-20 14:05:51,CM cola Taller,,1234567890,no,0,0,0,
2026-07-20 14:05:24,MPC cola Taller,Sofia Montaño,1234567890,yes,65,163,228,SIP/656
2026-07-20 14:04:29,SF cola Taller,Rocío Cornejo,1234567890,yes,72,337,409,SIP/651
2026-07-20 14:02:49,CM cola Taller,,1234567890,no,79,0,0,
2026-07-20 14:02:07,CM cola Taller,,1234567890,no,1,0,0,
2026-07-20 14:01:47,CM cola Taller,Rocío Cornejo,1234567890,yes,12,206,218,SIP/651
2026-07-20 12:58:12,CM cola Taller,Rocío Cornejo,1234567890,yes,17,135,152,SIP/651
2026-07-20 12:55:47,CM cola Taller,,1234567890,no,0,0,0,
2026-07-20 12:51:44,CM cola Taller,,1234567890,no,3,0,0,
2026-07-20 12:42:35,CM cola Taller,Rocío Cornejo,1234567890,yes,17,87,104,SIP/651
2026-07-20 12:33:31,CM cola Taller,Rocío Cornejo,1234567890,yes,7,178,185,SIP/651
2026-07-20 12:29:24,CM cola Taller,Rocío Cornejo,1234567890,yes,8,87,95,SIP/651
2026-07-20 12:19:22,MPC cola Taller,Rocío Cornejo,1234567890,yes,5,217,222,SIP/651
2026-07-20 12:14:42,CM cola Taller,Rocío Cornejo,1234567890,yes,6,141,147,SIP/651
2026-07-20 12:07:35,CM cola Taller,,1234567890,no,0,0,0,
2026-07-20 12:06:28,MPC cola Taller,Sofia Montaño,1234567890,yes,3,582,585,SIP/656
2026-07-20 12:05:26,CM cola Taller,,1234567890,no,1,0,0,
2026-07-20 12:03:09,CM cola Taller,Rocío Cornejo,1234567890,yes,18,297,315,SIP/651
2026-07-20 11:54:36,CM cola Taller,,1234567890,no,1,0,0,
2026-07-20 11:45:57,CM cola Taller,Sabrina Mercado,250,yes,5,68,73,SIP/250
2026-07-20 11:45:47,MPC cola Taller,Rocío Cornejo,1234567890,yes,4,182,186,SIP/651
2026-07-20 11:43:43,CM cola Taller,Lucia Sosa,1234567890,yes,45,362,407,SIP/650
2026-07-20 11:43:28,CM cola Taller,,1234567890,no,1,0,0,
2026-07-20 11:39:29,CM cola Taller,,1234567890,no,0,0,0,
2026-07-20 11:37:57,CM cola Taller,,1234567890,no,1,0,0,
2026-07-20 11:31:51,CM cola Taller,Lucia Sosa,1234567890,yes,73,535,608,SIP/650
2026-07-20 11:31:48,SF cola Taller,Sofia Montaño,1234567890,yes,364,95,459,SIP/656
2026-07-20 11:31:36,CM cola Taller,Lucia Sosa,1234567890,yes,28,28,56,SIP/650
2026-07-20 11:30:19,CM cola Taller,,1234567890,no,3,0,0,
2026-07-20 11:29:22,CM cola Taller,Sofia Montaño,1234567890,yes,12,392,404,SIP/656
2026-07-20 11:26:19,CM cola Taller,Rocío Cornejo,1234567890,yes,10,199,209,SIP/651
2026-07-20 11:25:12,CM cola Taller,,1234567890,no,3,0,0,
2026-07-20 11:21:40,CM cola Taller,Sofia Montaño,1234567890,yes,10,88,98,SIP/656
2026-07-20 11:20:50,MPC cola Taller,Rocío Cornejo,1234567890,yes,3,170,173,SIP/651
2026-07-20 11:12:33,SF cola Taller,Rocío Cornejo,1234567890,yes,5,254,259,SIP/651
2026-07-20 11:10:25,CM cola Taller,Sofia Montaño,1234567890,yes,9,127,136,SIP/656
2026-07-20 11:09:40,CM cola Taller,,1234567890,no,1,0,0,
2026-07-20 10:56:46,SF cola Taller,Lucia Sosa,1234567890,yes,316,441,757,SIP/650
2026-07-20 10:55:55,CM cola Taller,Rocío Cornejo,1234567890,yes,117,280,397,SIP/651
2026-07-20 10:52:40,CM cola Taller,Sabrina Mercado,250,yes,117,17,134,SIP/250
2026-07-20 10:51:14,CM cola Taller,,1234567890,no,3,0,0,
2026-07-20 10:49:56,CM cola Taller,Lucia Sosa,1234567890,yes,101,257,358,SIP/650
2026-07-20 10:48:55,CM cola Taller,,1234567890,no,1,0,0,
2026-07-20 10:42:19,CM cola Taller,Lucia Sosa,1234567890,yes,59,194,253,SIP/650
2026-07-20 10:39:43,CM cola Taller,,499,yes,376,25,401,SIP/499
2026-07-20 10:37:33,CM cola Taller,Lucia Sosa,1234567890,yes,175,134,309,SIP/650
2026-07-20 10:36:34,CM cola Taller,,1234567890,no,2,0,0,
2026-07-20 10:35:25,CM cola Taller,,1234567890,no,1,0,0,
2026-07-20 10:35:02,MPC cola Taller,Rocío Cornejo,1234567890,yes,86,459,545,SIP/651
2026-07-20 10:33:55,CM cola Taller,,1234567890,no,2,0,0,
2026-07-20 10:33:42,CM cola Taller,,1234567890,no,116,0,0,
2026-07-20 10:33:18,CM cola Taller,,1234567890,no,1,0,0,
2026-07-20 10:32:39,MPC cola Taller,Rocío Cornejo,1234567890,yes,4,128,132,SIP/651
2026-07-20 10:30:47,CM cola Taller,Lucia Sosa,1234567890,yes,31,509,540,SIP/650
2026-07-20 10:29:30,CM cola Taller,,251,no,106,0,0,
2026-07-20 10:27:34,CM cola Taller,Lucia Sosa,1234567890,yes,28,172,200,SIP/650
2026-07-20 10:26:41,CM cola Taller,,1234567890,no,0,0,0,
2026-07-20 10:26:39,CM cola Taller,,1234567890,no,6,0,0,
2026-07-20 10:26:35,CM cola Taller,Rocío Cornejo,1234567890,yes,85,251,336,SIP/651
2026-07-20 10:25:39,CM cola Taller,,1234567890,no,0,0,0,
2026-07-20 10:24:55,CM cola Taller,Rocío Cornejo,1234567890,yes,84,76,160,SIP/651
2026-07-20 10:23:41,CM cola Taller,,1234567890,no,5,0,0,
2026-07-20 10:23:38,CM cola Taller,Lucia Sosa,1234567890,yes,59,141,200,SIP/650
2026-07-20 10:22:06,CM cola Taller,,1234567890,no,1,0,0,
2026-07-20 10:21:13,CM cola Taller,Sabrina Mercado,250,yes,182,34,216,SIP/250
2026-07-20 10:20:10,CM cola Taller,,1234567890,no,24,0,0,
2026-07-20 10:19:03,CM cola Taller,,1234567890,no,20,0,0,
2026-07-20 10:17:42,MPC cola Taller,,1234567890,no,420,0,0,
2026-07-20 10:16:50,SF cola Taller,,1234567890,no,211,0,0,
2026-07-20 10:15:59,CM cola Taller,Rocío Cornejo,1234567890,yes,430,110,540,SIP/651
2026-07-20 10:15:58,CM cola Taller,Lucia Sosa,1234567890,yes,276,206,482,SIP/650
2026-07-20 10:15:14,CM cola Taller,,1234567890,no,1,0,0,
2026-07-20 10:14:28,CM cola Taller,Sabrina Mercado,250,yes,163,21,184,SIP/250
2026-07-20 10:14:22,CM cola Taller,Rocío Cornejo,1234567890,yes,274,213,487,SIP/651
2026-07-20 10:13:55,CM cola Taller,,1234567890,no,236,0,0,
2026-07-20 10:13:28,CM cola Taller,Rocío Cornejo,1234567890,yes,154,152,306,SIP/651
2026-07-20 10:12:25,CM cola Taller,,1234567890,no,0,0,0,
2026-07-20 10:12:17,CM cola Taller,Lucia Sosa,1234567890,yes,37,417,454,SIP/650
2026-07-20 10:11:36,CM cola Taller,Rocío Cornejo,1234567890,yes,85,171,256,SIP/651
2026-07-20 10:10:43,CM cola Taller,,1234567890,no,3,0,0,
2026-07-20 10:09:42,SF cola Taller,Rocío Cornejo,1234567890,yes,5,160,165,SIP/651
2026-07-20 10:07:10,CM cola Taller,,1234567890,no,3,0,0,
2026-07-20 10:01:50,SF cola Taller,Rocío Cornejo,1234567890,yes,5,120,125,SIP/651
2026-07-20 10:01:11,CM cola Taller,Sabrina Mercado,250,yes,25,39,64,SIP/250
2026-07-20 09:57:04,CM cola Taller,,1234567890,no,0,0,0,
2026-07-20 09:53:30,CM cola Taller,Lucia Sosa,1234567890,yes,253,143,396,SIP/650
2026-07-20 09:52:41,CM cola Taller,,1234567890,no,1,0,0,
2026-07-20 09:47:11,CM cola Taller,Lucia Sosa,1234567890,yes,6,168,174,SIP/650
2026-07-20 09:46:39,CM cola Taller,Lucia Sosa,1234567890,yes,340,286,626,SIP/650
2026-07-20 09:46:14,CM cola Taller,,1234567890,no,6,0,0,
2026-07-20 09:41:17,SF cola Taller,Lucia Sosa,1234567890,yes,41,307,348,SIP/650
2026-07-20 09:37:23,CM cola Taller,,1234567890,no,79,0,0,
2026-07-20 09:36:29,SF cola Taller,,1234567890,no,111,0,0,
2026-07-20 09:34:38,MPC cola Taller,Agustina Vargas,255,yes,184,38,222,SIP/255
2026-07-20 09:32:19,CM cola Taller,Sofia Montaño,1234567890,yes,142,123,265,SIP/656
2026-07-20 09:31:57,CM cola Taller,Lucia Sosa,1234567890,yes,48,416,464,SIP/650
2026-07-20 09:31:23,CM cola Taller,,1234567890,no,0,0,0,
2026-07-20 09:25:42,CM cola Taller,Sofia Montaño,1234567890,yes,12,117,129,SIP/656
2026-07-20 09:20:33,CM cola Taller,Lucia Sosa,1234567890,yes,100,541,641,SIP/650
2026-07-20 09:17:37,CM cola Taller,Lucia Sosa,1234567890,yes,32,171,203,SIP/650
2026-07-20 09:11:01,CM cola Taller,,1234567890,no,314,0,0,
2026-07-20 09:10:11,CM cola Taller,,1234567890,no,1,0,0,
2026-07-20 09:06:47,CM cola Taller,Sofia Montaño,1234567890,yes,588,83,671,SIP/656
2026-07-20 09:06:35,CM cola Taller,Sofia Montaño,1234567890,yes,403,160,563,SIP/656
2026-07-20 09:05:45,CM cola Taller,,1234567890,no,1,0,0,
2026-07-20 09:05:39,CM cola Taller,,1234567890,no,0,0,0,
2026-07-20 09:04:24,CM cola Taller,Sabrina Mercado,250,yes,330,15,345,SIP/250
2026-07-20 09:03:51,CM cola Taller,Sofia Montaño,1234567890,yes,4,457,461,SIP/656
2026-07-20 09:01:55,MPC cola Taller,Lucia Sosa,1234567890,yes,42,420,462,SIP/650
2026-07-20 09:00:12,CM cola Taller,Lucia Sosa,1234567890,yes,19,108,127,SIP/650
2026-07-20 08:58:24,CM cola Taller,Lucia Sosa,1234567890,yes,12,39,51,SIP/650
2026-07-20 08:58:13,CM cola Taller,Sofia Montaño,1234567890,yes,6,330,336,SIP/656
2026-07-20 08:57:21,CM cola Taller,,1234567890,no,8,0,0,
2026-07-20 08:55:48,CM cola Taller,,1234567890,no,1,0,0,
2026-07-20 08:54:22,CM cola Taller,,1234567890,no,23,0,0,
2026-07-20 08:53:50,SF cola Taller,Lucia Sosa,1234567890,yes,89,163,252,SIP/650
2026-07-20 08:53:43,CM cola Taller,,1234567890,no,62,0,0,
2026-07-20 08:51:39,SF cola Taller,Sofia Montaño,1234567890,yes,32,229,261,SIP/656
2026-07-20 08:49:53,CM cola Taller,,1234567890,no,313,0,0,
2026-07-20 08:48:10,CM cola Taller,,1234567890,no,224,0,0,
2026-07-20 08:45:31,CM cola Taller,,1234567890,no,430,0,0,
2026-07-20 08:43:54,CM cola Taller,Lucia Sosa,1234567890,yes,425,229,654,SIP/650
2026-07-20 08:43:31,CM cola Taller,Sofia Montaño,1234567890,yes,353,148,501,SIP/656
2026-07-20 08:43:25,SF cola Taller,Lucia Sosa,1234567890,yes,12,177,189,SIP/650
2026-07-20 08:40:01,CM cola Taller,Lucia Sosa,1234567890,yes,12,48,60,SIP/650
2026-07-20 08:39:03,CM cola Taller,,1234567890,no,1,0,0,
2026-07-20 08:26:30,CM cola Taller,Sofia Montaño,1234567890,yes,17,163,180,SIP/656
2026-07-20 08:21:09,CM cola Taller,Lucia Sosa,1234567890,yes,25,211,236,SIP/650
2026-07-20 08:17:52,MPC cola Taller,Sofia Montaño,1234567890,yes,127,123,250,SIP/656
2026-07-20 08:16:33,CM cola Taller,Sofia Montaño,1234567890,yes,52,128,180,SIP/656
2026-07-20 08:16:32,CM cola Taller,Lucia Sosa,1234567890,yes,17,253,270,SIP/650
2026-07-20 08:15:34,CM cola Taller,,1234567890,no,1,0,0,
2026-07-20 08:10:09,CM cola Taller,Sofia Montaño,1234567890,yes,5,158,163,SIP/656
2026-07-20 08:01:22,CM cola Taller,Lucia Sosa,1234567890,yes,8,351,359,SIP/650
2026-07-17 17:55:13,CM cola Taller,,1234567890,no,31,0,0,
2026-07-17 17:25:22,CM cola Taller,,1234567890,no,172,0,0,
2026-07-17 17:23:41,CM cola Taller,,1234567890,no,3,0,0,
2026-07-17 17:02:19,CM cola Taller,,1234567890,no,580,0,0,
2026-07-17 17:01:51,CM cola Taller,,1234567890,no,96,0,0,
2026-07-17 16:58:55,CM cola Taller,,1234567890,no,724,0,0,
2026-07-17 16:52:53,CM cola Taller,,1234567890,no,62,0,0,
2026-07-17 16:41:58,CM cola Taller,,1234567890,no,223,0,0,
2026-07-17 16:25:59,CM cola Taller,,1234567890,no,393,0,0,
2026-07-17 16:23:06,CM cola Taller,,1234567890,no,2,0,0,
2026-07-17 16:04:55,MPC cola Taller,,1234567890,no,424,0,0,
2026-07-17 15:55:32,CM cola Taller,,1234567890,no,1,0,0,
2026-07-17 15:38:39,CM cola Taller,,1234567890,no,2,0,0,
2026-07-17 15:20:09,CM cola Taller,Sofia Montaño,1234567890,yes,22,377,399,SIP/656
2026-07-17 15:00:34,CM cola Taller,,1234567890,no,2,0,0,
2026-07-17 14:56:40,MPC cola Taller,Rocío Cornejo,1234567890,yes,77,134,211,SIP/651
2026-07-17 14:51:12,MPC cola Taller,Sofia Montaño,1234567890,yes,171,141,312,SIP/656
2026-07-17 14:50:29,CM cola Taller,Sabrina Mercado,250,yes,41,30,71,SIP/250
2026-07-17 14:47:57,CM cola Taller,Rocío Cornejo,1234567890,yes,81,330,411,SIP/651
2026-07-17 14:47:05,CM cola Taller,,1234567890,no,2,0,0,
2026-07-17 14:31:13,CM cola Taller,Rocío Cornejo,1234567890,yes,30,233,263,SIP/651
2026-07-17 14:16:25,CM cola Taller,Rocío Cornejo,1234567890,yes,109,6,115,SIP/651
2026-07-17 14:08:33,CM cola Taller,Sofia Montaño,1234567890,yes,136,808,944,SIP/656
2026-07-17 14:07:32,CM cola Taller,,1234567890,no,2,0,0,
2026-07-17 14:07:25,CM cola Taller,Rocío Cornejo,1234567890,yes,85,254,339,SIP/651
2026-07-17 14:07:00,CM cola Taller,Sofia Montaño,1234567890,yes,91,97,188,SIP/656
2026-07-17 14:05:11,CM cola Taller,Sofia Montaño,1234567890,yes,5,164,169,SIP/656
2026-07-17 12:53:29,CM cola Taller,Sofia Montaño,1234567890,yes,5,281,286,SIP/656
2026-07-17 12:43:55,CM cola Taller,,1234567890,no,1,0,0,
2026-07-17 12:42:12,CM cola Taller,,1234567890,no,0,0,0,
2026-07-17 12:32:32,CM cola Taller,Sofia Montaño,1234567890,yes,8,147,155,SIP/656
2026-07-17 12:23:48,CM cola Taller,Sabrina Mercado,250,yes,7,41,48,SIP/250
2026-07-17 12:22:58,CM cola Taller,Rocío Cornejo,1234567890,yes,9,141,150,SIP/651
2026-07-17 12:19:08,SF cola Taller,Sofia Montaño,1234567890,yes,4,48,52,SIP/656
2026-07-17 12:10:15,CM cola Taller,Sofia Montaño,1234567890,yes,5,73,78,SIP/656
2026-07-17 12:09:17,MPC cola Taller,Rocío Cornejo,1234567890,yes,14,100,114,SIP/651
2026-07-17 12:01:22,CM cola Taller,Rocío Cornejo,1234567890,yes,9,140,149,SIP/651
2026-07-17 12:00:40,CM cola Taller,,1234567890,no,7,0,0,
2026-07-17 11:58:03,SF cola Taller,,651,no,12,0,0,
2026-07-17 11:57:38,SF cola Taller,Sofia Montaño,651,yes,4,10,14,SIP/656
2026-07-17 11:53:38,CM cola Taller,Rocío Cornejo,1234567890,yes,3,192,195,SIP/651
2026-07-17 11:52:46,SF cola Taller,,651,no,44,0,0,
2026-07-17 11:52:15,CM cola Taller,Tania Bazan,1234567890,yes,17,331,348,SIP/659
2026-07-17 11:46:56,CM cola Taller,Tania Bazan,1234567890,yes,17,134,151,SIP/659
2026-07-17 11:45:45,CM cola Taller,Rocío Cornejo,251,yes,8,1,9,SIP/651
2026-07-17 11:36:27,MPC cola Taller,Rocío Cornejo,1234567890,yes,10,184,194,SIP/651
2026-07-17 11:29:23,CM cola Taller,Tania Bazan,1234567890,yes,12,153,165,SIP/659
2026-07-17 11:25:19,CM cola Taller,Rocío Cornejo,1234567890,yes,13,129,142,SIP/651
2026-07-17 11:24:41,CM cola Taller,Sofia Montaño,1234567890,yes,16,94,110,SIP/656
2026-07-17 11:24:22,SF cola Taller,Tania Bazan,1234567890,yes,14,73,87,SIP/659
2026-07-17 11:14:44,CM cola Taller,Rocío Cornejo,251,yes,20,1,21,SIP/651
2026-07-17 11:06:50,MPC cola Taller,Sofia Montaño,1234567890,yes,9,291,300,SIP/656
2026-07-17 11:00:07,MPC cola Taller,Tania Bazan,1234567890,yes,4,18,22,SIP/659
2026-07-17 10:57:22,MPC cola Taller,Rocío Cornejo,1234567890,yes,1,2,3,SIP/651
2026-07-17 10:55:37,MPC cola Taller,Rocío Cornejo,1234567890,yes,9,58,67,SIP/651
2026-07-17 10:48:24,SF cola Taller,Rocío Cornejo,1234567890,yes,18,87,105,SIP/651
2026-07-17 10:44:50,CM cola Taller,Tania Bazan,1234567890,yes,12,87,99,SIP/659
2026-07-17 10:44:06,CM cola Taller,Sofia Montaño,1234567890,yes,14,229,243,SIP/656
2026-07-17 10:33:07,CM cola Taller,Tania Bazan,1234567890,yes,9,38,47,SIP/659
2026-07-17 10:29:13,MPC cola Taller,Sofia Montaño,1234567890,yes,3,185,188,SIP/656
2026-07-17 10:28:19,MPC cola Taller,Tania Bazan,1234567890,yes,4,7,11,SIP/659
2026-07-17 10:23:33,CM cola Taller,Rocío Cornejo,1234567890,yes,16,50,66,SIP/651
2026-07-17 10:22:38,CM cola Taller,,1234567890,no,0,0,0,
2026-07-17 10:20:35,CM cola Taller,Tania Bazan,1234567890,yes,11,66,77,SIP/659
2026-07-17 10:11:39,CM cola Taller,Rocío Cornejo,1234567890,yes,10,309,319,SIP/651
2026-07-17 10:09:44,CM cola Taller,Sofia Montaño,1234567890,yes,10,372,382,SIP/656
2026-07-17 10:09:29,CM cola Taller,Tania Bazan,1234567890,yes,5,232,237,SIP/659
2026-07-17 10:09:08,CM cola Taller,,1234567890,no,1,0,0,
2026-07-17 10:08:18,CM cola Taller,,1234567890,no,1,0,0,
2026-07-17 10:00:03,MPC cola Taller,Tania Bazan,1234567890,yes,6,294,300,SIP/659
2026-07-17 09:51:01,CM cola Taller,Tania Bazan,1234567890,yes,7,331,338,SIP/659
2026-07-17 09:49:57,CM cola Taller,Rocío Cornejo,1234567890,yes,8,57,65,SIP/651
2026-07-17 09:43:45,MPC cola Taller,Tania Bazan,1234567890,yes,79,77,156,SIP/659
2026-07-17 09:40:15,CM cola Taller,Rocío Cornejo,1234567890,yes,165,144,309,SIP/651
2026-07-17 09:40:01,CM cola Taller,Tania Bazan,1234567890,yes,11,282,293,SIP/659
2026-07-17 09:39:03,CM cola Taller,Rocío Cornejo,1234567890,yes,22,200,222,SIP/651
2026-07-17 09:33:16,SF cola Taller,Tania Bazan,1234567890,yes,3,288,291,SIP/659
2026-07-17 09:26:58,CM cola Taller,Rocío Cornejo,1234567890,yes,6,147,153,SIP/651
2026-07-17 09:15:50,MPC cola Taller,Rocío Cornejo,1234567890,yes,26,216,242,SIP/651
2026-07-17 09:12:37,SF cola Taller,Rocío Cornejo,1234567890,yes,7,180,187,SIP/651
2026-07-17 09:06:27,SF cola Taller,Rocío Cornejo,1234567890,yes,22,93,115,SIP/651
2026-07-17 09:04:46,CM cola Taller,Rocío Cornejo,1234567890,yes,8,100,108,SIP/651
2026-07-17 08:51:12,CM cola Taller,Camila Mias,251,yes,8,20,28,SIP/251
2026-07-17 08:47:54,CM cola Taller,Tania Bazan,1234567890,yes,9,171,180,SIP/659
2026-07-17 08:37:13,SF cola Taller,Rocío Cornejo,1234567890,yes,26,135,161,SIP/651
2026-07-17 08:34:50,CM cola Taller,Tania Bazan,1234567890,yes,13,151,164,SIP/659
2026-07-16 17:47:56,CM cola Taller,,1234567890,no,1,0,0,
2026-07-16 17:27:23,CM cola Taller,,1234567890,no,3,0,0,
2026-07-16 17:18:06,CM cola Taller,,1234567890,no,475,0,0,
2026-07-16 17:16:36,CM cola Taller,,1234567890,no,198,0,0,
2026-07-16 17:15:58,CM cola Taller,,1234567890,no,0,0,0,
2026-07-16 17:11:06,CM cola Taller,,1234567890,no,206,0,0,
2026-07-16 17:04:41,CM cola Taller,,1234567890,no,196,0,0,
2026-07-16 17:02:21,CM cola Taller,,1234567890,no,93,0,0,
2026-07-16 16:57:15,CM cola Taller,,1234567890,no,930,0,0,
2026-07-16 16:54:30,CM cola Taller,,1234567890,no,382,0,0,
2026-07-16 16:53:23,MPC cola Taller,,1234567890,no,96,0,0,
2026-07-16 16:52:46,CM cola Taller,,1234567890,no,161,0,0,
2026-07-16 16:50:12,CM cola Taller,,1234567890,no,174,0,0,
2026-07-16 16:49:14,CM cola Taller,Martin Jalil,503,yes,595,89,684,SIP/503
2026-07-16 16:48:58,CM cola Taller,,1234567890,no,0,0,0,
2026-07-16 16:48:12,CM cola Taller,,1234567890,no,1176,0,0,
2026-07-16 16:44:40,CM cola Taller,,1234567890,no,286,0,0,
2026-07-16 16:44:09,CM cola Taller,,1234567890,no,1,0,0,
2026-07-16 16:42:27,CM cola Taller,Rocío Cornejo,1234567890,yes,28,191,219,SIP/651
2026-07-16 16:41:21,CM cola Taller,,1234567890,no,1,0,0,
2026-07-16 16:39:45,CM cola Taller,,1234567890,no,1,0,0,
2026-07-16 16:35:59,CM cola Taller,Rocío Cornejo,1234567890,yes,147,62,209,SIP/651
2026-07-16 16:34:20,CM cola Taller,,1234567890,no,2,0,0,
2026-07-16 16:26:35,MPC cola Taller,Agustina Vargas,255,yes,178,13,191,SIP/255
2026-07-16 16:25:06,CM cola Taller,,1234567890,no,1,0,0,
2026-07-16 16:23:48,MPC cola Taller,Rocío Cornejo,1234567890,yes,18,292,310,SIP/651
2026-07-16 16:19:32,CM cola Taller,Rocío Cornejo,1234567890,yes,16,111,127,SIP/651
2026-07-16 16:18:07,CM cola Taller,,1234567890,no,1,0,0,
2026-07-16 16:14:25,CM cola Taller,,1234567890,no,1,0,0,
2026-07-16 16:13:47,CM cola Taller,,1234567890,no,2,0,0,
2026-07-16 16:09:45,MPC cola Taller,Rocío Cornejo,1234567890,yes,220,92,312,SIP/651
2026-07-16 16:08:47,CM cola Taller,,1234567890,no,3,0,0,
2026-07-16 16:03:14,CM cola Taller,Rocío Cornejo,1234567890,yes,6,263,269,SIP/651
2026-07-16 16:00:18,CM cola Taller,,1234567890,no,117,0,0,
2026-07-16 15:56:10,CM cola Taller,,1234567890,no,70,0,0,
2026-07-16 15:52:17,SF cola Taller,Rocío Cornejo,1234567890,yes,15,219,234,SIP/651
2026-07-16 15:51:08,CM cola Taller,Martin Jalil,503,yes,487,60,547,SIP/503
2026-07-16 15:50:15,CM cola Taller,Rocío Cornejo,1234567890,yes,373,149,522,SIP/651
2026-07-16 15:47:42,CM cola Taller,Rocío Cornejo,1234567890,yes,8,150,158,SIP/651
2026-07-16 15:42:46,CM cola Taller,,1234567890,no,0,0,0,
2026-07-16 15:41:23,CM cola Taller,,1234567890,no,0,0,0,
2026-07-16 15:31:49,CM cola Taller,Sofia Montaño,1234567890,yes,7,6,13,SIP/656
2026-07-16 15:30:48,CM cola Taller,,1234567890,no,34,0,0,
2026-07-16 15:18:56,CM cola Taller,,1234567890,no,2,0,0,
2026-07-16 15:15:41,CM cola Taller,Matias Villafane,502,yes,5,170,175,SIP/502
2026-07-16 15:05:36,CM cola Taller,Sabrina Mercado,250,yes,9,37,46,SIP/250
2026-07-16 15:00:44,MPC cola Taller,Rocío Cornejo,1234567890,yes,22,357,379,SIP/651
2026-07-16 14:44:16,MPC cola Taller,Rocío Cornejo,1234567890,yes,102,180,282,SIP/651
2026-07-16 14:43:39,MPC cola Taller,Sofia Montaño,1234567890,yes,27,386,413,SIP/656
2026-07-16 14:39:39,MPC cola Taller,Sofia Montaño,1234567890,yes,39,180,219,SIP/656
2026-07-16 14:20:59,CM cola Taller,Rocío Cornejo,1234567890,yes,22,165,187,SIP/651
2026-07-16 14:19:14,CM cola Taller,Sofia Montaño,1234567890,yes,39,135,174,SIP/656
2026-07-16 14:17:01,CM cola Taller,Rocío Cornejo,1234567890,yes,39,200,239,SIP/651
2026-07-16 14:15:51,CM cola Taller,Sofia Montaño,1234567890,yes,48,174,222,SIP/656
2026-07-16 14:13:50,MPC cola Taller,Rocío Cornejo,1234567890,yes,57,147,204,SIP/651
2026-07-16 14:11:52,MPC cola Taller,Sofia Montaño,1234567890,yes,10,267,277,SIP/656
2026-07-16 14:03:39,MPC cola Taller,Rocío Cornejo,1234567890,yes,15,120,135,SIP/651
2026-07-16 12:54:58,CM cola Taller,Lucia Sosa,1234567890,yes,25,103,128,SIP/650
2026-07-16 12:46:51,CM cola Taller,,250,no,5,0,0,
2026-07-16 12:31:33,CM cola Taller,Lucia Sosa,1234567890,yes,172,123,295,SIP/650
2026-07-16 12:30:55,CM cola Taller,,1234567890,no,1,0,0,
2026-07-16 12:29:05,CM cola Taller,Sofia Montaño,1234567890,yes,7,478,485,SIP/656
2026-07-16 12:22:15,CM cola Taller,Rocío Cornejo,1234567890,yes,16,219,235,SIP/651
2026-07-16 12:14:25,CM cola Taller,Lucia Sosa,1234567890,yes,24,146,170,SIP/650
2026-07-16 12:13:23,CM cola Taller,,1234567890,no,1,0,0,
2026-07-16 12:12:08,CM cola Taller,Rocío Cornejo,1234567890,yes,10,171,181,SIP/651
2026-07-16 12:03:48,CM cola Taller,Lucia Sosa,1234567890,yes,20,336,356,SIP/650
2026-07-16 12:02:26,CM cola Taller,,1234567890,no,1,0,0,
2026-07-16 11:59:02,SF cola Taller,Lucia Sosa,1234567890,yes,7,41,48,SIP/650
2026-07-16 11:58:26,MPC cola Taller,Rocío Cornejo,1234567890,yes,26,355,381,SIP/651
2026-07-16 11:57:27,CM cola Taller,Sofia Montaño,1234567890,yes,14,177,191,SIP/656
2026-07-16 11:55:12,CM cola Taller,Sofia Montaño,1234567890,yes,10,60,70,SIP/656
2026-07-16 11:46:45,CM cola Taller,Lucia Sosa,1234567890,yes,16,134,150,SIP/650
2026-07-16 11:41:08,MPC cola Taller,Rocío Cornejo,1234567890,yes,5,39,44,SIP/651
2026-07-16 11:31:44,MPC cola Taller,Rocío Cornejo,1234567890,yes,55,92,147,SIP/651
2026-07-16 11:30:59,CM cola Taller,Sofia Montaño,1234567890,yes,8,25,33,SIP/656
2026-07-16 11:25:42,MPC cola Taller,Lucia Sosa,255,yes,18,697,715,SIP/650
2026-07-16 11:24:04,MPC cola Taller,Sofia Montaño,1234567890,yes,4,157,161,SIP/656
2026-07-16 11:22:13,CM cola Taller,Sofia Montaño,1234567890,yes,6,32,38,SIP/656
2026-07-16 11:17:15,CM cola Taller,Rocío Cornejo,670,yes,38,22,60,SIP/651
2026-07-16 11:13:16,CM cola Taller,Sofia Montaño,1234567890,yes,4,137,141,SIP/656
2026-07-16 11:09:46,CM cola Taller,Lucia Sosa,1234567890,yes,17,665,682,SIP/650
2026-07-16 11:09:30,CM cola Taller,,1234567890,no,2,0,0,
2026-07-16 10:48:40,MPC cola Taller,Rocío Cornejo,1234567890,yes,6,149,155,SIP/651
2026-07-16 10:46:50,CM cola Taller,Sofia Montaño,1234567890,yes,12,50,62,SIP/656
2026-07-16 10:45:51,CM cola Taller,,1234567890,no,1,0,0,
2026-07-16 10:42:53,CM cola Taller,Rocío Cornejo,1234567890,yes,78,132,210,SIP/651
2026-07-16 10:42:35,CM cola Taller,Sofia Montaño,1234567890,yes,17,181,198,SIP/656
2026-07-16 10:42:24,CM cola Taller,Lucia Sosa,1234567890,yes,21,148,169,SIP/650
2026-07-16 10:41:25,CM cola Taller,Sofia Montaño,1234567890,yes,9,8,17,SIP/656
2026-07-16 10:27:38,CM cola Taller,,1234567890,no,1,0,0,
2026-07-16 10:22:34,CM cola Taller,Sofia Montaño,1234567890,yes,5,81,86,SIP/656
2026-07-16 10:20:00,CM cola Taller,,1234567890,no,1,0,0,
2026-07-16 10:16:25,CM cola Taller,Rocío Cornejo,1234567890,yes,100,152,252,SIP/651
2026-07-16 10:14:08,CM cola Taller,Lucia Sosa,1234567890,yes,9,408,417,SIP/650
2026-07-16 10:13:10,CM cola Taller,Sofia Montaño,1234567890,yes,7,251,258,SIP/656
2026-07-16 10:10:31,CM cola Taller,Rocío Cornejo,1234567890,yes,12,231,243,SIP/651
2026-07-16 10:06:42,CM cola Taller,Sofia Montaño,1234567890,yes,6,202,208,SIP/656
2026-07-16 10:04:39,CM cola Taller,,1234567890,no,1,0,0,
2026-07-16 10:02:29,CM cola Taller,Rocío Cornejo,1234567890,yes,10,316,326,SIP/651
2026-07-16 09:58:11,SF cola Taller,Lucia Sosa,1234567890,yes,14,236,250,SIP/650
2026-07-16 09:56:42,MPC cola Taller,Rocío Cornejo,1234567890,yes,6,150,156,SIP/651
2026-07-16 09:50:37,CM cola Taller,Rocío Cornejo,1234567890,yes,12,53,65,SIP/651
2026-07-16 09:42:14,MPC cola Taller,Lucia Sosa,1234567890,yes,177,73,250,SIP/650
2026-07-16 09:41:59,SF cola Taller,Lucia Sosa,1234567890,yes,131,25,156,SIP/650
2026-07-16 09:40:22,SF cola Taller,Lucia Sosa,1234567890,yes,6,12,18,SIP/650
2026-07-16 09:37:57,MPC cola Taller,Rocío Cornejo,1234567890,yes,3,276,279,SIP/651
2026-07-16 09:34:44,CM cola Taller,Rocío Cornejo,1234567890,yes,20,142,162,SIP/651
2026-07-16 09:34:21,CM cola Taller,Lucia Sosa,1234567890,yes,40,127,167,SIP/650
2026-07-16 09:27:14,CM cola Taller,Lucia Sosa,1234567890,yes,31,131,162,SIP/650
2026-07-16 09:26:25,CM cola Taller,,1234567890,no,4,0,0,
2026-07-16 09:24:11,CM cola Taller,Sabrina Mercado,250,yes,184,19,203,SIP/250
2026-07-16 09:22:27,CM cola Taller,,1234567890,no,1,0,0,
2026-07-16 09:21:15,CM cola Taller,,1234567890,no,133,0,0,
2026-07-16 09:20:17,CM cola Taller,,1234567890,no,1,0,0,
2026-07-16 09:19:53,SF cola Taller,Rocío Cornejo,1234567890,yes,247,167,414,SIP/651
2026-07-16 09:18:54,CM cola Taller,Lucia Sosa,1234567890,yes,7,138,145,SIP/650
2026-07-16 09:17:54,CM cola Taller,Rocío Cornejo,1234567890,yes,8,288,296,SIP/651
2026-07-16 09:11:03,MPC cola Taller,Rocío Cornejo,1234567890,yes,5,305,310,SIP/651
2026-07-16 09:06:55,CM cola Taller,Lucia Sosa,1234567890,yes,17,129,146,SIP/650
2026-07-16 08:58:09,CM cola Taller,Rocío Cornejo,1234567890,yes,90,156,246,SIP/651
2026-07-16 08:57:19,CM cola Taller,,1234567890,no,0,0,0,
2026-07-16 08:57:11,CM cola Taller,Lucia Sosa,1234567890,yes,9,161,170,SIP/650
2026-07-16 08:29:47,SF cola Taller,Rocío Cornejo,1234567890,yes,13,246,259,SIP/651
2026-07-15 17:03:28,CM cola Taller,,1234567890,no,72,0,0,
2026-07-15 16:57:34,CM cola Taller,,1234567890,no,3,0,0,
2026-07-15 14:38:23,CM cola Taller,,1234567890,no,1,0,0,
2026-07-15 14:11:39,CM cola Taller,Rocío Cornejo,1234567890,yes,43,335,378,SIP/651
2026-07-15 12:54:10,SF cola Taller,Tania Bazan,1234567890,yes,6,200,206,SIP/659
2026-07-15 12:53:47,CM cola Taller,Sofia Montaño,1234567890,yes,12,118,130,SIP/656
2026-07-15 12:40:18,MPC cola Taller,Tania Bazan,1234567890,yes,4,295,299,SIP/659
2026-07-15 12:29:19,SF cola Taller,Sofia Montaño,1234567890,yes,16,333,349,SIP/656
2026-07-15 12:28:21,CM cola Taller,Rocío Cornejo,251,yes,9,2,11,SIP/651
2026-07-15 12:26:56,CM cola Taller,,1234567890,no,1,0,0,
2026-07-15 12:18:14,SF cola Taller,Sofia Montaño,1234567890,yes,9,144,153,SIP/656
2026-07-15 12:06:18,CM cola Taller,Tania Bazan,1234567890,yes,6,214,220,SIP/659
2026-07-15 12:06:11,CM cola Taller,Rocío Cornejo,1234567890,yes,9,194,203,SIP/651
2026-07-15 11:59:35,CM cola Taller,Sofia Montaño,1234567890,yes,12,109,121,SIP/656
2026-07-15 11:59:30,CM cola Taller,Sabrina Mercado,250,yes,8,56,64,SIP/250
2026-07-15 11:48:32,MPC cola Taller,Sofia Montaño,1234567890,yes,47,35,82,SIP/656
2026-07-15 11:48:01,CM cola Taller,Rocío Cornejo,1234567890,yes,44,347,391,SIP/651
2026-07-15 11:43:04,CM cola Taller,Tania Bazan,1234567890,yes,154,230,384,SIP/659
2026-07-15 11:39:27,MPC cola Taller,Agustina Vargas,255,yes,80,96,176,SIP/255
2026-07-15 11:37:13,CM cola Taller,Martin Jalil,503,yes,6,18,24,SIP/503
2026-07-15 11:33:22,CM cola Taller,Sofia Montaño,1234567890,yes,16,107,123,SIP/656
2026-07-15 11:32:27,CM cola Taller,,1234567890,no,2,0,0,
2026-07-15 11:26:58,CM cola Taller,Sofia Montaño,1234567890,yes,19,172,191,SIP/656
2026-07-15 11:25:52,CM cola Taller,,1234567890,no,1,0,0,
2026-07-15 11:13:58,CM cola Taller,,1234567890,no,171,0,0,
2026-07-15 11:13:40,SF cola Taller,Rocío Cornejo,1234567890,yes,36,179,215,SIP/651
2026-07-15 11:12:05,CM cola Taller,Sofia Montaño,1234567890,yes,42,234,276,SIP/656
2026-07-15 10:59:25,CM cola Taller,Tania Bazan,1234567890,yes,6,83,89,SIP/659
2026-07-15 10:52:40,CM cola Taller,Matias Villafane,502,yes,11,14,25,SIP/502
2026-07-15 10:46:29,CM cola Taller,Matias Villafane,502,yes,7,145,152,SIP/502
2026-07-15 10:44:49,CM cola Taller,Sabrina Mercado,250,yes,9,27,36,SIP/250
2026-07-15 10:39:43,CM cola Taller,Tania Bazan,1234567890,yes,7,290,297,SIP/659
2026-07-15 10:38:08,MPC cola Taller,Sofia Montaño,1234567890,yes,7,114,121,SIP/656
2026-07-15 10:35:00,CM cola Taller,Rocío Cornejo,1234567890,yes,121,232,353,SIP/651
2026-07-15 10:33:47,CM cola Taller,Camila Mias,251,yes,178,36,214,SIP/251
2026-07-15 10:33:43,MPC cola Taller,Sofia Montaño,1234567890,yes,30,210,240,SIP/656
2026-07-15 10:32:43,CM cola Taller,Tania Bazan,1234567890,yes,5,142,147,SIP/659
2026-07-15 10:27:30,SF cola Taller,Tania Bazan,1234567890,yes,74,142,216,SIP/659
2026-07-15 10:26:44,CM cola Taller,Rocío Cornejo,1234567890,yes,87,258,345,SIP/651
2026-07-15 10:26:20,MPC cola Taller,Sofia Montaño,1234567890,yes,6,430,436,SIP/656
2026-07-15 10:21:25,CM cola Taller,Tania Bazan,1234567890,yes,6,349,355,SIP/659
2026-07-15 10:20:27,CM cola Taller,,1234567890,no,0,0,0,
2026-07-15 10:16:38,CM cola Taller,,1234567890,no,0,0,0,
2026-07-15 10:16:12,CM cola Taller,Sofia Montaño,1234567890,yes,5,65,70,SIP/656
2026-07-15 10:14:05,CM cola Taller,Tania Bazan,1234567890,yes,8,177,185,SIP/659
2026-07-15 09:58:01,MPC cola Taller,Tania Bazan,1234567890,yes,4,222,226,SIP/659
2026-07-15 09:54:00,CM cola Taller,Tania Bazan,1234567890,yes,9,141,150,SIP/659
2026-07-15 09:43:39,CM cola Taller,,1234567890,no,0,0,0,
2026-07-15 09:42:22,MPC cola Taller,Tania Bazan,1234567890,yes,13,73,86,SIP/659
2026-07-15 09:40:14,CM cola Taller,Rocío Cornejo,1234567890,yes,65,330,395,SIP/651
2026-07-15 09:40:13,MPC cola Taller,Sofia Montaño,1234567890,yes,11,85,96,SIP/656
2026-07-15 09:38:50,CM cola Taller,Tania Bazan,1234567890,yes,7,206,213,SIP/659
2026-07-15 09:34:36,CM cola Taller,Rocío Cornejo,1234567890,yes,16,87,103,SIP/651
2026-07-15 09:33:15,CM cola Taller,,1234567890,no,1,0,0,
2026-07-15 09:22:08,CM cola Taller,Sofia Montaño,1234567890,yes,10,652,662,SIP/656
2026-07-15 09:17:35,CM cola Taller,Tania Bazan,1234567890,yes,6,109,115,SIP/659
2026-07-15 09:07:58,CM cola Taller,Rocío Cornejo,1234567890,yes,33,220,253,SIP/651
2026-07-15 09:06:41,MPC cola Taller,Sofia Montaño,1234567890,yes,65,94,159,SIP/656
2026-07-15 09:05:30,SF cola Taller,Sofia Montaño,1234567890,yes,3,115,118,SIP/656
2026-07-15 09:05:18,CM cola Taller,Rocío Cornejo,1234567890,yes,5,182,187,SIP/651
2026-07-15 09:00:42,CM cola Taller,Rocío Cornejo,1234567890,yes,9,9,18,SIP/651
2026-07-15 08:57:19,CM cola Taller,Tania Bazan,1234567890,yes,83,158,241,SIP/659
2026-07-15 08:57:15,CM cola Taller,Rocío Cornejo,1234567890,yes,8,99,107,SIP/651
2026-07-15 08:49:37,SF cola Taller,Tania Bazan,1234567890,yes,7,172,179,SIP/659
2026-07-15 08:21:58,CM cola Taller,Rocío Cornejo,1234567890,yes,7,225,232,SIP/651
2026-07-15 08:19:10,CM cola Taller,Sofia Montaño,1234567890,yes,8,115,123,SIP/656
2026-07-15 08:18:32,CM cola Taller,Tania Bazan,1234567890,yes,6,319,325,SIP/659
2026-07-15 08:18:25,CM cola Taller,,1234567890,no,1,0,0,
2026-07-15 08:08:46,CM cola Taller,Sofia Montaño,1234567890,yes,12,327,339,SIP/656
2026-07-15 08:07:22,CM cola Taller,,1234567890,no,0,0,0,
2026-07-14 17:07:01,CM cola Taller,Rocío Cornejo,670,yes,9,38,47,SIP/651
2026-07-14 16:56:57,CM cola Taller,Rocío Cornejo,1234567890,yes,13,122,135,SIP/651
2026-07-14 16:56:06,CM cola Taller,,1234567890,no,1,0,0,
2026-07-14 16:49:02,SF cola Taller,Rocío Cornejo,1234567890,yes,217,149,366,SIP/651
2026-07-14 16:42:38,CM cola Taller,Rocío Cornejo,1234567890,yes,70,404,474,SIP/651
2026-07-14 16:42:02,MPC cola Taller,,1234567890,no,61,0,0,
2026-07-14 16:41:36,CM cola Taller,,1234567890,no,1,0,0,
2026-07-14 16:38:00,SF cola Taller,Rocío Cornejo,1234567890,yes,232,110,342,SIP/651
2026-07-14 16:37:28,MPC cola Taller,,1234567890,no,122,0,0,
2026-07-14 16:24:44,CM cola Taller,Sabrina Mercado,250,yes,216,23,239,SIP/250
2026-07-14 16:23:27,CM cola Taller,,1234567890,no,125,0,0,
2026-07-14 16:21:36,CM cola Taller,Rocío Cornejo,1234567890,yes,377,19,396,SIP/651
2026-07-14 16:14:41,CM cola Taller,,251,no,79,0,0,
2026-07-14 16:13:41,CM cola Taller,,1234567890,no,555,0,0,
2026-07-14 16:12:31,SF cola Taller,,1234567890,no,424,0,0,
2026-07-14 16:12:10,CM cola Taller,,1234567890,no,11,0,0,
2026-07-14 16:10:12,CM cola Taller,,1234567890,no,373,0,0,
2026-07-14 16:09:52,CM cola Taller,,1234567890,no,10,0,0,
2026-07-14 16:07:59,SF cola Taller,,1234567890,no,294,0,0,
2026-07-14 16:07:54,CM cola Taller,,1234567890,no,412,0,0,
2026-07-14 16:07:39,CM cola Taller,Sabrina Mercado,250,yes,108,27,135,SIP/250
2026-07-14 16:07:31,CM cola Taller,,1234567890,no,7,0,0,
2026-07-14 16:02:39,SF cola Taller,,1234567890,no,421,0,0,
2026-07-14 15:58:48,CM cola Taller,Camila Mias,251,yes,468,16,484,SIP/251
2026-07-14 15:58:20,CM cola Taller,,1234567890,no,704,0,0,
2026-07-14 15:57:52,CM cola Taller,,1234567890,no,1,0,0,
2026-07-14 15:57:35,SF cola Taller,,1234567890,no,0,0,0,
2026-07-14 15:57:29,MPC cola Taller,,1234567890,no,249,0,0,
2026-07-14 15:51:54,CM cola Taller,Rocío Cornejo,251,yes,256,48,304,SIP/651
2026-07-14 15:47:41,MPC cola Taller,,1234567890,no,421,0,0,
2026-07-14 15:47:31,MPC cola Taller,,1234567890,no,78,0,0,
2026-07-14 15:42:54,MPC cola Taller,Rocío Cornejo,1234567890,yes,120,110,230,SIP/651
2026-07-14 15:36:24,MPC cola Taller,,1234567890,no,254,0,0,
2026-07-14 15:30:53,CM cola Taller,Rocío Cornejo,1234567890,yes,121,356,477,SIP/651
2026-07-14 15:28:11,CM cola Taller,Rocío Cornejo,1234567890,yes,93,180,273,SIP/651
2026-07-14 15:25:42,CM cola Taller,Sofia Montaño,1234567890,yes,32,514,546,SIP/656
2026-07-14 15:25:08,CM cola Taller,,1234567890,no,2,0,0,
2026-07-14 15:18:28,MPC cola Taller,Agustina Vargas,255,yes,10,19,29,SIP/255
2026-07-14 15:10:53,CM cola Taller,Sofia Montaño,1234567890,yes,20,254,274,SIP/656
2026-07-14 15:09:43,CM cola Taller,,1234567890,no,0,0,0,
2026-07-14 15:05:19,SF cola Taller,Rocío Cornejo,1234567890,yes,61,81,142,SIP/651
2026-07-14 15:03:33,MPC cola Taller,Rocío Cornejo,1234567890,yes,5,154,159,SIP/651
2026-07-14 15:02:38,CM cola Taller,,1234567890,no,4,0,0,
2026-07-14 15:00:45,CM cola Taller,Sofia Montaño,1234567890,yes,11,221,232,SIP/656
2026-07-14 14:53:16,CM cola Taller,Sofia Montaño,1234567890,yes,35,129,164,SIP/656
2026-07-14 14:51:21,CM cola Taller,Rocío Cornejo,1234567890,yes,16,129,145,SIP/651
2026-07-14 14:50:12,CM cola Taller,Sofia Montaño,1234567890,yes,10,193,203,SIP/656
2026-07-14 14:47:47,CM cola Taller,Rocío Cornejo,1234567890,yes,10,127,137,SIP/651
2026-07-14 14:41:06,CM cola Taller,Rocío Cornejo,1234567890,yes,123,194,317,SIP/651
2026-07-14 14:38:25,CM cola Taller,Sabrina Mercado,250,yes,6,21,27,SIP/250
2026-07-14 14:36:47,CM cola Taller,,1234567890,no,2,0,0,
2026-07-14 14:31:17,MPC cola Taller,Sofia Montaño,1234567890,yes,60,267,327,SIP/656
2026-07-14 14:31:10,CM cola Taller,Sabrina Mercado,250,yes,7,28,35,SIP/250
2026-07-14 14:30:42,CM cola Taller,Rocío Cornejo,1234567890,yes,8,212,220,SIP/651
2026-07-14 14:16:27,CM cola Taller,Sofia Montaño,1234567890,yes,11,30,41,SIP/656
2026-07-14 14:13:21,CM cola Taller,Rocío Cornejo,1234567890,yes,11,261,272,SIP/651
2026-07-14 14:11:41,CM cola Taller,Sabrina Mercado,250,yes,24,37,61,SIP/250
2026-07-14 14:08:12,CM cola Taller,Sofia Montaño,1234567890,yes,38,143,181,SIP/656
2026-07-14 14:07:17,CM cola Taller,Camila Mias,251,yes,100,23,123,SIP/251
2026-07-14 14:03:46,SF cola Taller,Rocío Cornejo,1234567890,yes,128,136,264,SIP/651
2026-07-14 14:03:26,CM cola Taller,Rocío Cornejo,1234567890,yes,8,134,142,SIP/651
2026-07-14 14:01:39,CM cola Taller,Sofia Montaño,1234567890,yes,11,244,255,SIP/656
2026-07-14 12:52:45,CM cola Taller,Lucia Sosa,1234567890,yes,15,416,431,SIP/650
2026-07-14 12:52:09,MPC cola Taller,Rocío Cornejo,1234567890,yes,7,35,42,SIP/651
2026-07-14 12:40:19,CM cola Taller,,1234567890,no,1,0,0,
2026-07-14 12:39:17,CM cola Taller,,1234567890,no,0,0,0,
2026-07-14 12:38:45,CM cola Taller,Rocío Cornejo,1234567890,yes,16,197,213,SIP/651
2026-07-14 12:37:46,CM cola Taller,,1234567890,no,2,0,0,
2026-07-14 12:29:18,CM cola Taller,Rocío Cornejo,1234567890,yes,6,491,497,SIP/651
2026-07-14 12:27:32,CM cola Taller,Lucia Sosa,1234567890,yes,13,252,265,SIP/650
2026-07-14 12:23:55,CM cola Taller,Lucia Sosa,1234567890,yes,18,77,95,SIP/650
2026-07-14 12:22:53,CM cola Taller,,1234567890,no,1,0,0,
2026-07-14 12:18:22,MPC cola Taller,Sofia Montaño,1234567890,yes,14,184,198,SIP/656
2026-07-14 12:17:27,CM cola Taller,,1234567890,no,0,0,0,
2026-07-14 12:17:20,CM cola Taller,Rocío Cornejo,1234567890,yes,14,99,113,SIP/651
2026-07-14 12:07:05,CM cola Taller,Sofia Montaño,1234567890,yes,32,470,502,SIP/656
2026-07-14 12:05:16,CM cola Taller,Lucia Sosa,900,yes,25,36,61,SIP/650
2026-07-14 11:59:16,CM cola Taller,Matias Villafane,502,yes,344,11,355,SIP/502
2026-07-14 11:56:58,CM cola Taller,,1234567890,no,129,0,0,
2026-07-14 11:56:27,CM cola Taller,Lucia Sosa,1234567890,yes,238,183,421,SIP/650
2026-07-14 11:55:58,CM cola Taller,Rocío Cornejo,1234567890,yes,315,207,522,SIP/651
2026-07-14 11:55:54,CM cola Taller,Camila Mias,251,yes,13,16,29,SIP/251
2026-07-14 11:55:18,CM cola Taller,,1234567890,no,1,0,0,
2026-07-14 11:39:44,CM cola Taller,Sofia Montaño,1234567890,yes,6,183,189,SIP/656
2026-07-14 11:37:01,CM cola Taller,Martin Jalil,503,yes,7,18,25,SIP/503
2026-07-14 11:36:06,CM cola Taller,,1234567890,no,0,0,0,
2026-07-14 11:34:47,CM cola Taller,,1234567890,no,3,0,0,
2026-07-14 11:34:39,MPC cola Taller,Lucia Sosa,1234567890,yes,14,251,265,SIP/650
2026-07-14 11:31:00,CM cola Taller,Rocío Cornejo,1234567890,yes,14,218,232,SIP/651
2026-07-14 11:23:21,CM cola Taller,Rocío Cornejo,1234567890,yes,12,221,233,SIP/651
2026-07-14 11:18:31,CM cola Taller,,1234567890,no,184,0,0,
2026-07-14 11:17:37,CM cola Taller,Rocío Cornejo,1234567890,yes,170,40,210,SIP/651
2026-07-14 11:16:07,CM cola Taller,Rocío Cornejo,1234567890,yes,78,154,232,SIP/651
2026-07-14 11:14:16,SF cola Taller,Lucia Sosa,1234567890,yes,99,480,579,SIP/650
2026-07-14 11:12:49,CM cola Taller,Rocío Cornejo,1234567890,yes,9,254,263,SIP/651
2026-07-14 11:09:10,CM cola Taller,,1234567890,no,1,0,0,
2026-07-14 11:07:36,CM cola Taller,,1234567890,no,9,0,0,
2026-07-14 11:07:02,CM cola Taller,Sofia Montaño,1234567890,yes,178,140,318,SIP/656
2026-07-14 11:06:06,CM cola Taller,,1234567890,no,2,0,0,
2026-07-14 11:04:55,CM cola Taller,Rocío Cornejo,1234567890,yes,149,157,306,SIP/651
2026-07-14 11:04:11,CM cola Taller,,1234567890,no,1,0,0,
2026-07-14 11:02:31,SF cola Taller,,1234567890,no,423,0,0,
2026-07-14 11:01:51,SF cola Taller,,1234567890,no,73,0,0,
2026-07-14 11:01:34,CM cola Taller,Sofia Montaño,1234567890,yes,114,385,499,SIP/656
2026-07-14 11:00:20,SF cola Taller,Lucia Sosa,1234567890,yes,322,578,900,SIP/650
2026-07-14 10:59:44,CM cola Taller,,1234567890,no,55,0,0,
2026-07-14 10:56:59,CM cola Taller,Lucia Sosa,1234567890,yes,180,325,505,SIP/650
2026-07-14 10:56:57,MPC cola Taller,Sofia Montaño,1234567890,yes,290,68,358,SIP/656
2026-07-14 10:56:41,MPC cola Taller,,1234567890,no,187,0,0,
2026-07-14 10:56:09,CM cola Taller,Sofia Montaño,1234567890,yes,18,316,334,SIP/656
2026-07-14 10:55:47,CM cola Taller,Rocío Cornejo,1234567890,yes,16,387,403,SIP/651
2026-07-14 10:54:08,MPC cola Taller,Rocío Cornejo,1234567890,yes,47,58,105,SIP/651
2026-07-14 10:53:49,MPC cola Taller,,1234567890,no,421,0,0,
2026-07-14 10:52:43,CM cola Taller,Sabrina Mercado,250,yes,5,28,33,SIP/250
2026-07-14 10:48:48,SF cola Taller,,1234567890,no,91,0,0,
2026-07-14 10:47:55,CM cola Taller,Matias Villafane,502,yes,82,256,338,SIP/502
2026-07-14 10:46:40,SF cola Taller,Rocío Cornejo,1234567890,yes,202,148,350,SIP/651
2026-07-14 10:46:18,CM cola Taller,Sofia Montaño,1234567890,yes,76,80,156,SIP/656
2026-07-14 10:46:05,CM cola Taller,,1234567890,no,1,0,0,
2026-07-14 10:44:38,CM cola Taller,,1234567890,no,1,0,0,
2026-07-14 10:44:20,CM cola Taller,Rocío Cornejo,1234567890,yes,117,217,334,SIP/651
2026-07-14 10:43:22,CM cola Taller,Rocío Cornejo,1234567890,yes,7,161,168,SIP/651
2026-07-14 10:42:04,CM cola Taller,Sofia Montaño,1234567890,yes,36,59,95,SIP/656
2026-07-14 10:37:45,CM cola Taller,Rocío Cornejo,1234567890,yes,150,155,305,SIP/651
2026-07-14 10:36:19,CM cola Taller,Martin Jalil,503,yes,6,12,18,SIP/503
2026-07-14 10:26:58,CM cola Taller,Lucia Sosa,1234567890,yes,38,155,193,SIP/650
2026-07-14 10:25:18,MPC cola Taller,Rocío Cornejo,1234567890,yes,92,192,284,SIP/651
2026-07-14 10:24:46,CM cola Taller,Matias Villafane,502,yes,8,17,25,SIP/502
2026-07-14 10:22:20,CM cola Taller,Lucia Sosa,1234567890,yes,26,227,253,SIP/650
2026-07-14 10:18:56,CM cola Taller,Rocío Cornejo,1234567890,yes,17,202,219,SIP/651
2026-07-14 10:18:13,CM cola Taller,,1234567890,no,0,0,0,
2026-07-14 10:16:40,CM cola Taller,Sofia Montaño,1234567890,yes,59,402,461,SIP/656
2026-07-14 10:16:07,CM cola Taller,Sabrina Mercado,250,yes,17,21,38,SIP/250
2026-07-14 10:15:57,CM cola Taller,,1234567890,no,1,0,0,
2026-07-14 10:14:07,CM cola Taller,Sabrina Mercado,250,yes,32,31,63,SIP/250
2026-07-14 10:12:00,MPC cola Taller,Sofia Montaño,1234567890,yes,21,285,306,SIP/656
2026-07-14 10:11:50,CM cola Taller,,1234567890,no,19,0,0,
2026-07-14 10:10:56,CM cola Taller,Lucia Sosa,1234567890,yes,6,275,281,SIP/650
2026-07-14 10:10:37,CM cola Taller,Rocío Cornejo,1234567890,yes,5,225,230,SIP/651
2026-07-14 10:09:41,CM cola Taller,,1234567890,no,1,0,0,
2026-07-14 10:07:43,CM cola Taller,,1234567890,no,1,0,0,
2026-07-14 10:05:40,CM cola Taller,Sofia Montaño,1234567890,yes,103,288,391,SIP/656
2026-07-14 10:03:27,CM cola Taller,,1234567890,no,1,0,0,
2026-07-14 10:03:20,CM cola Taller,Rocío Cornejo,1234567890,yes,108,130,238,SIP/651
2026-07-14 10:02:27,CM cola Taller,Lucia Sosa,1234567890,yes,172,217,389,SIP/650
2026-07-14 10:01:23,MPC cola Taller,Rocío Cornejo,1234567890,yes,72,134,206,SIP/651
2026-07-14 10:00:57,CM cola Taller,,1234567890,no,1,0,0,
2026-07-14 09:58:47,CM cola Taller,Sofia Montaño,1234567890,yes,22,480,502,SIP/656
2026-07-14 09:58:15,MPC cola Taller,Rocío Cornejo,1234567890,yes,35,191,226,SIP/651
2026-07-14 09:55:32,CM cola Taller,Lucia Sosa,1234567890,yes,21,187,208,SIP/650
2026-07-14 09:54:48,CM cola Taller,,1234567890,no,0,0,0,
2026-07-14 09:52:25,CM cola Taller,Lucia Sosa,1234567890,yes,8,159,167,SIP/650
2026-07-14 09:44:49,MPC cola Taller,Rocío Cornejo,1234567890,yes,121,591,712,SIP/651
2026-07-14 09:42:09,CM cola Taller,Rocío Cornejo,1234567890,yes,159,103,262,SIP/651
2026-07-14 09:38:06,SF cola Taller,Lucia Sosa,1234567890,yes,339,234,573,SIP/650
2026-07-14 09:37:04,CM cola Taller,Rocío Cornejo,1234567890,yes,235,220,455,SIP/651
2026-07-14 09:35:02,CM cola Taller,,1234567890,no,1,0,0,
2026-07-14 09:34:23,CM cola Taller,Lucia Sosa,1234567890,yes,328,201,529,SIP/650
2026-07-14 09:33:04,CM cola Taller,Lucia Sosa,1234567890,yes,57,261,318,SIP/650
2026-07-14 09:32:27,CM cola Taller,,1234567890,no,0,0,0,
2026-07-14 09:29:04,SF cola Taller,Lucia Sosa,1234567890,yes,23,245,268,SIP/650
2026-07-14 09:27:40,MPC cola Taller,Rocío Cornejo,1234567890,yes,198,593,791,SIP/651
2026-07-14 09:27:35,MPC cola Taller,Agustina Vargas,255,yes,20,20,40,SIP/255
2026-07-14 09:24:36,CM cola Taller,Rocío Cornejo,1234567890,yes,55,323,378,SIP/651
2026-07-14 09:24:21,MPC cola Taller,Lucia Sosa,1234567890,yes,39,137,176,SIP/650
2026-07-14 09:23:47,CM cola Taller,Lucia Sosa,1234567890,yes,9,42,51,SIP/650
2026-07-14 09:20:19,CM cola Taller,Rocío Cornejo,1234567890,yes,11,269,280,SIP/651
2026-07-14 09:19:00,CM cola Taller,Rocío Cornejo,1234567890,yes,11,49,60,SIP/651
2026-07-14 09:14:06,SF cola Taller,Rocío Cornejo,1234567890,yes,4,31,35,SIP/651
2026-07-14 09:11:34,MPC cola Taller,Rocío Cornejo,1234567890,yes,7,55,62,SIP/651
2026-07-14 09:10:10,SF cola Taller,,1234567890,no,0,0,0,
2026-07-14 09:08:03,CM cola Taller,Rocío Cornejo,1234567890,yes,33,89,122,SIP/651
2026-07-14 09:07:32,CM cola Taller,,1234567890,no,1,0,0,
2026-07-14 09:06:58,CM cola Taller,,1234567890,no,2,0,0,
2026-07-14 09:06:14,CM cola Taller,Lucia Sosa,1234567890,yes,34,230,264,SIP/650
2026-07-14 09:00:29,CM cola Taller,Rocío Cornejo,1234567890,yes,5,180,185,SIP/651
2026-07-14 08:57:58,MPC cola Taller,Agustina Vargas,255,yes,156,36,192,SIP/255
2026-07-14 08:51:25,CM cola Taller,Rocío Cornejo,1234567890,yes,102,52,154,SIP/651
2026-07-14 08:51:07,MPC cola Taller,Rocío Cornejo,1234567890,yes,176,157,333,SIP/651
2026-07-14 08:50:22,SF cola Taller,Lucia Sosa,1234567890,yes,50,506,556,SIP/650
2026-07-14 08:44:07,CM cola Taller,Lucia Sosa,1234567890,yes,20,145,165,SIP/650
2026-07-14 08:37:30,CM cola Taller,Rocío Cornejo,1234567890,yes,17,155,172,SIP/651
2026-07-14 08:35:53,CM cola Taller,Lucia Sosa,1234567890,yes,10,61,71,SIP/650
2026-07-14 08:35:11,CM cola Taller,,1234567890,no,1,0,0,
2026-07-14 08:20:15,CM cola Taller,Rocío Cornejo,1234567890,yes,8,84,92,SIP/651
2026-07-14 08:11:37,CM cola Taller,Lucia Sosa,1234567890,yes,9,185,194,SIP/650
2026-07-13 17:48:45,CM cola Taller,,1234567890,no,305,0,0,
2026-07-13 17:47:27,CM cola Taller,,1234567890,no,0,0,0,
2026-07-13 17:30:45,CM cola Taller,,1234567890,no,630,0,0,
2026-07-13 17:16:19,CM cola Taller,,1234567890,no,4,0,0,
2026-07-13 17:14:28,CM cola Taller,,1234567890,no,289,0,0,
2026-07-13 17:11:14,CM cola Taller,,1234567890,no,1,0,0,
2026-07-13 17:04:31,CM cola Taller,,1234567890,no,159,0,0,
2026-07-13 16:59:36,MPC cola Taller,,1234567890,no,142,0,0,
2026-07-13 16:51:51,CM cola Taller,,1234567890,no,522,0,0,
2026-07-13 16:51:48,CM cola Taller,,1234567890,no,116,0,0,
2026-07-13 16:49:14,CM cola Taller,,1234567890,no,98,0,0,
2026-07-13 16:45:08,CM cola Taller,,1234567890,no,191,0,0,
2026-07-13 16:37:49,SF cola Taller,,1234567890,no,74,0,0,
2026-07-13 16:31:00,CM cola Taller,,1234567890,no,841,0,0,
2026-07-13 16:29:56,CM cola Taller,,1234567890,no,0,0,0,
2026-07-13 16:28:14,CM cola Taller,Tania Bazan,1234567890,yes,279,38,317,SIP/659
2026-07-13 16:25:23,CM cola Taller,Tania Bazan,1234567890,yes,9,163,172,SIP/659
2026-07-13 16:23:57,CM cola Taller,,1234567890,no,1,0,0,
2026-07-13 16:22:06,CM cola Taller,Rocío Cornejo,1234567890,yes,79,1,80,SIP/651
2026-07-13 16:21:12,CM cola Taller,,1234567890,no,31,0,0,
2026-07-13 16:15:20,CM cola Taller,,1234567890,no,132,0,0,
2026-07-13 16:13:17,CM cola Taller,Tania Bazan,1234567890,yes,318,107,425,SIP/659
2026-07-13 16:12:49,CM cola Taller,Tania Bazan,1234567890,yes,69,204,273,SIP/659
2026-07-13 16:12:22,CM cola Taller,Rocío Cornejo,1234567890,yes,38,220,258,SIP/651
2026-07-13 16:01:25,CM cola Taller,Sabrina Mercado,250,yes,36,35,71,SIP/250
2026-07-13 15:51:20,MPC cola Taller,Sofia Montaño,1234567890,yes,9,224,233,SIP/656
2026-07-13 15:46:16,CM cola Taller,Rocío Cornejo,1234567890,yes,69,128,197,SIP/651
2026-07-13 15:44:30,CM cola Taller,Tania Bazan,1234567890,yes,46,652,698,SIP/659
2026-07-13 15:42:44,MPC cola Taller,Rocío Cornejo,1234567890,yes,129,127,256,SIP/651
2026-07-13 15:38:15,MPC cola Taller,Tania Bazan,1234567890,yes,248,133,381,SIP/659
2026-07-13 15:37:35,CM cola Taller,,1234567890,no,19,0,0,
2026-07-13 15:36:26,CM cola Taller,Sofia Montaño,1234567890,yes,337,90,427,SIP/656
2026-07-13 15:35:27,CM cola Taller,Sofia Montaño,1234567890,yes,207,160,367,SIP/656
2026-07-13 15:32:01,CM cola Taller,Sofia Montaño,1234567890,yes,724,260,984,SIP/656
2026-07-13 15:31:57,CM cola Taller,Sofia Montaño,1234567890,yes,6,344,350,SIP/656
2026-07-13 15:31:44,CM cola Taller,Camila Mias,251,yes,6,22,28,SIP/251
2026-07-13 15:31:34,CM cola Taller,Sofia Montaño,1234567890,yes,11,7,18,SIP/656
2026-07-13 15:29:55,CM cola Taller,Sofia Montaño,1234567890,yes,17,25,42,SIP/656
2026-07-13 15:27:58,CM cola Taller,Tania Bazan,1234567890,yes,6,111,117,SIP/659
2026-07-13 15:26:52,CM cola Taller,,1234567890,no,1,0,0,
2026-07-13 15:16:39,CM cola Taller,,1234567890,no,1,0,0,
2026-07-13 15:09:23,CM cola Taller,Sofia Montaño,1234567890,yes,11,45,56,SIP/656
2026-07-13 15:08:32,CM cola Taller,Tania Bazan,1234567890,yes,7,385,392,SIP/659
2026-07-13 15:07:40,CM cola Taller,Rocío Cornejo,1234567890,yes,13,813,826,SIP/651
2026-07-13 15:03:51,CM cola Taller,Tania Bazan,1234567890,yes,3,128,131,SIP/659
2026-07-13 15:02:14,CM cola Taller,Rocío Cornejo,1234567890,yes,12,210,222,SIP/651
2026-07-13 15:02:09,CM cola Taller,Sofia Montaño,1234567890,yes,11,131,142,SIP/656
2026-07-13 15:01:13,CM cola Taller,,1234567890,no,0,0,0,
2026-07-13 14:54:24,CM cola Taller,Rocío Cornejo,1234567890,yes,33,77,110,SIP/651
2026-07-13 14:54:04,CM cola Taller,Sofia Montaño,1234567890,yes,47,122,169,SIP/656
2026-07-13 14:52:22,CM cola Taller,Tania Bazan,1234567890,yes,26,243,269,SIP/659
2026-07-13 14:48:19,CM cola Taller,,1234567890,no,1,0,0,
2026-07-13 14:45:32,CM cola Taller,Tania Bazan,1234567890,yes,5,43,48,SIP/659
2026-07-13 14:43:58,SF cola Taller,Sofia Montaño,1234567890,yes,4,218,222,SIP/656
2026-07-13 14:42:06,SF cola Taller,,1234567890,no,52,0,0,
2026-07-13 14:40:04,CM cola Taller,Sabrina Mercado,250,yes,123,76,199,SIP/250
2026-07-13 14:37:32,MPC cola Taller,Rocío Cornejo,1234567890,yes,81,142,223,SIP/651
2026-07-13 14:37:18,CM cola Taller,,1234567890,no,1,0,0,
2026-07-13 14:36:54,CM cola Taller,,1234567890,no,2,0,0,
2026-07-13 14:35:34,CM cola Taller,Sofia Montaño,1234567890,yes,5,436,441,SIP/656
2026-07-13 14:34:00,CM cola Taller,Rocío Cornejo,1234567890,yes,180,32,212,SIP/651
2026-07-13 14:29:55,CM cola Taller,Rocío Cornejo,1234567890,yes,55,82,137,SIP/651
2026-07-13 14:29:01,CM cola Taller,,1234567890,no,2,0,0,
2026-07-13 14:26:39,CM cola Taller,Rocío Cornejo,1234567890,yes,7,134,141,SIP/651
2026-07-13 14:25:50,CM cola Taller,,1234567890,no,1,0,0,
2026-07-13 14:24:28,CM cola Taller,Sofia Montaño,1234567890,yes,5,336,341,SIP/656
2026-07-13 14:18:20,CM cola Taller,Tania Bazan,1234567890,yes,165,255,420,SIP/659
2026-07-13 14:18:12,CM cola Taller,Rocío Cornejo,1234567890,yes,101,95,196,SIP/651
2026-07-13 14:16:37,CM cola Taller,Tania Bazan,251,yes,11,1,12,SIP/659
2026-07-13 14:05:19,CM cola Taller,Rocío Cornejo,1234567890,yes,20,116,136,SIP/651
2026-07-13 14:03:15,MPC cola Taller,Tania Bazan,1234567890,yes,9,483,492,SIP/659
2026-07-13 12:57:13,CM cola Taller,Tania Bazan,1234567890,yes,163,106,269,SIP/659
2026-07-13 12:57:04,CM cola Taller,,1234567890,no,93,0,0,
2026-07-13 12:53:52,CM cola Taller,Camila Mias,251,yes,928,13,941,SIP/251
2026-07-13 12:51:33,SF cola Taller,Sofia Montaño,1234567890,yes,20,630,650,SIP/656
2026-07-13 12:47:19,SF cola Taller,Sofia Montaño,1234567890,yes,77,75,152,SIP/656
2026-07-13 12:45:52,SF cola Taller,,1234567890,no,2,0,0,
2026-07-13 12:41:43,CM cola Taller,Rocío Cornejo,1234567890,yes,15,246,261,SIP/651
2026-07-13 12:40:29,CM cola Taller,Sofia Montaño,1234567890,yes,10,130,140,SIP/656
2026-07-13 12:37:36,CM cola Taller,Tania Bazan,1234567890,yes,29,162,191,SIP/659
2026-07-13 12:35:56,CM cola Taller,Sabrina Mercado,250,yes,12,27,39,SIP/250
2026-07-13 12:25:26,CM cola Taller,Rocío Cornejo,1234567890,yes,8,166,174,SIP/651
2026-07-13 12:23:30,CM cola Taller,Tania Bazan,1234567890,yes,17,247,264,SIP/659
2026-07-13 12:22:32,CM cola Taller,,1234567890,no,1,0,0,
2026-07-13 12:18:18,CM cola Taller,Sofia Montaño,1234567890,yes,5,134,139,SIP/656
2026-07-13 12:14:20,CM cola Taller,,1234567890,no,213,0,0,
2026-07-13 12:12:53,CM cola Taller,,1234567890,no,1,0,0,
2026-07-13 12:12:45,CM cola Taller,Tania Bazan,1234567890,yes,79,288,367,SIP/659
2026-07-13 12:11:44,CM cola Taller,,1234567890,no,0,0,0,
2026-07-13 12:08:55,CM cola Taller,Rocío Cornejo,1234567890,yes,11,131,142,SIP/651
2026-07-13 12:08:50,CM cola Taller,Sofia Montaño,1234567890,yes,10,475,485,SIP/656
2026-07-13 12:07:51,CM cola Taller,,1234567890,no,1,0,0,
2026-07-13 12:07:07,CM cola Taller,,1234567890,no,1,0,0,
2026-07-13 12:00:24,CM cola Taller,Sabrina Mercado,250,yes,81,30,111,SIP/250
2026-07-13 11:58:51,CM cola Taller,Tania Bazan,1234567890,yes,413,429,842,SIP/659
2026-07-13 11:58:39,CM cola Taller,,1234567890,no,2,0,0,
2026-07-13 11:58:10,CM cola Taller,Sofia Montaño,1234567890,yes,151,163,314,SIP/656
2026-07-13 11:56:06,CM cola Taller,,1234567890,no,0,0,0,
2026-07-13 11:53:45,CM cola Taller,Sofia Montaño,1234567890,yes,233,163,396,SIP/656
2026-07-13 11:53:05,CM cola Taller,Tania Bazan,1234567890,yes,270,238,508,SIP/659
2026-07-13 11:52:52,CM cola Taller,,1234567890,no,2,0,0,
2026-07-13 11:52:41,CM cola Taller,Rocío Cornejo,1234567890,yes,239,156,395,SIP/651
2026-07-13 11:51:42,CM cola Taller,Sofia Montaño,1234567890,yes,340,8,348,SIP/656
2026-07-13 11:50:56,CM cola Taller,Camila Mias,251,yes,235,11,246,SIP/251
2026-07-13 11:49:51,CM cola Taller,Rocío Cornejo,1234567890,yes,242,159,401,SIP/651
2026-07-13 11:48:29,CM cola Taller,Matias Villafane,502,yes,132,28,160,SIP/502
2026-07-13 11:47:35,CM cola Taller,,1234567890,no,248,0,0,
2026-07-13 11:46:08,CM cola Taller,Sofia Montaño,1234567890,yes,279,235,514,SIP/656
2026-07-13 11:45:58,MPC cola Taller,Rocío Cornejo,1234567890,yes,59,366,425,SIP/651
2026-07-13 11:45:35,CM cola Taller,Tania Bazan,1234567890,yes,466,144,610,SIP/659
2026-07-13 11:44:07,CM cola Taller,,1234567890,no,53,0,0,
2026-07-13 11:42:15,CM cola Taller,,1234567890,no,424,0,0,
2026-07-13 11:41:12,CM cola Taller,,1234567890,no,192,0,0,
2026-07-13 11:40:56,CM cola Taller,Tania Bazan,1234567890,yes,242,183,425,SIP/659
2026-07-13 11:40:23,CM cola Taller,Sofia Montaño,1234567890,yes,222,364,586,SIP/656
2026-07-13 11:40:10,CM cola Taller,,1234567890,no,0,0,0,
2026-07-13 11:39:20,CM cola Taller,,1234567890,no,5,0,0,
2026-07-13 11:39:17,CM cola Taller,,1234567890,no,162,0,0,
2026-07-13 11:39:16,MPC cola Taller,,1234567890,no,297,0,0,
2026-07-13 11:36:24,CM cola Taller,Sofia Montaño,1234567890,yes,170,281,451,SIP/656
2026-07-13 11:35:46,CM cola Taller,,1234567890,no,146,0,0,
2026-07-13 11:34:36,CM cola Taller,Rocío Cornejo,1234567890,yes,193,416,609,SIP/651
2026-07-13 11:31:45,CM cola Taller,Sofia Montaño,1234567890,yes,295,138,433,SIP/656
2026-07-13 11:30:14,MPC cola Taller,Rocío Cornejo,1234567890,yes,11,400,411,SIP/651
2026-07-13 11:30:14,SF cola Taller,Sofia Montaño,1234567890,yes,4,219,223,SIP/656
2026-07-13 11:29:43,CM cola Taller,,1234567890,no,133,0,0,
2026-07-13 11:28:11,CM cola Taller,Rocío Cornejo,1234567890,yes,42,75,117,SIP/651
2026-07-13 11:27:09,CM cola Taller,Sofia Montaño,1234567890,yes,19,150,169,SIP/656
2026-07-13 11:25:57,CM cola Taller,,1234567890,no,1,0,0,
2026-07-13 11:22:20,CM cola Taller,Tania Bazan,1234567890,yes,8,174,182,SIP/659
2026-07-13 11:21:37,CM cola Taller,,1234567890,no,3,0,0,
2026-07-13 11:11:25,MPC cola Taller,Tania Bazan,1234567890,yes,105,170,275,SIP/659
2026-07-13 11:09:49,SF cola Taller,Sofia Montaño,1234567890,yes,56,325,381,SIP/656
2026-07-13 11:09:19,CM cola Taller,Rocío Cornejo,1234567890,yes,120,260,380,SIP/651
2026-07-13 11:08:40,MPC cola Taller,Rocío Cornejo,1234567890,yes,26,122,148,SIP/651
2026-07-13 11:08:29,CM cola Taller,,1234567890,no,2,0,0,
2026-07-13 11:08:20,MPC cola Taller,Tania Bazan,1234567890,yes,13,271,284,SIP/659
2026-07-13 11:07:39,CM cola Taller,Sabrina Mercado,250,yes,30,21,51,SIP/250
2026-07-13 11:01:18,CM cola Taller,Tania Bazan,1234567890,yes,11,226,237,SIP/659
2026-07-13 11:00:25,CM cola Taller,,1234567890,no,2,0,0,
2026-07-13 10:58:43,CM cola Taller,Sofia Montaño,1234567890,yes,78,117,195,SIP/656
2026-07-13 10:58:14,CM cola Taller,Rocío Cornejo,1234567890,yes,31,91,122,SIP/651
2026-07-13 10:53:59,CM cola Taller,Tania Bazan,1234567890,yes,5,159,164,SIP/659
2026-07-13 10:53:38,CM cola Taller,Camila Mias,251,yes,18,30,48,SIP/251
2026-07-13 10:52:59,CM cola Taller,Sofia Montaño,1234567890,yes,13,238,251,SIP/656
2026-07-13 10:52:32,CM cola Taller,,1234567890,no,1,0,0,
2026-07-13 10:49:06,CM cola Taller,Sofia Montaño,251,yes,10,2,12,SIP/656
2026-07-13 10:47:06,CM cola Taller,,1234567890,no,0,0,0,
2026-07-13 10:45:59,CM cola Taller,,1234567890,no,1,0,0,
2026-07-13 10:45:44,MPC cola Taller,Rocío Cornejo,1234567890,yes,32,73,105,SIP/651
2026-07-13 10:44:47,CM cola Taller,Sofia Montaño,1234567890,yes,71,48,119,SIP/656
2026-07-13 10:44:43,CM cola Taller,Rocío Cornejo,1234567890,yes,50,27,77,SIP/651
2026-07-13 10:38:03,CM cola Taller,Rocío Cornejo,1234567890,yes,78,299,377,SIP/651
2026-07-13 10:37:07,CM cola Taller,,1234567890,no,0,0,0,
2026-07-13 10:36:56,CM cola Taller,Tania Bazan,Anonymous,yes,6,222,228,SIP/659
2026-07-13 10:33:08,CM cola Taller,Camila Mias,251,yes,19,36,55,SIP/251
2026-07-13 10:27:39,MPC cola Taller,Tania Bazan,1234567890,yes,8,293,301,SIP/659
2026-07-13 10:24:07,CM cola Taller,,1234567890,no,0,0,0,
2026-07-13 10:23:25,CM cola Taller,Sofia Montaño,1234567890,yes,86,229,315,SIP/656
2026-07-13 10:22:26,CM cola Taller,,1234567890,no,1,0,0,
2026-07-13 10:21:45,CM cola Taller,Rocío Cornejo,1234567890,yes,61,107,168,SIP/651
2026-07-13 10:19:05,MPC cola Taller,Rocío Cornejo,1234567890,yes,24,50,74,SIP/651
2026-07-13 10:18:05,CM cola Taller,,1234567890,no,1,0,0,
2026-07-13 10:14:47,CM cola Taller,,1234567890,no,20,0,0,
2026-07-13 10:14:14,MPC cola Taller,Sofia Montaño,1234567890,yes,30,543,573,SIP/656
2026-07-13 10:13:11,CM cola Taller,,1234567890,no,163,0,0,
2026-07-13 10:12:28,CM cola Taller,,1234567890,no,1,0,0,
2026-07-13 10:11:59,CM cola Taller,Sabrina Mercado,250,yes,181,24,205,SIP/250
2026-07-13 10:11:31,CM cola Taller,,1234567890,no,2,0,0,
2026-07-13 10:11:15,CM cola Taller,,1234567890,no,337,0,0,
2026-07-13 10:10:28,CM cola Taller,,1234567890,no,2,0,0,
2026-07-13 10:08:26,CM cola Taller,Tania Bazan,1234567890,yes,248,300,548,SIP/659
2026-07-13 10:07:26,CM cola Taller,Tania Bazan,1234567890,yes,138,159,297,SIP/659
2026-07-13 10:06:43,CM cola Taller,Rocío Cornejo,1234567890,yes,122,398,520,SIP/651
2026-07-13 10:06:42,CM cola Taller,,1234567890,no,0,0,0,
2026-07-13 10:03:01,CM cola Taller,Sofia Montaño,1234567890,yes,341,352,693,SIP/656
2026-07-13 10:02:14,CM cola Taller,,1234567890,no,1,0,0,
2026-07-13 10:01:30,CM cola Taller,Sabrina Mercado,250,yes,422,24,446,SIP/250
2026-07-13 10:00:53,SF cola Taller,Tania Bazan,1234567890,yes,79,151,230,SIP/659
2026-07-13 09:58:39,CM cola Taller,Tania Bazan,1234567890,yes,453,131,584,SIP/659
2026-07-13 09:57:58,CM cola Taller,,1234567890,no,140,0,0,
2026-07-13 09:57:38,MPC cola Taller,Tania Bazan,1234567890,yes,71,193,264,SIP/659
2026-07-13 09:57:23,CM cola Taller,Sofia Montaño,1234567890,yes,461,206,667,SIP/656
2026-07-13 09:57:07,MPC cola Taller,Sofia Montaño,1234567890,yes,249,206,455,SIP/656
2026-07-13 09:55:38,CM cola Taller,,1234567890,no,547,0,0,
2026-07-13 09:55:17,SF cola Taller,Tania Bazan,1234567890,yes,69,137,206,SIP/659
2026-07-13 09:54:05,CM cola Taller,,1234567890,no,131,0,0,
2026-07-13 09:53:29,CM cola Taller,,1234567890,no,203,0,0,
2026-07-13 09:53:08,CM cola Taller,,1234567890,no,1,0,0,
2026-07-13 09:52:53,SF cola Taller,,1234567890,no,422,0,0,
2026-07-13 09:52:13,CM cola Taller,,1234567890,no,364,0,0,
2026-07-13 09:49:47,MPC cola Taller,,1234567890,no,262,0,0,
2026-07-13 09:49:37,SF cola Taller,Tania Bazan,1234567890,yes,233,0,233,SIP/659
2026-07-13 09:49:05,CM cola Taller,,1234567890,no,113,0,0,
2026-07-13 09:48:01,MPC cola Taller,,1234567890,no,423,0,0,
2026-07-13 09:47:54,CM cola Taller,,1234567890,no,3,0,0,
2026-07-13 09:45:13,CM cola Taller,,1234567890,no,119,0,0,
2026-07-13 09:44:18,CM cola Taller,,1234567890,no,390,0,0,
2026-07-13 09:40:10,CM cola Taller,,1234567890,no,338,0,0,
2026-07-13 09:39:52,CM cola Taller,Rocío Cornejo,1234567890,yes,1493,222,1715,SIP/651
2026-07-13 09:38:13,CM cola Taller,,1234567890,no,329,0,0,
2026-07-13 09:35:27,CM cola Taller,Rocío Cornejo,1234567890,yes,650,625,1275,SIP/651
2026-07-13 09:34:29,CM cola Taller,,1234567890,no,0,0,0,
2026-07-13 09:32:49,CM cola Taller,Rocío Cornejo,1234567890,yes,613,155,768,SIP/651
2026-07-13 09:32:40,CM cola Taller,Rocío Cornejo,1234567890,yes,314,147,461,SIP/651
2026-07-13 09:32:05,MPC cola Taller,Rocío Cornejo,1234567890,yes,44,131,175,SIP/651
2026-07-13 09:32:01,CM cola Taller,Rocío Cornejo,1234567890,yes,223,48,271,SIP/651
2026-07-13 09:31:45,CM cola Taller,,1234567890,no,1,0,0,
2026-07-13 09:31:37,CM cola Taller,,1234567890,no,3,0,0,
2026-07-13 09:31:02,MPC cola Taller,Tania Bazan,1234567890,yes,13,151,164,SIP/659
2026-07-13 09:30:56,CM cola Taller,,1234567890,no,0,0,0,
2026-07-13 09:28:34,CM cola Taller,,1234567890,no,45,0,0,
2026-07-13 09:25:58,CM cola Taller,,1234567890,no,83,0,0,
2026-07-13 09:25:49,CM cola Taller,Tania Bazan,1234567890,yes,484,428,912,SIP/659
2026-07-13 09:24:51,CM cola Taller,,1234567890,no,0,0,0,
2026-07-13 09:24:51,CM cola Taller,,1234567890,no,0,0,0,
2026-07-13 09:23:41,CM cola Taller,,1234567890,no,1,0,0,
2026-07-13 09:22:53,CM cola Taller,Camila Mias,1234567890,yes,246,44,290,SIP/251
2026-07-13 09:21:40,CM cola Taller,Rocío Cornejo,1234567890,yes,106,200,306,SIP/651
2026-07-13 09:21:07,CM cola Taller,,1234567890,no,17,0,0,
2026-07-13 09:20:39,CM cola Taller,Rocío Cornejo,1234567890,yes,20,129,149,SIP/651
2026-07-13 09:20:36,CM cola Taller,,1234567890,no,1,0,0,
2026-07-13 09:19:31,CM cola Taller,,1234567890,no,5,0,0,
2026-07-13 09:15:05,CM cola Taller,,1234567890,no,0,0,0,
2026-07-13 09:14:09,CM cola Taller,Tania Bazan,1234567890,yes,126,338,464,SIP/659
2026-07-13 09:13:07,CM cola Taller,,1234567890,no,0,0,0,
2026-07-13 09:12:36,CM cola Taller,Tania Bazan,1234567890,yes,116,93,209,SIP/659
2026-07-13 09:11:53,CM cola Taller,,1234567890,no,1,0,0,
2026-07-13 09:10:34,CM cola Taller,,1234567890,no,231,0,0,
2026-07-13 09:09:44,CM cola Taller,,1234567890,no,0,0,0,
2026-07-13 09:08:56,CM cola Taller,Rocío Cornejo,1234567890,yes,280,163,443,SIP/651
2026-07-13 09:05:55,CM cola Taller,Sabrina Mercado,250,yes,230,35,265,SIP/250
2026-07-13 09:04:39,CM cola Taller,,1234567890,no,239,0,0,
2026-07-13 09:04:02,CM cola Taller,,1234567890,no,137,0,0,
2026-07-13 09:03:40,CM cola Taller,,1234567890,no,16,0,0,
2026-07-13 09:03:01,CM cola Taller,,1234567890,no,2,0,0,
2026-07-13 09:02:35,CM cola Taller,Tania Bazan,1234567890,yes,256,166,422,SIP/659
2026-07-13 09:02:34,CM cola Taller,Tania Bazan,1234567890,yes,89,155,244,SIP/659
2026-07-13 09:02:32,CM cola Taller,,1234567890,no,101,0,0,
2026-07-13 09:02:19,CM cola Taller,,1234567890,no,2,0,0,
2026-07-13 08:57:57,CM cola Taller,Tania Bazan,1234567890,yes,155,197,352,SIP/659
2026-07-13 08:57:47,CM cola Taller,,1234567890,no,12,0,0,
2026-07-13 08:55:26,CM cola Taller,Tania Bazan,1234567890,yes,9,262,271,SIP/659
2026-07-13 08:50:36,CM cola Taller,,1234567890,no,115,0,0,
2026-07-13 08:49:58,CM cola Taller,,1234567890,no,235,0,0,
2026-07-13 08:49:21,CM cola Taller,Tania Bazan,1234567890,yes,9,302,311,SIP/659
2026-07-13 08:44:50,SF cola Taller,Tania Bazan,1234567890,yes,17,191,208,SIP/659
2026-07-13 08:43:40,SF cola Taller,,1234567890,no,0,0,0,
2026-07-13 08:41:29,CM cola Taller,Rocío Cornejo,1234567890,yes,109,627,736,SIP/651
2026-07-13 08:39:21,CM cola Taller,Camila Mias,251,yes,32,25,57,SIP/251
2026-07-13 08:36:49,CM cola Taller,Rocío Cornejo,1234567890,yes,15,342,357,SIP/651
2026-07-13 08:35:46,CM cola Taller,,1234567890,no,1,0,0,
2026-07-13 08:26:46,CM cola Taller,Tania Bazan,1234567890,yes,9,166,175,SIP/659
2026-07-13 08:25:11,SF cola Taller,Rocío Cornejo,Anonymous,yes,10,259,269,SIP/651
2026-07-13 08:19:12,CM cola Taller,Tania Bazan,1234567890,yes,21,99,120,SIP/659
2026-07-13 08:10:58,CM cola Taller,Rocío Cornejo,1234567890,yes,5,50,55,SIP/651
2026-07-13 08:09:52,CM cola Taller,Tania Bazan,1234567890,yes,7,79,86,SIP/659
2026-07-13 08:06:21,SF cola Taller,Rocío Cornejo,1234567890,yes,5,119,124,SIP/651
2026-07-13 08:02:56,CM cola Taller,Tania Bazan,1234567890,yes,78,60,138,SIP/659
2026-07-11 10:03:58,CM cola Taller,,1234567890,no,314,0,0,
2026-07-10 17:56:49,CM cola Taller,,1234567890,no,864,0,0,
2026-07-10 17:44:59,CM cola Taller,,1234567890,no,589,0,0,
2026-07-10 17:25:15,CM cola Taller,,1234567890,no,1,0,0,
2026-07-10 17:06:52,CM cola Taller,,1234567890,no,547,0,0,
2026-07-10 17:03:47,CM cola Taller,,1234567890,no,613,0,0,
2026-07-10 16:37:04,MPC cola Taller,Alma Cordoba,1234567890,yes,9,123,132,SIP/655
2026-07-10 16:27:05,CM cola Taller,,1234567890,no,140,0,0,
2026-07-10 16:17:54,CM cola Taller,Rocío Cornejo,1234567890,yes,262,83,345,SIP/651
2026-07-10 16:16:35,CM cola Taller,,1234567890,no,1,0,0,
2026-07-10 16:16:25,CM cola Taller,Alma Cordoba,1234567890,yes,25,386,411,SIP/655
2026-07-10 16:15:46,CM cola Taller,,1234567890,no,2,0,0,
2026-07-10 16:11:08,SF cola Taller,,1234567890,no,189,0,0,
2026-07-10 16:09:39,SF cola Taller,,1234567890,no,35,0,0,
2026-07-10 16:05:13,CM cola Taller,Alma Cordoba,1234567890,yes,201,428,629,SIP/655
2026-07-10 16:05:10,CM cola Taller,Rocío Cornejo,1234567890,yes,10,497,507,SIP/651
2026-07-10 16:03:40,CM cola Taller,Rocío Cornejo,1234567890,yes,35,43,78,SIP/651
2026-07-10 16:02:00,CM cola Taller,Alma Cordoba,1234567890,yes,30,338,368,SIP/655
2026-07-10 15:48:48,MPC cola Taller,Alma Cordoba,1234567890,yes,12,116,128,SIP/655
2026-07-10 15:42:46,MPC cola Taller,Agustina Vargas,255,yes,74,31,105,SIP/255
2026-07-10 15:40:36,CM cola Taller,Sofia Montaño,499,yes,10,153,163,SIP/656
2026-07-10 15:39:23,CM cola Taller,,1234567890,no,1,0,0,
2026-07-10 15:35:37,CM cola Taller,Sofia Montaño,1234567890,yes,29,153,182,SIP/656
2026-07-10 15:34:58,CM cola Taller,Alma Cordoba,1234567890,yes,13,110,123,SIP/655
2026-07-10 15:33:18,MPC cola Taller,Rocío Cornejo,1234567890,yes,30,136,166,SIP/651
2026-07-10 15:31:13,CM cola Taller,Rocío Cornejo,1234567890,yes,7,59,66,SIP/651
2026-07-10 15:27:15,CM cola Taller,Sofia Montaño,1234567890,yes,9,177,186,SIP/656
2026-07-10 15:14:06,CM cola Taller,Alma Cordoba,1234567890,yes,21,194,215,SIP/655
2026-07-10 15:10:20,MPC cola Taller,Sofia Montaño,1234567890,yes,75,109,184,SIP/656
2026-07-10 15:05:19,CM cola Taller,,1234567890,no,1,0,0,
2026-07-10 14:59:28,CM cola Taller,,1234567890,no,6,0,0,
2026-07-10 14:18:58,CM cola Taller,Sofia Montaño,1234567890,yes,4,299,303,SIP/656
2026-07-10 14:18:28,CM cola Taller,Alma Cordoba,1234567890,yes,9,161,170,SIP/655
2026-07-10 14:14:59,CM cola Taller,Rocío Cornejo,1234567890,yes,27,37,64,SIP/651
2026-07-10 14:06:26,CM cola Taller,Alma Cordoba,1234567890,yes,17,281,298,SIP/655
2026-07-10 14:04:38,SF cola Taller,Sofia Montaño,1234567890,yes,5,107,112,SIP/656
2026-07-10 14:01:21,CM cola Taller,Rocío Cornejo,1234567890,yes,18,135,153,SIP/651
2026-07-10 12:52:42,CM cola Taller,Rocío Cornejo,1234567890,yes,39,107,146,SIP/651
2026-07-10 12:43:10,CM cola Taller,Alma Cordoba,1234567890,yes,97,316,413,SIP/655
2026-07-10 12:42:00,MPC cola Taller,,1234567890,no,83,0,0,
2026-07-10 12:41:58,SF cola Taller,Sofia Montaño,1234567890,yes,2,190,192,SIP/656
2026-07-10 12:38:57,CM cola Taller,Alma Cordoba,1234567890,yes,22,301,323,SIP/655
2026-07-10 12:18:50,CM cola Taller,Sofia Montaño,1234567890,yes,16,120,136,SIP/656
2026-07-10 12:11:27,CM cola Taller,Rocío Cornejo,1234567890,yes,51,508,559,SIP/651
2026-07-10 12:11:25,CM cola Taller,Sofia Montaño,1234567890,yes,18,268,286,SIP/656
2026-07-10 12:10:36,CM cola Taller,Matias Villafane,502,yes,14,66,80,SIP/502
2026-07-10 12:08:39,MPC cola Taller,Rocío Cornejo,1234567890,yes,6,201,207,SIP/651
2026-07-10 12:07:13,CM cola Taller,,1234567890,no,5,0,0,
2026-07-10 12:05:09,CM cola Taller,Sofia Montaño,1234567890,yes,21,289,310,SIP/656
2026-07-10 12:04:38,CM cola Taller,Alma Cordoba,1234567890,yes,18,151,169,SIP/655
2026-07-10 12:04:05,CM cola Taller,Rocío Cornejo,1234567890,yes,13,127,140,SIP/651
2026-07-10 11:44:55,SF cola Taller,Rocío Cornejo,1234567890,yes,37,58,95,SIP/651
2026-07-10 11:44:00,CM cola Taller,Alma Cordoba,1234567890,yes,12,241,253,SIP/655
2026-07-10 11:42:47,CM cola Taller,,1234567890,no,1,0,0,
2026-07-10 11:36:34,CM cola Taller,Alma Cordoba,1234567890,yes,25,47,72,SIP/655
2026-07-10 11:23:09,SF cola Taller,,1234567890,no,274,0,0,
2026-07-10 11:19:38,CM cola Taller,Alma Cordoba,1234567890,yes,328,165,493,SIP/655
2026-07-10 11:19:06,MPC cola Taller,Sofia Montaño,1234567890,yes,73,485,558,SIP/656
2026-07-10 11:18:39,CM cola Taller,Rocío Cornejo,1234567890,yes,123,405,528,SIP/651
2026-07-10 11:17:56,CM cola Taller,Camila Mias,251,yes,158,30,188,SIP/251
2026-07-10 11:17:33,CM cola Taller,Sofia Montaño,1234567890,yes,10,142,152,SIP/656
2026-07-10 11:16:45,MPC cola Taller,,1234567890,no,39,0,0,
2026-07-10 11:16:36,CM cola Taller,Rocío Cornejo,1234567890,yes,43,183,226,SIP/651
2026-07-10 11:15:59,CM cola Taller,,1234567890,no,1,0,0,
2026-07-10 11:10:46,CM cola Taller,Alma Cordoba,1234567890,yes,107,133,240,SIP/655
2026-07-10 11:03:21,MPC cola Taller,Rocío Cornejo,1234567890,yes,18,221,239,SIP/651
2026-07-10 11:01:49,CM cola Taller,Alma Cordoba,1234567890,yes,29,450,479,SIP/655
2026-07-10 11:00:38,CM cola Taller,,1234567890,no,1,0,0,
2026-07-10 10:59:12,CM cola Taller,Rocío Cornejo,1234567890,yes,22,74,96,SIP/651
2026-07-10 10:47:21,CM cola Taller,Alma Cordoba,1234567890,yes,44,304,348,SIP/655
2026-07-10 10:45:03,CM cola Taller,,1234567890,no,0,0,0,
2026-07-10 10:44:35,CM cola Taller,Sofia Montaño,1234567890,yes,12,260,272,SIP/656
2026-07-10 10:43:32,CM cola Taller,,1234567890,no,3,0,0,
2026-07-10 10:36:17,CM cola Taller,Camila Mias,251,yes,36,29,65,SIP/251
2026-07-10 10:33:47,CM cola Taller,Sabrina Mercado,250,yes,8,50,58,SIP/250
2026-07-10 10:33:24,CM cola Taller,,1234567890,no,1,0,0,
2026-07-10 10:32:31,CM cola Taller,,1234567890,no,0,0,0,
2026-07-10 10:29:42,CM cola Taller,Alma Cordoba,1234567890,yes,20,257,277,SIP/655
2026-07-10 10:26:34,CM cola Taller,Camila Mias,1234567890,yes,14,49,63,SIP/251
2026-07-10 10:26:23,CM cola Taller,,1234567890,no,4,0,0,
2026-07-10 10:24:34,CM cola Taller,,1234567890,no,2,0,0,
2026-07-10 10:04:19,SF cola Taller,Alma Cordoba,1234567890,yes,170,169,339,SIP/655
2026-07-10 10:01:12,CM cola Taller,Alma Cordoba,1234567890,yes,18,297,315,SIP/655
2026-07-10 09:54:33,CM cola Taller,Camila Mias,251,yes,118,20,138,SIP/251
2026-07-10 09:53:36,CM cola Taller,Rocío Cornejo,1234567890,yes,91,135,226,SIP/651
2026-07-10 09:52:37,CM cola Taller,,1234567890,no,1,0,0,
2026-07-10 09:52:09,CM cola Taller,Rocío Cornejo,1234567890,yes,96,40,136,SIP/651
2026-07-10 09:51:40,CM cola Taller,Alma Cordoba,1234567890,yes,194,73,267,SIP/655
2026-07-10 09:50:21,CM cola Taller,Rocío Cornejo,1234567890,yes,79,115,194,SIP/651
2026-07-10 09:50:00,CM cola Taller,Rocío Cornejo,1234567890,yes,10,84,94,SIP/651
2026-07-10 09:42:24,CM cola Taller,Alma Cordoba,1234567890,yes,35,66,101,SIP/655
2026-07-10 09:42:22,CM cola Taller,Rocío Cornejo,1234567890,yes,32,103,135,SIP/651
2026-07-10 09:41:24,CM cola Taller,,1234567890,no,1,0,0,
2026-07-10 09:40:10,CM cola Taller,Rocío Cornejo,1234567890,yes,10,18,28,SIP/651
2026-07-10 09:39:37,CM cola Taller,Sabrina Mercado,250,yes,12,24,36,SIP/250
2026-07-10 09:36:53,CM cola Taller,Rocío Cornejo,1234567890,yes,22,135,157,SIP/651
2026-07-10 09:34:26,MPC cola Taller,Alma Cordoba,1234567890,yes,22,126,148,SIP/655
2026-07-10 09:28:05,CM cola Taller,Alma Cordoba,1234567890,yes,16,124,140,SIP/655
2026-07-10 09:25:52,SF cola Taller,Rocío Cornejo,1234567890,yes,11,157,168,SIP/651
2026-07-10 09:24:22,CM cola Taller,Alma Cordoba,1234567890,yes,18,93,111,SIP/655
2026-07-10 09:14:06,CM cola Taller,Rocío Cornejo,1234567890,yes,14,192,206,SIP/651
2026-07-10 09:09:13,CM cola Taller,Rocío Cornejo,1234567890,yes,5,170,175,SIP/651
2026-07-10 09:06:30,CM cola Taller,,1234567890,no,1,0,0,
2026-07-10 09:01:55,CM cola Taller,Alma Cordoba,1234567890,yes,18,122,140,SIP/655
2026-07-10 08:50:33,MPC cola Taller,Rocío Cornejo,1234567890,yes,18,113,131,SIP/651
2026-07-10 08:43:25,CM cola Taller,Alma Cordoba,1234567890,yes,11,182,193,SIP/655
2026-07-10 08:39:29,CM cola Taller,Rocío Cornejo,1234567890,yes,16,15,31,SIP/651
2026-07-10 08:33:23,MPC cola Taller,Alma Cordoba,1234567890,yes,24,113,137,SIP/655
2026-07-10 08:24:32,CM cola Taller,Alma Cordoba,1234567890,yes,8,272,280,SIP/655
2026-07-10 08:21:47,CM cola Taller,Rocío Cornejo,1234567890,yes,8,185,193,SIP/651
2026-07-10 08:17:40,SF cola Taller,Rocío Cornejo,1234567890,yes,4,212,216,SIP/651
2026-07-10 08:16:49,SF cola Taller,Alma Cordoba,1234567890,yes,19,255,274,SIP/655
2026-07-08 17:45:33,CM cola Taller,,1234567890,no,319,0,0,
2026-07-08 17:44:32,CM cola Taller,,1234567890,no,1,0,0,
2026-07-08 17:26:00,CM cola Taller,,1234567890,no,107,0,0,
2026-07-08 17:22:31,CM cola Taller,,1234567890,no,414,0,0,
2026-07-08 17:19:19,CM cola Taller,,1234567890,no,1712,0,0,
2026-07-08 17:13:11,CM cola Taller,,1234567890,no,89,0,0,
2026-07-08 16:54:20,SF cola Taller,,1234567890,no,315,0,0,
2026-07-08 16:47:44,CM cola Taller,,1234567890,no,412,0,0,
2026-07-08 16:46:47,SF cola Taller,,1234567890,no,422,0,0,
2026-07-08 16:46:03,CM cola Taller,,1234567890,no,0,0,0,
2026-07-08 16:44:11,CM cola Taller,,1234567890,no,0,0,0,
2026-07-08 16:40:44,MPC cola Taller,Rocío Cornejo,1234567890,yes,25,252,277,SIP/651
2026-07-08 16:40:09,CM cola Taller,,1234567890,no,68,0,0,
2026-07-08 16:36:39,SF cola Taller,Rocío Cornejo,1234567890,yes,90,170,260,SIP/651
2026-07-08 16:35:57,CM cola Taller,Sabrina Mercado,250,yes,204,19,223,SIP/250
2026-07-08 16:35:02,CM cola Taller,Sabrina Mercado,250,yes,55,20,75,SIP/250
2026-07-08 16:26:59,CM cola Taller,,1234567890,no,521,0,0,
2026-07-08 16:24:11,CM cola Taller,,1234567890,no,13,0,0,
2026-07-08 16:22:55,SF cola Taller,,1234567890,no,201,0,0,
2026-07-08 16:13:46,CM cola Taller,Rocío Cornejo,1234567890,yes,99,122,221,SIP/651
2026-07-08 16:09:33,CM cola Taller,Rocío Cornejo,1234567890,yes,167,175,342,SIP/651
2026-07-08 16:09:07,CM cola Taller,Rocío Cornejo,1234567890,yes,8,163,171,SIP/651
2026-07-08 16:04:42,CM cola Taller,Rocío Cornejo,1234567890,yes,116,113,229,SIP/651
2026-07-08 16:02:39,CM cola Taller,Rocío Cornejo,1234567890,yes,120,102,222,SIP/651
2026-07-08 16:02:12,CM cola Taller,,1234567890,no,0,0,0,
2026-07-08 16:00:21,CM cola Taller,Rocío Cornejo,1234567890,yes,80,167,247,SIP/651
2026-07-08 15:56:57,CM cola Taller,,1234567890,no,1,0,0,
2026-07-08 15:56:17,CM cola Taller,Rocío Cornejo,1234567890,yes,178,127,305,SIP/651
2026-07-08 15:53:44,CM cola Taller,,1234567890,no,52,0,0,
2026-07-08 15:53:39,CM cola Taller,,1234567890,no,0,0,0,
2026-07-08 15:52:46,CM cola Taller,,1234567890,no,2,0,0,
2026-07-08 15:50:35,CM cola Taller,,1234567890,no,321,0,0,
2026-07-08 15:49:45,CM cola Taller,,1234567890,no,2,0,0,
2026-07-08 15:48:36,CM cola Taller,Lucia Sosa,1234567890,yes,15,293,308,SIP/650
2026-07-08 15:47:30,CM cola Taller,,1234567890,no,3,0,0,
2026-07-08 15:47:13,CM cola Taller,Rocío Cornejo,1234567890,yes,10,690,700,SIP/651
2026-07-08 15:22:31,CM cola Taller,Rocío Cornejo,1234567890,yes,6,302,308,SIP/651
2026-07-08 15:18:59,CM cola Taller,Rocío Cornejo,1234567890,yes,33,131,164,SIP/651
2026-07-08 15:18:09,CM cola Taller,Rocío Cornejo,1234567890,yes,4,17,21,SIP/651
2026-07-08 15:13:32,MPC cola Taller,Rocío Cornejo,1234567890,yes,8,151,159,SIP/651
2026-07-08 15:08:14,CM cola Taller,,1234567890,no,0,0,0,
2026-07-08 15:04:32,SF cola Taller,Lucia Sosa,1234567890,yes,30,335,365,SIP/650
2026-07-08 14:58:04,CM cola Taller,,499,no,30,0,0,
2026-07-08 14:56:32,CM cola Taller,,499,no,75,0,0,
2026-07-08 14:55:14,CM cola Taller,Rocío Cornejo,1234567890,yes,181,246,427,SIP/651
2026-07-08 14:52:22,CM cola Taller,,1234567890,no,191,0,0,
2026-07-08 14:52:15,MPC cola Taller,Rocío Cornejo,1234567890,yes,12,324,336,SIP/651
2026-07-08 14:44:22,CM cola Taller,Rocío Cornejo,1234567890,yes,5,160,165,SIP/651
2026-07-08 14:43:54,CM cola Taller,Lucia Sosa,1234567890,yes,5,276,281,SIP/650
2026-07-08 14:43:05,CM cola Taller,Rocío Cornejo,1234567890,yes,5,72,77,SIP/651
2026-07-08 14:42:19,CM cola Taller,,1234567890,no,4,0,0,
2026-07-08 14:38:43,CM cola Taller,Sabrina Mercado,250,yes,78,55,133,SIP/250
2026-07-08 14:35:28,CM cola Taller,Sabrina Mercado,250,yes,85,15,100,SIP/250
2026-07-08 14:35:04,CM cola Taller,Sabrina Mercado,250,yes,13,33,46,SIP/250
2026-07-08 14:33:31,CM cola Taller,,1234567890,no,0,0,0,
2026-07-08 14:33:24,SF cola Taller,Lucia Sosa,1234567890,yes,3,197,200,SIP/650
2026-07-08 14:33:02,CM cola Taller,,1234567890,no,4,0,0,
2026-07-08 14:26:45,CM cola Taller,,1234567890,no,135,0,0,
2026-07-08 14:24:17,CM cola Taller,Rocío Cornejo,1234567890,yes,467,128,595,SIP/651
2026-07-08 14:21:41,CM cola Taller,,503,yes,419,229,648,SIP/499
2026-07-08 14:17:01,SF cola Taller,,1234567890,no,350,0,0,
2026-07-08 14:14:08,CM cola Taller,Rocío Cornejo,1234567890,yes,904,161,1065,SIP/651
2026-07-08 14:14:05,CM cola Taller,Lucia Sosa,1234567890,yes,883,196,1079,SIP/650
2026-07-08 14:13:53,SF cola Taller,,1234567890,no,61,0,0,
2026-07-08 14:13:31,CM cola Taller,,1234567890,no,2,0,0,
2026-07-08 14:11:07,CM cola Taller,,1234567890,no,1,0,0,
2026-07-08 14:09:29,CM cola Taller,,1234567890,no,1,0,0,
2026-07-08 14:05:29,MPC cola Taller,,1234567890,no,55,0,0,
2026-07-08 12:58:29,CM cola Taller,,1234567890,no,589,0,0,
2026-07-08 12:57:22,CM cola Taller,,1234567890,no,1,0,0,
2026-07-08 12:46:21,MPC cola Taller,Tania Bazan,1234567890,yes,6,197,203,SIP/659
2026-07-08 12:44:00,CM cola Taller,Rocío Cornejo,1234567890,yes,6,50,56,SIP/651
2026-07-08 12:42:24,CM cola Taller,Lucia Sosa,1234567890,yes,13,434,447,SIP/650
2026-07-08 12:39:44,CM cola Taller,Sabrina Mercado,250,yes,14,82,96,SIP/250
2026-07-08 12:38:02,CM cola Taller,Rocío Cornejo,1234567890,yes,15,251,266,SIP/651
2026-07-08 12:32:18,CM cola Taller,Lucia Sosa,1234567890,yes,21,574,595,SIP/650
2026-07-08 12:31:21,CM cola Taller,,1234567890,no,1,0,0,
2026-07-08 12:30:13,CM cola Taller,,1234567890,no,1,0,0,
2026-07-08 12:27:36,CM cola Taller,Tania Bazan,1234567890,yes,4,712,716,SIP/659
2026-07-08 12:26:47,CM cola Taller,,1234567890,no,2,0,0,
2026-07-08 12:19:48,MPC cola Taller,Rocío Cornejo,1234567890,yes,2,61,63,SIP/651
2026-07-08 12:14:26,CM cola Taller,Sabrina Mercado,250,yes,5,26,31,SIP/250
2026-07-08 12:13:05,CM cola Taller,Sabrina Mercado,502,yes,11,39,50,SIP/250
2026-07-08 12:12:32,CM cola Taller,,1234567890,no,1,0,0,
2026-07-08 12:10:15,CM cola Taller,,1234567890,no,2,0,0,
2026-07-08 12:07:53,CM cola Taller,Tania Bazan,1234567890,yes,8,220,228,SIP/659
2026-07-08 12:07:03,CM cola Taller,Lucia Sosa,1234567890,yes,7,46,53,SIP/650
2026-07-08 12:01:21,CM cola Taller,Lucia Sosa,1234567890,yes,24,77,101,SIP/650
2026-07-08 12:01:07,CM cola Taller,Rocío Cornejo,1234567890,yes,10,137,147,SIP/651
2026-07-08 11:59:39,CM cola Taller,Sabrina Mercado,250,yes,5,25,30,SIP/250
2026-07-08 11:56:11,CM cola Taller,Rocío Cornejo,1234567890,yes,5,162,167,SIP/651
2026-07-08 11:55:16,MPC cola Taller,Rocío Cornejo,1234567890,yes,6,40,46,SIP/651
2026-07-08 11:55:07,CM cola Taller,Sabrina Mercado,250,yes,6,22,28,SIP/250
2026-07-08 11:52:48,CM cola Taller,,1234567890,no,2,0,0,
2026-07-08 11:46:39,MPC cola Taller,Tania Bazan,1234567890,yes,335,90,425,SIP/659
2026-07-08 11:45:55,CM cola Taller,Tania Bazan,1234567890,yes,350,22,372,SIP/659
2026-07-08 11:44:39,MPC cola Taller,,1234567890,no,270,0,0,
2026-07-08 11:44:20,CM cola Taller,Tania Bazan,1234567890,yes,126,243,369,SIP/659
2026-07-08 11:41:56,MPC cola Taller,Rocío Cornejo,1234567890,yes,416,214,630,SIP/651
2026-07-08 11:40:33,MPC cola Taller,Rocío Cornejo,1234567890,yes,107,85,192,SIP/651
2026-07-08 11:40:27,CM cola Taller,Sabrina Mercado,250,yes,171,25,196,SIP/250
2026-07-08 11:40:09,CM cola Taller,Lucia Sosa,1234567890,yes,378,478,856,SIP/650
2026-07-08 11:38:58,CM cola Taller,,1234567890,no,126,0,0,
2026-07-08 11:38:22,CM cola Taller,,1234567890,no,2,0,0,
2026-07-08 11:38:06,CM cola Taller,,1234567890,no,69,0,0,
2026-07-08 11:38:04,CM cola Taller,,1234567890,no,1,0,0,
2026-07-08 11:37:41,CM cola Taller,Lucia Sosa,1234567890,yes,79,379,458,SIP/650
2026-07-08 11:36:48,CM cola Taller,,1234567890,no,13,0,0,
2026-07-08 11:34:53,CM cola Taller,,1234567890,no,157,0,0,
2026-07-08 11:33:29,CM cola Taller,Sabrina Mercado,250,yes,31,21,52,SIP/250
2026-07-08 11:33:05,MPC cola Taller,Agustina Vargas,255,yes,421,24,445,SIP/255
2026-07-08 11:30:46,CM cola Taller,Lucia Sosa,1234567890,yes,13,159,172,SIP/650
2026-07-08 11:30:44,CM cola Taller,,1234567890,no,1,0,0,
2026-07-08 11:18:51,CM cola Taller,Lucia Sosa,1234567890,yes,5,424,429,SIP/650
2026-07-08 11:18:16,CM cola Taller,,1234567890,no,2,0,0,
2026-07-08 11:12:43,CM cola Taller,,1234567890,no,24,0,0,
2026-07-08 11:12:15,CM cola Taller,Rocío Cornejo,1234567890,yes,164,250,414,SIP/651
2026-07-08 11:11:56,CM cola Taller,Lucia Sosa,1234567890,yes,80,71,151,SIP/650
2026-07-08 11:11:36,CM cola Taller,,1234567890,no,1,0,0,
2026-07-08 11:08:29,CM cola Taller,,1234567890,no,1,0,0,
2026-07-08 11:00:02,CM cola Taller,Lucia Sosa,1234567890,yes,54,28,82,SIP/650
2026-07-08 10:59:20,CM cola Taller,Sabrina Mercado,250,yes,78,34,112,SIP/250
2026-07-08 10:57:04,CM cola Taller,,1234567890,no,51,0,0,
2026-07-08 10:55:06,CM cola Taller,Rocío Cornejo,1234567890,yes,18,206,224,SIP/651
2026-07-08 10:52:53,MPC cola Taller,Tania Bazan,1234567890,yes,57,200,257,SIP/659
2026-07-08 10:49:50,MPC cola Taller,Lucia Sosa,1234567890,yes,5,264,269,SIP/650
2026-07-08 10:44:56,MPC cola Taller,Tania Bazan,1234567890,yes,6,406,412,SIP/659
2026-07-08 10:43:52,CM cola Taller,,1234567890,no,2,0,0,
2026-07-08 10:41:10,MPC cola Taller,,1234567890,no,103,0,0,
2026-07-08 10:40:48,CM cola Taller,Lucia Sosa,1234567890,yes,12,365,377,SIP/650
2026-07-08 10:40:25,CM cola Taller,Rocío Cornejo,1234567890,yes,57,517,574,SIP/651
2026-07-08 10:40:19,CM cola Taller,,1234567890,no,0,0,0,
2026-07-08 10:27:41,CM cola Taller,Tania Bazan,1234567890,yes,7,796,803,SIP/659
2026-07-08 10:27:25,SF cola Taller,Rocío Cornejo,1234567890,yes,9,87,96,SIP/651
2026-07-08 10:23:57,CM cola Taller,,1234567890,no,1,0,0,
2026-07-08 10:21:18,CM cola Taller,Rocío Cornejo,1234567890,yes,14,282,296,SIP/651
2026-07-08 10:20:45,CM cola Taller,Lucia Sosa,1234567890,yes,9,236,245,SIP/650
2026-07-08 10:19:26,CM cola Taller,,1234567890,no,1,0,0,
2026-07-08 10:18:26,CM cola Taller,,1234567890,no,0,0,0,
2026-07-08 10:17:47,CM cola Taller,Tania Bazan,1234567890,yes,15,347,362,SIP/659
2026-07-08 10:16:41,CM cola Taller,Rocío Cornejo,1234567890,yes,9,121,130,SIP/651
2026-07-08 10:16:23,CM cola Taller,,1234567890,no,0,0,0,
2026-07-08 10:12:27,MPC cola Taller,Lucia Sosa,1234567890,yes,12,317,329,SIP/650
2026-07-08 10:07:20,CM cola Taller,Lucia Sosa,1234567890,yes,12,126,138,SIP/650
2026-07-08 10:06:19,CM cola Taller,,1234567890,no,0,0,0,
2026-07-08 10:04:43,MPC cola Taller,Tania Bazan,1234567890,yes,7,136,143,SIP/659
2026-07-08 10:04:26,CM cola Taller,Rocío Cornejo,1234567890,yes,14,136,150,SIP/651
2026-07-08 10:00:18,CM cola Taller,Tania Bazan,1234567890,yes,7,161,168,SIP/659
2026-07-08 09:59:21,CM cola Taller,Lucia Sosa,1234567890,yes,5,310,315,SIP/650
2026-07-08 09:59:18,CM cola Taller,,1234567890,no,2,0,0,
2026-07-08 09:57:21,MPC cola Taller,Rocío Cornejo,1234567890,yes,4,168,172,SIP/651
2026-07-08 09:53:53,MPC cola Taller,Tania Bazan,1234567890,yes,152,184,336,SIP/659
2026-07-08 09:51:46,MPC cola Taller,Rocío Cornejo,1234567890,yes,186,146,332,SIP/651
2026-07-08 09:50:43,CM cola Taller,Tania Bazan,1234567890,yes,216,112,328,SIP/659
2026-07-08 09:49:15,CM cola Taller,Rocío Cornejo,1234567890,yes,10,317,327,SIP/651
2026-07-08 09:47:06,CM cola Taller,Sabrina Mercado,250,yes,37,58,95,SIP/250
2026-07-08 09:44:29,CM cola Taller,,1234567890,no,1,0,0,
2026-07-08 09:39:07,CM cola Taller,Rocío Cornejo,1234567890,yes,10,309,319,SIP/651
2026-07-08 09:37:55,CM cola Taller,,1234567890,no,4,0,0,
2026-07-08 09:19:01,CM cola Taller,Rocío Cornejo,1234567890,yes,43,48,91,SIP/651
2026-07-08 09:17:49,CM cola Taller,Rocío Cornejo,1234567890,yes,15,88,103,SIP/651
2026-07-08 09:12:57,CM cola Taller,,1234567890,no,25,0,0,
2026-07-08 09:11:16,CM cola Taller,Rocío Cornejo,1234567890,yes,87,167,254,SIP/651
2026-07-08 09:07:41,CM cola Taller,Tania Bazan,1234567890,yes,6,66,72,SIP/659
2026-07-08 09:06:07,CM cola Taller,Rocío Cornejo,1234567890,yes,96,280,376,SIP/651
2026-07-08 09:01:20,SF cola Taller,Tania Bazan,1234567890,yes,8,126,134,SIP/659
2026-07-08 08:46:35,CM cola Taller,Sabrina Mercado,250,yes,17,27,44,SIP/250
2026-07-08 08:42:48,CM cola Taller,Rocío Cornejo,1234567890,yes,114,237,351,SIP/651
2026-07-08 08:41:37,CM cola Taller,Tania Bazan,1234567890,yes,15,266,281,SIP/659
2026-07-08 08:39:50,MPC cola Taller,Rocío Cornejo,1234567890,yes,5,268,273,SIP/651
2026-07-08 08:33:37,CM cola Taller,Tania Bazan,1234567890,yes,17,175,192,SIP/659
2026-07-08 08:26:44,MPC cola Taller,Rocío Cornejo,1234567890,yes,22,182,204,SIP/651
2026-07-08 08:13:53,MPC cola Taller,Tania Bazan,1234567890,yes,3,276,279,SIP/659
2026-07-08 08:08:53,CM cola Taller,Rocío Cornejo,1234567890,yes,11,447,458,SIP/651
2026-07-08 08:05:07,CM cola Taller,Tania Bazan,1234567890,yes,18,281,299,SIP/659
2026-07-07 17:46:54,CM cola Taller,,1234567890,no,4,0,0,
2026-07-07 17:26:36,CM cola Taller,,1234567890,no,955,0,0,
2026-07-07 17:21:13,CM cola Taller,,1234567890,no,11,0,0,
2026-07-07 16:51:09,CM cola Taller,,1234567890,no,327,0,0,
2026-07-07 16:42:24,CM cola Taller,,1234567890,no,2,0,0,
2026-07-07 16:33:43,MPC cola Taller,,1234567890,no,422,0,0,
2026-07-07 16:30:13,MPC cola Taller,,1234567890,no,181,0,0,
2026-07-07 16:28:06,CM cola Taller,,1234567890,no,321,0,0,
2026-07-07 16:25:47,CM cola Taller,,1234567890,no,84,0,0,
2026-07-07 16:24:28,MPC cola Taller,,1234567890,no,208,0,0,
2026-07-07 16:23:53,CM cola Taller,,1234567890,no,49,0,0,
2026-07-07 16:21:16,CM cola Taller,,1234567890,no,710,0,0,
2026-07-07 16:18:56,CM cola Taller,,1234567890,no,0,0,0,
2026-07-07 16:17:11,CM cola Taller,,1234567890,no,351,0,0,
2026-07-07 16:14:54,CM cola Taller,,1234567890,no,242,0,0,
2026-07-07 16:13:44,MPC cola Taller,,1234567890,no,3,0,0,
2026-07-07 16:12:03,MPC cola Taller,,1234567890,no,422,0,0,
2026-07-07 16:11:09,CM cola Taller,,1234567890,no,612,0,0,
2026-07-07 16:04:59,CM cola Taller,,1234567890,no,140,0,0,
2026-07-07 16:00:38,MPC cola Taller,,1234567890,no,185,0,0,
2026-07-07 15:57:29,CM cola Taller,,1234567890,no,1369,0,0,
2026-07-07 15:55:49,CM cola Taller,,1234567890,no,248,0,0,
2026-07-07 15:55:15,CM cola Taller,,1234567890,no,382,0,0,
2026-07-07 15:47:05,MPC cola Taller,,1234567890,no,162,0,0,
2026-07-07 15:45:10,CM cola Taller,,1234567890,no,63,0,0,
2026-07-07 15:44:23,CM cola Taller,,1234567890,no,0,0,0,
2026-07-07 15:40:45,CM cola Taller,,1234567890,no,811,0,0,
2026-07-07 15:34:46,CM cola Taller,,1234567890,no,323,0,0,
2026-07-07 15:32:47,CM cola Taller,,1234567890,no,48,0,0,
2026-07-07 15:29:23,CM cola Taller,,1234567890,no,285,0,0,
2026-07-07 15:27:18,MPC cola Taller,,1234567890,no,210,0,0,
2026-07-07 15:26:59,MPC cola Taller,,1234567890,no,258,0,0,
2026-07-07 15:22:58,CM cola Taller,,1234567890,no,5,0,0,
2026-07-07 15:21:27,CM cola Taller,,1234567890,no,431,0,0,
2026-07-07 14:29:40,CM cola Taller,,1234567890,no,534,0,0,
2026-07-07 14:23:09,MPC cola Taller,,1234567890,no,299,0,0,
2026-07-07 14:04:06,CM cola Taller,,1234567890,no,221,0,0,
2026-07-07 14:03:03,MPC cola Taller,,1234567890,no,422,0,0,
2026-07-07 12:40:15,CM cola Taller,,1234567890,no,220,0,0,
2026-07-07 12:39:45,CM cola Taller,,1234567890,no,0,0,0,
2026-07-07 12:36:34,CM cola Taller,,1234567890,no,242,0,0,
2026-07-07 12:36:03,CM cola Taller,,1234567890,no,3,0,0,
2026-07-07 12:35:11,CM cola Taller,,1234567890,no,157,0,0,
2026-07-07 12:31:05,MPC cola Taller,,1234567890,no,406,0,0,
2026-07-07 12:22:27,MPC cola Taller,,1234567890,no,424,0,0,
2026-07-07 12:21:28,MPC cola Taller,Tania Bazan,1234567890,yes,4,3,7,SIP/659
2026-07-07 12:12:54,SF cola Taller,Rocío Cornejo,1234567890,yes,8,104,112,SIP/651
2026-07-07 12:03:17,CM cola Taller,Rocío Cornejo,1234567890,yes,23,86,109,SIP/651
2026-07-07 12:02:33,CM cola Taller,Tania Bazan,1234567890,yes,11,156,167,SIP/659
2026-07-07 12:01:37,CM cola Taller,,1234567890,no,0,0,0,
2026-07-07 11:55:34,CM cola Taller,,1234567890,no,40,0,0,
2026-07-07 11:55:30,CM cola Taller,Rocío Cornejo,1234567890,yes,106,318,424,SIP/651
2026-07-07 11:54:36,CM cola Taller,Alma Cordoba,1234567890,yes,12,182,194,SIP/655
2026-07-07 11:52:48,CM cola Taller,Rocío Cornejo,1234567890,yes,19,207,226,SIP/651
2026-07-07 11:48:05,CM cola Taller,Tania Bazan,1234567890,yes,6,155,161,SIP/659
2026-07-07 11:44:11,MPC cola Taller,Rocío Cornejo,1234567890,yes,11,170,181,SIP/651
2026-07-07 11:42:51,CM cola Taller,,1234567890,no,1,0,0,
2026-07-07 11:41:18,CM cola Taller,Alma Cordoba,1234567890,yes,116,92,208,SIP/655
2026-07-07 11:41:11,MPC cola Taller,Agustina Vargas,255,yes,10,38,48,SIP/255
2026-07-07 11:36:55,CM cola Taller,Alma Cordoba,1234567890,yes,15,145,160,SIP/655
2026-07-07 11:35:27,CM cola Taller,Tania Bazan,1234567890,yes,11,199,210,SIP/659
2026-07-07 11:33:21,CM cola Taller,Rocío Cornejo,1234567890,yes,5,247,252,SIP/651
2026-07-07 11:27:29,CM cola Taller,Alma Cordoba,1234567890,yes,27,116,143,SIP/655
2026-07-07 11:20:04,CM cola Taller,Alma Cordoba,1234567890,yes,22,130,152,SIP/655
2026-07-07 11:18:43,CM cola Taller,,1234567890,no,2,0,0,
2026-07-07 11:15:02,CM cola Taller,Tania Bazan,1234567890,yes,11,269,280,SIP/659
2026-07-07 11:13:56,CM cola Taller,,1234567890,no,2,0,0,
2026-07-07 11:13:39,MPC cola Taller,Alma Cordoba,1234567890,yes,26,123,149,SIP/655
2026-07-07 11:10:56,SF cola Taller,Rocío Cornejo,1234567890,yes,45,821,866,SIP/651
2026-07-07 11:05:09,CM cola Taller,Tania Bazan,1234567890,yes,10,198,208,SIP/659
2026-07-07 10:57:30,CM cola Taller,Alma Cordoba,1234567890,yes,166,31,197,SIP/655
2026-07-07 10:52:43,CM cola Taller,Camila Mias,251,yes,37,21,58,SIP/251
2026-07-07 10:52:42,CM cola Taller,Tania Bazan,1234567890,yes,22,191,213,SIP/659
2026-07-07 10:51:54,CM cola Taller,,1234567890,no,1,0,0,
2026-07-07 10:48:25,CM cola Taller,Rocío Cornejo,1234567890,yes,92,260,352,SIP/651
2026-07-07 10:48:06,CM cola Taller,Alma Cordoba,1234567890,yes,53,92,145,SIP/655
2026-07-07 10:47:43,CM cola Taller,,1234567890,no,2,0,0,
2026-07-07 10:47:05,CM cola Taller,,1234567890,no,2,0,0,
2026-07-07 10:46:50,MPC cola Taller,,1234567890,no,146,0,0,
2026-07-07 10:46:34,CM cola Taller,,1234567890,no,12,0,0,
2026-07-07 10:46:09,MPC cola Taller,Tania Bazan,1234567890,yes,10,220,230,SIP/659
2026-07-07 10:43:27,CM cola Taller,,1234567890,no,1,0,0,
2026-07-07 10:42:56,MPC cola Taller,Alma Cordoba,1234567890,yes,28,203,231,SIP/655
2026-07-07 10:40:05,CM cola Taller,Camila Mias,251,yes,17,23,40,SIP/251
2026-07-07 10:38:30,CM cola Taller,,1234567890,no,5,0,0,
2026-07-07 10:34:53,CM cola Taller,Alma Cordoba,1234567890,yes,154,108,262,SIP/655
2026-07-07 10:33:49,CM cola Taller,,1234567890,no,317,0,0,
2026-07-07 10:33:15,CM cola Taller,,1234567890,no,23,0,0,
2026-07-07 10:32:45,CM cola Taller,Alma Cordoba,1234567890,yes,21,211,232,SIP/655
2026-07-07 10:32:14,CM cola Taller,Tania Bazan,1234567890,yes,22,544,566,SIP/659
2026-07-07 10:31:35,CM cola Taller,,1234567890,no,3,0,0,
2026-07-07 10:28:35,CM cola Taller,Alma Cordoba,1234567890,yes,41,157,198,SIP/655
2026-07-07 10:26:41,CM cola Taller,Tania Bazan,1234567890,yes,12,130,142,SIP/659
2026-07-07 10:25:40,CM cola Taller,Alma Cordoba,1234567890,yes,23,111,134,SIP/655
2026-07-07 10:18:49,CM cola Taller,Tania Bazan,1234567890,yes,28,186,214,SIP/659
2026-07-07 10:17:02,CM cola Taller,,1234567890,no,1,0,0,
2026-07-07 10:12:41,CM cola Taller,Rocío Cornejo,1234567890,yes,79,89,168,SIP/651
2026-07-07 10:11:32,CM cola Taller,Alma Cordoba,1234567890,yes,31,205,236,SIP/655
2026-07-07 10:10:54,CM cola Taller,,1234567890,no,1,0,0,
2026-07-07 10:09:41,CM cola Taller,Rocío Cornejo,251,yes,20,1,21,SIP/651
2026-07-07 10:07:11,CM cola Taller,Tania Bazan,670,yes,28,143,171,SIP/659
2026-07-07 10:06:26,CM cola Taller,,1234567890,no,2,0,0,
2026-07-07 09:59:10,CM cola Taller,Alma Cordoba,1234567890,yes,21,39,60,SIP/655
2026-07-07 09:47:02,CM cola Taller,Rocío Cornejo,1234567890,yes,20,74,94,SIP/651
2026-07-07 09:43:54,CM cola Taller,Alma Cordoba,1234567890,yes,157,107,264,SIP/655
2026-07-07 09:42:46,CM cola Taller,Rocío Cornejo,1234567890,yes,15,199,214,SIP/651
2026-07-07 09:42:25,CM cola Taller,Alma Cordoba,1234567890,yes,20,204,224,SIP/655
2026-07-07 09:41:16,CM cola Taller,,1234567890,no,0,0,0,
2026-07-07 09:40:41,CM cola Taller,Alma Cordoba,1234567890,yes,38,33,71,SIP/655
2026-07-07 09:37:53,MPC cola Taller,Tania Bazan,1234567890,yes,166,296,462,SIP/659
2026-07-07 09:37:47,MPC cola Taller,Alma Cordoba,1234567890,yes,53,142,195,SIP/655
2026-07-07 09:37:28,SF cola Taller,Rocío Cornejo,1234567890,yes,38,191,229,SIP/651
2026-07-07 09:34:53,CM cola Taller,Alma Cordoba,1234567890,yes,22,196,218,SIP/655
2026-07-07 09:33:28,SF cola Taller,Alma Cordoba,1234567890,yes,16,55,71,SIP/655
2026-07-07 09:31:43,CM cola Taller,Maria de la Paz Gomez,250,yes,6,21,27,SIP/308
2026-07-07 09:30:20,CM cola Taller,Alma Cordoba,1234567890,yes,13,123,136,SIP/655
2026-07-07 09:19:20,CM cola Taller,Alma Cordoba,1234567890,yes,10,95,105,SIP/655
2026-07-07 09:15:05,CM cola Taller,Rocío Cornejo,1234567890,yes,10,176,186,SIP/651
2026-07-07 09:14:04,CM cola Taller,,1234567890,no,1,0,0,
2026-07-07 09:07:20,MPC cola Taller,Agustina Vargas,255,yes,76,59,135,SIP/255
2026-07-07 09:06:32,MPC cola Taller,Alma Cordoba,1234567890,yes,12,99,111,SIP/655
2026-07-07 09:02:24,CM cola Taller,Tania Bazan,1234567890,yes,19,209,228,SIP/659
2026-07-07 08:59:42,SF cola Taller,Alma Cordoba,1234567890,yes,8,128,136,SIP/655
2026-07-07 08:58:53,CM cola Taller,,1234567890,no,3,0,0,
2026-07-07 08:56:52,CM cola Taller,,1234567890,no,0,0,0,
2026-07-07 08:55:14,CM cola Taller,Rocío Cornejo,1234567890,yes,14,182,196,SIP/651
2026-07-07 08:52:11,CM cola Taller,Tania Bazan,1234567890,yes,25,283,308,SIP/659
2026-07-07 08:48:10,CM cola Taller,Sabrina Mercado,250,yes,14,21,35,SIP/250
2026-07-07 08:47:10,MPC cola Taller,Alma Cordoba,1234567890,yes,12,153,165,SIP/655
2026-07-07 08:32:27,CM cola Taller,Tania Bazan,1234567890,yes,20,364,384,SIP/659
2026-07-07 08:32:20,CM cola Taller,,503,yes,19,27,46,SIP/499
2026-07-07 08:30:07,CM cola Taller,,1234567890,no,1,0,0,
2026-07-07 08:16:54,SF cola Taller,Tania Bazan,1234567890,yes,3,80,83,SIP/659
2026-07-06 17:50:56,CM cola Taller,,1234567890,no,234,0,0,
2026-07-06 17:49:57,CM cola Taller,,1234567890,no,264,0,0,
2026-07-06 17:48:44,CM cola Taller,,1234567890,no,6,0,0,
2026-07-06 17:41:13,CM cola Taller,,1234567890,no,525,0,0,
2026-07-06 17:08:52,CM cola Taller,,1234567890,no,777,0,0,
2026-07-06 16:57:20,MPC cola Taller,,1234567890,no,421,0,0,
2026-07-06 16:56:35,MPC cola Taller,,1234567890,no,205,0,0,
2026-07-06 16:54:18,MPC cola Taller,,1234567890,no,146,0,0,
2026-07-06 16:52:10,CM cola Taller,,1234567890,no,110,0,0,
2026-07-06 16:48:54,MPC cola Taller,,1234567890,no,422,0,0,
2026-07-06 16:44:29,MPC cola Taller,,1234567890,no,223,0,0,
2026-07-06 16:43:57,MPC cola Taller,,1234567890,no,62,0,0,
2026-07-06 16:43:06,MPC cola Taller,,1234567890,no,128,0,0,
2026-07-06 16:40:49,CM cola Taller,,1234567890,no,1470,0,0,
2026-07-06 16:40:23,MPC cola Taller,,1234567890,no,426,0,0,
2026-07-06 16:36:16,CM cola Taller,,1234567890,no,391,0,0,
2026-07-06 16:35:01,CM cola Taller,,1234567890,no,1,0,0,
2026-07-06 16:35:00,SF cola Taller,,1234567890,no,420,0,0,
2026-07-06 16:32:27,CM cola Taller,,1234567890,no,56,0,0,
2026-07-06 16:23:20,CM cola Taller,Sabrina Mercado,250,yes,201,44,245,SIP/250
2026-07-06 16:22:35,CM cola Taller,,1234567890,no,1,0,0,
2026-07-06 16:22:12,CM cola Taller,Martin Jalil,503,yes,24,38,62,SIP/503
2026-07-06 16:20:48,CM cola Taller,,1234567890,no,2,0,0,
2026-07-06 16:09:00,CM cola Taller,Alma Cordoba,1234567890,yes,20,81,101,SIP/655
2026-07-06 16:08:38,MPC cola Taller,Rocío Cornejo,1234567890,yes,35,200,235,SIP/651
2026-07-06 16:01:53,CM cola Taller,,1234567890,no,1,0,0,
2026-07-06 15:55:41,CM cola Taller,Sabrina Mercado,250,yes,155,20,175,SIP/250
2026-07-06 15:55:03,CM cola Taller,Alma Cordoba,1234567890,yes,26,152,178,SIP/655
2026-07-06 15:54:52,CM cola Taller,Camila Mias,251,yes,24,42,66,SIP/251
2026-07-06 15:52:12,CM cola Taller,Alma Cordoba,1234567890,yes,32,98,130,SIP/655
2026-07-06 15:51:39,CM cola Taller,,1234567890,no,2,0,0,
2026-07-06 15:46:59,CM cola Taller,Alma Cordoba,1234567890,yes,34,167,201,SIP/655
2026-07-06 15:46:33,CM cola Taller,,1234567890,no,1,0,0,
2026-07-06 15:45:18,SF cola Taller,Rocío Cornejo,1234567890,yes,77,175,252,SIP/651
2026-07-06 15:44:18,CM cola Taller,Alma Cordoba,1234567890,yes,41,144,185,SIP/655
2026-07-06 15:36:05,CM cola Taller,Maria de la Paz Gomez,250,yes,23,35,58,SIP/308
2026-07-06 15:31:47,CM cola Taller,,1234567890,no,2,0,0,
2026-07-06 15:12:48,CM cola Taller,Alma Cordoba,1234567890,yes,47,57,104,SIP/655
2026-07-06 15:12:08,CM cola Taller,,1234567890,no,1,0,0,
2026-07-06 15:11:35,CM cola Taller,Camila Mias,251,yes,16,23,39,SIP/251
2026-07-06 14:58:33,CM cola Taller,Rocío Cornejo,1234567890,yes,13,149,162,SIP/651
2026-07-06 14:50:52,CM cola Taller,Sabrina Mercado,250,yes,9,30,39,SIP/250
2026-07-06 14:49:03,CM cola Taller,Rocío Cornejo,1234567890,yes,55,356,411,SIP/651
2026-07-06 14:44:15,MPC cola Taller,Sofia Montaño,1234567890,yes,19,291,310,SIP/656
2026-07-06 14:38:29,SF cola Taller,Alma Cordoba,1234567890,yes,299,307,606,SIP/655
2026-07-06 14:36:49,CM cola Taller,Alma Cordoba,1234567890,yes,37,346,383,SIP/655
2026-07-06 14:36:14,CM cola Taller,,251,no,39,0,0,
2026-07-06 14:34:00,CM cola Taller,,1234567890,no,0,0,0,
2026-07-06 14:33:23,CM cola Taller,Sofia Montaño,1234567890,yes,224,301,525,SIP/656
2026-07-06 14:33:21,CM cola Taller,,1234567890,no,1,0,0,
2026-07-06 14:32:19,SF cola Taller,,1234567890,no,185,0,0,
2026-07-06 14:30:18,MPC cola Taller,Alma Cordoba,1234567890,yes,10,391,401,SIP/655
2026-07-06 14:24:00,CM cola Taller,Sofia Montaño,1234567890,yes,16,341,357,SIP/656
2026-07-06 14:23:53,CM cola Taller,Alma Cordoba,1234567890,yes,7,126,133,SIP/655
2026-07-06 14:23:20,CM cola Taller,,1234567890,no,0,0,0,
2026-07-06 14:21:02,MPC cola Taller,Alma Cordoba,1234567890,yes,11,52,63,SIP/655
2026-07-06 14:19:16,CM cola Taller,Rocío Cornejo,1234567890,yes,26,232,258,SIP/651
2026-07-06 14:18:26,CM cola Taller,,1234567890,no,1,0,0,
2026-07-06 14:17:39,CM cola Taller,Sofia Montaño,1234567890,yes,34,269,303,SIP/656
2026-07-06 14:17:21,MPC cola Taller,Agustina Vargas,255,yes,33,70,103,SIP/255
2026-07-06 14:16:28,CM cola Taller,,1234567890,no,1,0,0,
2026-07-06 14:13:23,SF cola Taller,Alma Cordoba,1234567890,yes,3,199,202,SIP/655
2026-07-06 14:13:15,CM cola Taller,Sofia Montaño,1234567890,yes,9,232,241,SIP/656
2026-07-06 14:12:19,CM cola Taller,,1234567890,no,1,0,0,
2026-07-06 14:07:22,MPC cola Taller,Sofia Montaño,1234567890,yes,109,203,312,SIP/656
2026-07-06 14:05:47,MPC cola Taller,Sofia Montaño,1234567890,yes,26,132,158,SIP/656
2026-07-06 14:05:00,CM cola Taller,Sabrina Mercado,250,yes,14,34,48,SIP/250
2026-07-06 14:02:06,MPC cola Taller,Sofia Montaño,1234567890,yes,8,181,189,SIP/656
2026-07-06 12:51:49,CM cola Taller,,1234567890,no,4,0,0,
2026-07-06 12:46:19,CM cola Taller,Rocío Cornejo,1234567890,yes,110,193,303,SIP/651
2026-07-06 12:44:19,CM cola Taller,Sofia Montaño,1234567890,yes,131,324,455,SIP/656
2026-07-06 12:43:03,CM cola Taller,Rocío Cornejo,1234567890,yes,19,143,162,SIP/651
2026-07-06 12:42:20,SF cola Taller,Alma Cordoba,1234567890,yes,23,265,288,SIP/655
2026-07-06 12:41:55,CM cola Taller,,1234567890,no,2,0,0,
2026-07-06 12:34:26,CM cola Taller,,1234567890,no,6,0,0,
2026-07-06 12:33:12,MPC cola Taller,Alma Cordoba,1234567890,yes,10,149,159,SIP/655
2026-07-06 12:30:01,CM cola Taller,Rocío Cornejo,1234567890,yes,22,448,470,SIP/651
2026-07-06 12:27:06,SF cola Taller,Sofia Montaño,1234567890,yes,8,337,345,SIP/656
2026-07-06 12:25:32,CM cola Taller,Alma Cordoba,1234567890,yes,24,91,115,SIP/655
2026-07-06 12:24:34,CM cola Taller,,1234567890,no,1,0,0,
2026-07-06 12:23:15,CM cola Taller,Rocío Cornejo,1234567890,yes,14,263,277,SIP/651
2026-07-06 12:22:02,MPC cola Taller,Sofia Montaño,1234567890,yes,14,68,82,SIP/656
2026-07-06 12:21:16,CM cola Taller,Rocío Cornejo,251,yes,7,2,9,SIP/651
2026-07-06 12:21:13,CM cola Taller,,1234567890,no,2,0,0,
2026-07-06 12:20:54,CM cola Taller,Alma Cordoba,1234567890,yes,7,132,139,SIP/655
2026-07-06 12:19:39,SF cola Taller,,1234567890,no,11,0,0,
2026-07-06 12:16:06,CM cola Taller,Sofia Montaño,1234567890,yes,21,6,27,SIP/656
2026-07-06 12:11:16,CM cola Taller,,1234567890,no,1,0,0,
2026-07-06 12:10:47,CM cola Taller,Rocío Cornejo,1234567890,yes,9,181,190,SIP/651
2026-07-06 12:09:07,CM cola Taller,Sofia Montaño,1234567890,yes,23,193,216,SIP/656
2026-07-06 12:06:32,CM cola Taller,Alma Cordoba,1234567890,yes,24,36,60,SIP/655
2026-07-06 12:00:01,CM cola Taller,,1234567890,no,1,0,0,
2026-07-06 11:54:50,MPC cola Taller,,1234567890,no,78,0,0,
2026-07-06 11:54:33,CM cola Taller,Alma Cordoba,1234567890,yes,16,98,114,SIP/655
2026-07-06 11:53:43,CM cola Taller,Rocío Cornejo,1234567890,yes,28,256,284,SIP/651
2026-07-06 11:51:45,MPC cola Taller,Sofia Montaño,1234567890,yes,5,415,420,SIP/656
2026-07-06 11:50:08,SF cola Taller,Rocío Cornejo,1234567890,yes,27,150,177,SIP/651
2026-07-06 11:47:18,MPC cola Taller,Alma Cordoba,1234567890,yes,78,213,291,SIP/655
2026-07-06 11:47:10,CM cola Taller,Rocío Cornejo,1234567890,yes,7,108,115,SIP/651
2026-07-06 11:46:41,CM cola Taller,Sofia Montaño,1234567890,yes,30,142,172,SIP/656
2026-07-06 11:44:20,MPC cola Taller,,1234567890,no,143,0,0,
2026-07-06 11:43:02,CM cola Taller,Vanesa Gonzalez Alcaraz,502,yes,127,103,230,SIP/306
2026-07-06 11:42:59,CM cola Taller,Alma Cordoba,1234567890,yes,92,225,317,SIP/655
2026-07-06 11:42:09,CM cola Taller,Rocío Cornejo,1234567890,yes,62,97,159,SIP/651
2026-07-06 11:40:56,CM cola Taller,Sofia Montaño,1234567890,yes,102,241,343,SIP/656
2026-07-06 11:38:55,CM cola Taller,,1234567890,no,1,0,0,
2026-07-06 11:38:36,CM cola Taller,Sofia Montaño,1234567890,yes,58,165,223,SIP/656
2026-07-06 11:37:22,CM cola Taller,,1234567890,no,1,0,0,
2026-07-06 11:36:59,CM cola Taller,,1234567890,no,1,0,0,
2026-07-06 11:36:23,CM cola Taller,Rocío Cornejo,1234567890,yes,152,213,365,SIP/651
2026-07-06 11:36:03,CM cola Taller,,1234567890,no,1,0,0,
2026-07-06 11:35:17,CM cola Taller,,1234567890,no,1,0,0,
2026-07-06 11:34:56,SF cola Taller,Alma Cordoba,1234567890,yes,10,150,160,SIP/655
2026-07-06 11:34:11,CM cola Taller,,1234567890,no,7,0,0,
2026-07-06 11:30:40,CM cola Taller,Sofia Montaño,1234567890,yes,140,199,339,SIP/656
2026-07-06 11:29:12,CM cola Taller,Alma Cordoba,1234567890,yes,144,171,315,SIP/655
2026-07-06 11:28:43,CM cola Taller,Sabrina Mercado,250,yes,5,40,45,SIP/250
2026-07-06 11:28:10,CM cola Taller,Alma Cordoba,1234567890,yes,20,158,178,SIP/655
2026-07-06 11:26:57,CM cola Taller,,1234567890,no,2,0,0,
2026-07-06 11:26:43,CM cola Taller,,1234567890,no,2,0,0,
2026-07-06 11:22:55,MPC cola Taller,Alma Cordoba,1234567890,yes,22,291,313,SIP/655
2026-07-06 11:18:00,CM cola Taller,Rocío Cornejo,1234567890,yes,78,179,257,SIP/651
2026-07-06 11:15:10,CM cola Taller,Rocío Cornejo,1234567890,yes,16,127,143,SIP/651
2026-07-06 11:11:13,CM cola Taller,,1234567890,no,94,0,0,
2026-07-06 11:09:18,CM cola Taller,Camila Mias,251,yes,197,23,220,SIP/251
2026-07-06 11:06:46,CM cola Taller,Alma Cordoba,1234567890,yes,54,209,263,SIP/655
2026-07-06 11:04:22,CM cola Taller,Rocío Cornejo,1234567890,yes,42,135,177,SIP/651
2026-07-06 11:03:41,CM cola Taller,Alma Cordoba,1234567890,yes,16,91,107,SIP/655
2026-07-06 11:00:47,MPC cola Taller,Rocío Cornejo,1234567890,yes,20,225,245,SIP/651
2026-07-06 11:00:19,SF cola Taller,Sofia Montaño,1234567890,yes,23,715,738,SIP/656
2026-07-06 10:57:21,CM cola Taller,Rocío Cornejo,1234567890,yes,136,77,213,SIP/651
2026-07-06 10:56:11,CM cola Taller,Sabrina Mercado,250,yes,27,18,45,SIP/250
2026-07-06 10:48:54,CM cola Taller,Rocío Cornejo,1234567890,yes,107,124,231,SIP/651
2026-07-06 10:45:16,CM cola Taller,Rocío Cornejo,1234567890,yes,62,147,209,SIP/651
2026-07-06 10:45:05,CM cola Taller,Sofia Montaño,1234567890,yes,39,273,312,SIP/656
2026-07-06 10:42:18,MPC cola Taller,Alma Cordoba,1234567890,yes,48,228,276,SIP/655
2026-07-06 10:39:12,CM cola Taller,,1234567890,no,36,0,0,
2026-07-06 10:37:18,CM cola Taller,Sofia Montaño,1234567890,yes,123,278,401,SIP/656
2026-07-06 10:34:37,CM cola Taller,Agustina Vargas,670,yes,35,62,97,SIP/255
2026-07-06 10:32:53,CM cola Taller,Sofia Montaño,1234567890,yes,29,188,217,SIP/656
2026-07-06 10:32:00,CM cola Taller,,1234567890,no,1,0,0,
2026-07-06 10:30:58,CM cola Taller,Alma Cordoba,1234567890,yes,154,119,273,SIP/655
2026-07-06 10:28:07,MPC cola Taller,,1234567890,no,1,0,0,
2026-07-06 10:24:49,CM cola Taller,,1234567890,no,0,0,0,
2026-07-06 10:23:22,CM cola Taller,Sabrina Mercado,250,yes,115,33,148,SIP/250
2026-07-06 10:23:19,CM cola Taller,Sofia Montaño,1234567890,yes,36,169,205,SIP/656
2026-07-06 10:21:50,CM cola Taller,Rocío Cornejo,1234567890,yes,44,137,181,SIP/651
2026-07-06 10:21:08,CM cola Taller,Alma Cordoba,1234567890,yes,23,143,166,SIP/655
2026-07-06 10:19:31,CM cola Taller,,1234567890,no,1,0,0,
2026-07-06 10:18:00,CM cola Taller,Rocío Cornejo,1234567890,yes,148,112,260,SIP/651
2026-07-06 10:17:31,CM cola Taller,Sabrina Mercado,250,yes,160,29,189,SIP/250
2026-07-06 10:15:14,CM cola Taller,Sofia Montaño,1234567890,yes,94,123,217,SIP/656
2026-07-06 10:13:45,CM cola Taller,,1234567890,no,1,0,0,
2026-07-06 10:12:56,MPC cola Taller,Alma Cordoba,1234567890,yes,271,192,463,SIP/655
2026-07-06 10:12:22,CM cola Taller,,1234567890,no,86,0,0,
2026-07-06 10:11:48,CM cola Taller,,1234567890,no,153,0,0,
2026-07-06 10:09:19,CM cola Taller,Rocío Cornejo,1234567890,yes,181,392,573,SIP/651
2026-07-06 10:08:29,CM cola Taller,,1234567890,no,0,0,0,
2026-07-06 10:07:46,MPC cola Taller,Alma Cordoba,1234567890,yes,233,337,570,SIP/655
2026-07-06 10:07:46,MPC cola Taller,Sofia Montaño,1234567890,yes,264,262,526,SIP/656
2026-07-06 10:04:29,MPC cola Taller,Rocío Cornejo,1234567890,yes,6,50,56,SIP/651
2026-07-06 10:01:24,CM cola Taller,Sofia Montaño,1234567890,yes,102,189,291,SIP/656
2026-07-06 10:01:21,CM cola Taller,Alma Cordoba,1234567890,yes,69,308,377,SIP/655
2026-07-06 10:00:56,CM cola Taller,Sofia Montaño,1234567890,yes,5,118,123,SIP/656
2026-07-06 09:56:24,CM cola Taller,Rocío Cornejo,1234567890,yes,168,272,440,SIP/651
2026-07-06 09:54:51,CM cola Taller,Alma Cordoba,1234567890,yes,253,195,448,SIP/655
2026-07-06 09:54:33,CM cola Taller,Rocío Cornejo,1234567890,yes,14,132,146,SIP/651
2026-07-06 09:52:53,CM cola Taller,Rocío Cornejo,1234567890,yes,39,18,57,SIP/651
2026-07-06 09:51:09,CM cola Taller,Alma Cordoba,1234567890,yes,19,225,244,SIP/655
2026-07-06 09:45:28,MPC cola Taller,Alma Cordoba,1234567890,yes,121,34,155,SIP/655
2026-07-06 09:40:52,MPC cola Taller,Rocío Cornejo,1234567890,yes,147,249,396,SIP/651
2026-07-06 09:40:00,CM cola Taller,Rocío Cornejo,1234567890,yes,6,148,154,SIP/651
2026-07-06 09:38:54,CM cola Taller,Alma Cordoba,1234567890,yes,45,180,225,SIP/655
2026-07-06 09:35:41,CM cola Taller,Rocío Cornejo,1234567890,yes,93,77,170,SIP/651
2026-07-06 09:34:20,MPC cola Taller,Alma Cordoba,1234567890,yes,29,221,250,SIP/655
2026-07-06 09:26:43,CM cola Taller,Sabrina Mercado,250,yes,193,28,221,SIP/250
2026-07-06 09:25:26,CM cola Taller,Rocío Cornejo,1234567890,yes,10,167,177,SIP/651
2026-07-06 09:25:26,CM cola Taller,Alma Cordoba,1234567890,yes,22,179,201,SIP/655
2026-07-06 09:21:29,CM cola Taller,,1234567890,no,1,0,0,
2026-07-06 09:19:23,CM cola Taller,Alma Cordoba,1234567890,yes,16,296,312,SIP/655
2026-07-06 09:18:50,CM cola Taller,Sabrina Mercado,250,yes,13,34,47,SIP/250
2026-07-06 09:15:56,CM cola Taller,Rocío Cornejo,1234567890,yes,8,141,149,SIP/651
2026-07-06 09:14:36,CM cola Taller,,1234567890,no,2,0,0,
2026-07-06 09:09:23,CM cola Taller,Alma Cordoba,1234567890,yes,68,336,404,SIP/655
2026-07-06 09:08:56,CM cola Taller,Camila Mias,251,yes,20,14,34,SIP/251
2026-07-06 09:08:28,CM cola Taller,,1234567890,no,0,0,0,
2026-07-06 09:08:08,CM cola Taller,Alma Cordoba,1234567890,yes,13,102,115,SIP/655
2026-07-06 09:07:38,CM cola Taller,,1234567890,no,1,0,0,
2026-07-06 08:58:33,MPC cola Taller,Rocío Cornejo,1234567890,yes,8,167,175,SIP/651
2026-07-06 08:58:24,CM cola Taller,Matias Villafane,502,yes,11,255,266,SIP/502
2026-07-06 08:50:08,CM cola Taller,Alma Cordoba,1234567890,yes,72,139,211,SIP/655
2026-07-06 08:47:47,CM cola Taller,Rocío Cornejo,1234567890,yes,122,144,266,SIP/651
2026-07-06 08:47:04,SF cola Taller,Alma Cordoba,1234567890,yes,35,209,244,SIP/655
2026-07-06 08:45:12,CM cola Taller,,1234567890,no,46,0,0,
2026-07-06 08:45:11,CM cola Taller,Alma Cordoba,1234567890,yes,15,112,127,SIP/655
2026-07-06 08:45:11,CM cola Taller,,1234567890,no,262,0,0,
2026-07-06 08:41:23,MPC cola Taller,Alma Cordoba,1234567890,yes,9,79,88,SIP/655
2026-07-06 08:39:40,CM cola Taller,Rocío Cornejo,1234567890,yes,100,493,593,SIP/651
2026-07-06 08:39:27,SF cola Taller,,1234567890,no,93,0,0,
2026-07-06 08:39:11,CM cola Taller,Alma Cordoba,213,yes,92,36,128,SIP/655
2026-07-06 08:38:45,CM cola Taller,,1234567890,no,2,0,0,
2026-07-06 08:38:02,MPC cola Taller,Alma Cordoba,1234567890,yes,9,142,151,SIP/655
2026-07-06 08:37:58,CM cola Taller,,1234567890,no,2,0,0,
2026-07-06 08:37:16,CM cola Taller,Rocío Cornejo,1234567890,yes,8,221,229,SIP/651
2026-07-06 08:37:04,CM cola Taller,,1234567890,no,1,0,0,
2026-07-06 08:35:33,CM cola Taller,,1234567890,no,4,0,0,
2026-07-06 08:32:25,MPC cola Taller,Alma Cordoba,1234567890,yes,18,57,75,SIP/655
2026-07-06 08:28:33,MPC cola Taller,Rocío Cornejo,1234567890,yes,11,336,347,SIP/651
2026-07-06 08:25:35,MPC cola Taller,Alma Cordoba,1234567890,yes,4,96,100,SIP/655
2026-07-06 08:19:59,CM cola Taller,Alma Cordoba,1234567890,yes,13,74,87,SIP/655
2026-07-06 08:15:22,CM cola Taller,Alma Cordoba,1234567890,yes,6,133,139,SIP/655
2026-07-06 08:06:35,CM cola Taller,Alma Cordoba,1234567890,yes,87,164,251,SIP/655
2026-07-06 08:05:30,CM cola Taller,,1234567890,no,1,0,0,
2026-07-06 08:05:15,CM cola Taller,Alma Cordoba,1234567890,yes,15,128,143,SIP/655
2026-07-03 17:19:14,CM cola Taller,,1234567890,no,708,0,0,
2026-07-03 17:09:56,CM cola Taller,,1234567890,no,209,0,0,
2026-07-03 17:02:51,CM cola Taller,,1234567890,no,144,0,0,
2026-07-03 16:53:24,MPC cola Taller,Alma Cordoba,1234567890,yes,10,132,142,SIP/655
2026-07-03 16:41:15,CM cola Taller,Alma Cordoba,1234567890,yes,12,138,150,SIP/655
2026-07-03 16:39:59,CM cola Taller,,1234567890,no,1,0,0,
2026-07-03 16:31:51,CM cola Taller,Rocío Cornejo,1234567890,yes,12,214,226,SIP/651
2026-07-03 16:31:14,CM cola Taller,,1234567890,no,1,0,0,
2026-07-03 16:21:52,CM cola Taller,,1234567890,no,124,0,0,
2026-07-03 16:17:27,CM cola Taller,Alma Cordoba,250,yes,31,63,94,SIP/655
2026-07-03 16:15:33,SF cola Taller,Rocío Cornejo,1234567890,yes,11,408,419,SIP/651
2026-07-03 16:08:44,CM cola Taller,Agustina Vargas,255,yes,13,82,95,SIP/255
2026-07-03 15:53:10,CM cola Taller,Alma Cordoba,1234567890,yes,51,80,131,SIP/655
2026-07-03 15:44:00,CM cola Taller,Sabrina Mercado,250,yes,11,47,58,SIP/250
2026-07-03 15:43:00,CM cola Taller,,1234567890,no,2,0,0,
2026-07-03 15:36:13,CM cola Taller,Rocío Cornejo,1234567890,yes,16,125,141,SIP/651
2026-07-03 15:35:04,CM cola Taller,,1234567890,no,9,0,0,
2026-07-03 15:34:36,CM cola Taller,,1234567890,no,2,0,0,
2026-07-03 15:24:06,CM cola Taller,,1234567890,no,1,0,0,
2026-07-03 15:12:54,SF cola Taller,Rocío Cornejo,1234567890,yes,47,108,155,SIP/651
2026-07-03 15:10:08,CM cola Taller,Alma Cordoba,1234567890,yes,15,163,178,SIP/655
2026-07-03 15:00:57,CM cola Taller,Alma Cordoba,1234567890,yes,12,191,203,SIP/655
2026-07-03 14:55:12,CM cola Taller,Sabrina Mercado,502,yes,10,39,49,SIP/250
2026-07-03 14:51:20,CM cola Taller,,1234567890,no,0,0,0,
2026-07-03 14:49:56,CM cola Taller,,1234567890,no,1,0,0,
2026-07-03 14:36:43,CM cola Taller,Rocío Cornejo,1234567890,yes,9,57,66,SIP/651
2026-07-03 14:23:33,CM cola Taller,Rocío Cornejo,250,yes,90,48,138,SIP/651
2026-07-03 14:20:30,CM cola Taller,Rocío Cornejo,1234567890,yes,236,26,262,SIP/651
2026-07-03 14:20:04,CM cola Taller,Rocío Cornejo,1234567890,yes,5,234,239,SIP/651
2026-07-03 14:19:58,CM cola Taller,,1234567890,no,3,0,0,
2026-07-03 14:19:43,CM cola Taller,Alma Cordoba,1234567890,yes,8,341,349,SIP/655
2026-07-03 14:19:19,CM cola Taller,,1234567890,no,1,0,0,
2026-07-03 14:12:17,CM cola Taller,Rocío Cornejo,1234567890,yes,8,78,86,SIP/651
2026-07-03 14:05:01,SF cola Taller,Rocío Cornejo,1234567890,yes,2,70,72,SIP/651
2026-07-03 14:03:41,CM cola Taller,Sabrina Mercado,250,yes,9,28,37,SIP/250
2026-07-03 14:01:53,CM cola Taller,,1234567890,no,4,0,0,
2026-07-03 12:40:40,MPC cola Taller,Alma Cordoba,1234567890,yes,22,116,138,SIP/655
2026-07-03 12:39:21,MPC cola Taller,Alma Cordoba,1234567890,yes,14,28,42,SIP/655
2026-07-03 12:31:01,CM cola Taller,Rocío Cornejo,1234567890,yes,18,89,107,SIP/651
2026-07-03 12:28:33,CM cola Taller,,1234567890,no,1,0,0,
2026-07-03 12:27:00,CM cola Taller,,1234567890,no,0,0,0,
2026-07-03 12:26:47,CM cola Taller,Alma Cordoba,1234567890,yes,102,329,431,SIP/655
2026-07-03 12:25:48,CM cola Taller,Rocío Cornejo,1234567890,yes,14,213,227,SIP/651
2026-07-03 12:24:25,MPC cola Taller,Alma Cordoba,1234567890,yes,20,206,226,SIP/655
2026-07-03 12:19:08,CM cola Taller,Rocío Cornejo,1234567890,yes,30,188,218,SIP/651
2026-07-03 12:14:55,CM cola Taller,Sabrina Mercado,250,yes,11,40,51,SIP/250
2026-07-03 12:04:02,CM cola Taller,Sabrina Mercado,250,yes,177,36,213,SIP/250
2026-07-03 12:02:51,CM cola Taller,Rocío Cornejo,1234567890,yes,79,148,227,SIP/651
2026-07-03 12:01:57,CM cola Taller,Alma Cordoba,1234567890,yes,21,338,359,SIP/655
2026-07-03 11:55:23,SF cola Taller,Alma Cordoba,1234567890,yes,9,55,64,SIP/655
2026-07-03 11:50:22,SF cola Taller,Rocío Cornejo,1234567890,yes,6,111,117,SIP/651
2026-07-03 11:48:14,CM cola Taller,Rocío Cornejo,1234567890,yes,7,72,79,SIP/651
2026-07-03 11:47:52,CM cola Taller,Alma Cordoba,1234567890,yes,14,76,90,SIP/655
2026-07-03 11:39:41,CM cola Taller,Rocío Cornejo,1234567890,yes,6,244,250,SIP/651
2026-07-03 11:32:10,MPC cola Taller,Alma Cordoba,1234567890,yes,14,112,126,SIP/655
2026-07-03 11:23:21,CM cola Taller,Alma Cordoba,1234567890,yes,16,237,253,SIP/655
2026-07-03 11:10:46,CM cola Taller,Alma Cordoba,1234567890,yes,15,163,178,SIP/655
2026-07-03 11:05:23,CM cola Taller,Rocío Cornejo,1234567890,yes,11,153,164,SIP/651
2026-07-03 11:04:30,CM cola Taller,,1234567890,no,1,0,0,
2026-07-03 10:56:03,CM cola Taller,Alma Cordoba,1234567890,yes,7,271,278,SIP/655
2026-07-03 10:54:42,CM cola Taller,Rocío Cornejo,1234567890,yes,9,397,406,SIP/651
2026-07-03 10:54:23,CM cola Taller,,1234567890,no,2,0,0,
2026-07-03 10:52:05,CM cola Taller,Alma Cordoba,1234567890,yes,10,180,190,SIP/655
2026-07-03 10:51:16,MPC cola Taller,Rocío Cornejo,1234567890,yes,9,88,97,SIP/651
2026-07-03 10:45:14,CM cola Taller,Alma Cordoba,1234567890,yes,15,178,193,SIP/655
2026-07-03 10:35:11,CM cola Taller,Camila Mias,251,yes,9,27,36,SIP/251
2026-07-03 10:32:40,CM cola Taller,Rocío Cornejo,1234567890,yes,8,105,113,SIP/651
2026-07-03 10:29:31,CM cola Taller,Sabrina Mercado,250,yes,120,36,156,SIP/250
2026-07-03 10:27:43,CM cola Taller,Martin Jalil,503,yes,151,26,177,SIP/503
2026-07-03 10:26:37,CM cola Taller,Alma Cordoba,670,yes,148,33,181,SIP/655
2026-07-03 10:26:28,CM cola Taller,Sabrina Mercado,250,yes,11,51,62,SIP/250
2026-07-03 10:25:28,CM cola Taller,Rocío Cornejo,1234567890,yes,7,340,347,SIP/651
2026-07-03 10:24:30,CM cola Taller,,1234567890,no,1,0,0,
2026-07-03 10:24:19,CM cola Taller,,1234567890,no,0,0,0,
2026-07-03 10:13:59,CM cola Taller,Sabrina Mercado,250,yes,23,48,71,SIP/250
2026-07-03 09:59:26,CM cola Taller,Alma Cordoba,1234567890,yes,14,85,99,SIP/655
2026-07-03 09:53:25,CM cola Taller,Alma Cordoba,1234567890,yes,12,187,199,SIP/655
2026-07-03 09:47:45,CM cola Taller,Rocío Cornejo,1234567890,yes,10,262,272,SIP/651
2026-07-03 09:46:32,CM cola Taller,,1234567890,no,1,0,0,
2026-07-03 09:38:57,CM cola Taller,Rocío Cornejo,1234567890,yes,10,243,253,SIP/651
2026-07-03 09:37:35,MPC cola Taller,Agustina Vargas,255,yes,9,29,38,SIP/255
2026-07-03 09:35:00,MPC cola Taller,Rocío Cornejo,1234567890,yes,5,174,179,SIP/651
2026-07-03 09:34:50,CM cola Taller,,1234567890,no,2,0,0,
2026-07-03 09:32:46,CM cola Taller,Rocío Cornejo,1234567890,yes,10,121,131,SIP/651
2026-07-03 09:28:01,CM cola Taller,Martin Jalil,503,yes,18,285,303,SIP/503
2026-07-03 09:27:54,CM cola Taller,Rocío Cornejo,1234567890,yes,10,110,120,SIP/651
2026-07-03 09:18:56,CM cola Taller,Alma Cordoba,1234567890,yes,19,200,219,SIP/655
2026-07-03 09:18:05,CM cola Taller,,1234567890,no,0,0,0,
2026-07-03 09:05:46,CM cola Taller,Alma Cordoba,1234567890,yes,12,202,214,SIP/655
2026-07-03 08:54:06,CM cola Taller,Alma Cordoba,1234567890,yes,14,70,84,SIP/655
2026-07-03 08:24:46,MPC cola Taller,Alma Cordoba,1234567890,yes,12,49,61,SIP/655
2026-07-03 08:23:02,CM cola Taller,,1234567890,no,1,0,0,
2026-07-03 08:14:25,SF cola Taller,Rocío Cornejo,1234567890,yes,12,171,183,SIP/651
2026-07-02 17:52:13,CM cola Taller,,1234567890,no,1,0,0,
2026-07-02 17:25:35,CM cola Taller,,1234567890,no,282,0,0,
2026-07-02 16:32:58,CM cola Taller,Rocío Cornejo,1234567890,yes,75,141,216,SIP/651
2026-07-02 16:30:26,CM cola Taller,Lucia Sosa,1234567890,yes,132,160,292,SIP/650
2026-07-02 16:29:25,CM cola Taller,Rocío Cornejo,1234567890,yes,13,258,271,SIP/651
2026-07-02 16:25:11,CM cola Taller,Rocío Cornejo,1234567890,yes,15,174,189,SIP/651
2026-07-02 16:24:13,CM cola Taller,,1234567890,no,0,0,0,
2026-07-02 16:13:58,SF cola Taller,Rocío Cornejo,1234567890,yes,41,124,165,SIP/651
2026-07-02 16:13:25,CM cola Taller,Sabrina Mercado,250,yes,210,62,272,SIP/250
2026-07-02 16:12:37,MPC cola Taller,Lucia Sosa,1234567890,yes,16,223,239,SIP/650
2026-07-02 16:05:28,CM cola Taller,,1234567890,no,1,0,0,
2026-07-02 15:57:19,CM cola Taller,Rocío Cornejo,1234567890,yes,10,173,183,SIP/651
2026-07-02 15:47:40,CM cola Taller,Rocío Cornejo,1234567890,yes,225,70,295,SIP/651
2026-07-02 15:47:05,CM cola Taller,Martin Jalil,503,yes,10,269,279,SIP/503
2026-07-02 15:18:12,CM cola Taller,Rocío Cornejo,1234567890,yes,10,230,240,SIP/651
2026-07-02 15:17:02,CM cola Taller,,1234567890,no,3,0,0,
2026-07-02 15:13:34,CM cola Taller,Lucia Sosa,1234567890,yes,26,172,198,SIP/650
2026-07-02 14:56:28,CM cola Taller,Rocío Cornejo,1234567890,yes,9,228,237,SIP/651
2026-07-02 14:51:50,CM cola Taller,Lucia Sosa,1234567890,yes,11,161,172,SIP/650
2026-07-02 14:40:58,CM cola Taller,Lucia Sosa,1234567890,yes,16,145,161,SIP/650
2026-07-02 14:17:27,CM cola Taller,Rocío Cornejo,1234567890,yes,10,262,272,SIP/651
2026-07-02 14:09:01,SF cola Taller,Lucia Sosa,1234567890,yes,12,216,228,SIP/650
2026-07-02 14:06:59,MPC cola Taller,Lucia Sosa,1234567890,yes,8,99,107,SIP/650
2026-07-02 14:02:01,SF cola Taller,Rocío Cornejo,1234567890,yes,5,321,326,SIP/651
2026-07-02 12:53:28,CM cola Taller,Lucia Sosa,1234567890,yes,13,358,371,SIP/650
2026-07-02 12:51:15,CM cola Taller,,1234567890,no,0,0,0,
2026-07-02 12:43:28,CM cola Taller,,1234567890,no,102,0,0,
2026-07-02 12:40:38,CM cola Taller,Rocío Cornejo,1234567890,yes,153,153,306,SIP/651
2026-07-02 12:39:56,CM cola Taller,,1234567890,no,3,0,0,
2026-07-02 12:39:19,CM cola Taller,,1234567890,no,1,0,0,
2026-07-02 12:38:21,SF cola Taller,Rocío Cornejo,1234567890,yes,8,227,235,SIP/651
2026-07-02 12:34:29,CM cola Taller,,1234567890,no,1,0,0,
2026-07-02 12:30:59,CM cola Taller,Rocío Cornejo,1234567890,yes,25,47,72,SIP/651
2026-07-02 12:29:42,CM cola Taller,,1234567890,no,1,0,0,
2026-07-02 12:22:30,CM cola Taller,Lucia Sosa,1234567890,yes,163,248,411,SIP/650
2026-07-02 12:22:07,CM cola Taller,Lucia Sosa,1234567890,yes,16,157,173,SIP/650
2026-07-02 12:21:59,CM cola Taller,,1234567890,no,0,0,0,
2026-07-02 12:21:30,CM cola Taller,Rocío Cornejo,1234567890,yes,9,211,220,SIP/651
2026-07-02 12:16:29,CM cola Taller,Lucia Sosa,1234567890,yes,38,56,94,SIP/650
2026-07-02 12:14:38,CM cola Taller,Lucia Sosa,1234567890,yes,15,104,119,SIP/650
2026-07-02 12:08:11,MPC cola Taller,Rocío Cornejo,1234567890,yes,3,132,135,SIP/651
2026-07-02 12:03:12,CM cola Taller,,1234567890,no,0,0,0,
2026-07-02 12:02:10,CM cola Taller,,1234567890,no,2,0,0,
2026-07-02 11:55:01,MPC cola Taller,Lucia Sosa,1234567890,yes,6,173,179,SIP/650
2026-07-02 11:47:06,MPC cola Taller,Rocío Cornejo,1234567890,yes,3,193,196,SIP/651
2026-07-02 11:45:24,CM cola Taller,,1234567890,no,2,0,0,
2026-07-02 11:42:22,MPC cola Taller,Rocío Cornejo,1234567890,yes,11,128,139,SIP/651
2026-07-02 11:29:44,MPC cola Taller,Agustina Vargas,255,yes,16,17,33,SIP/255
2026-07-02 11:24:23,CM cola Taller,Lucia Sosa,1234567890,yes,20,263,283,SIP/650
2026-07-02 11:07:55,CM cola Taller,,1234567890,no,2,0,0,
2026-07-02 11:06:43,CM cola Taller,Rocío Cornejo,1234567890,yes,22,292,314,SIP/651
2026-07-02 11:05:58,CM cola Taller,,1234567890,no,1,0,0,
2026-07-02 10:59:49,MPC cola Taller,Lucia Sosa,1234567890,yes,14,100,114,SIP/650
2026-07-02 10:46:24,CM cola Taller,Rocío Cornejo,1234567890,yes,237,405,642,SIP/651
2026-07-02 10:44:39,CM cola Taller,,1234567890,no,163,0,0,
2026-07-02 10:42:40,MPC cola Taller,Lucia Sosa,1234567890,yes,319,493,812,SIP/650
2026-07-02 10:41:56,CM cola Taller,Rocío Cornejo,1234567890,yes,26,395,421,SIP/651
2026-07-02 10:39:21,CM cola Taller,Lucia Sosa,1234567890,yes,8,454,462,SIP/650
2026-07-02 10:36:42,CM cola Taller,,1234567890,no,0,0,0,
2026-07-02 10:35:01,CM cola Taller,Rocío Cornejo,1234567890,yes,15,353,368,SIP/651
2026-07-02 10:29:59,CM cola Taller,Camila Mias,251,yes,68,26,94,SIP/251
2026-07-02 10:29:33,CM cola Taller,Rocío Cornejo,1234567890,yes,13,104,117,SIP/651
2026-07-02 10:28:41,CM cola Taller,,1234567890,no,0,0,0,
2026-07-02 10:27:25,MPC cola Taller,Lucia Sosa,1234567890,yes,15,175,190,SIP/650
2026-07-02 10:27:19,CM cola Taller,Sabrina Mercado,250,yes,12,51,63,SIP/250
2026-07-02 10:20:25,MPC cola Taller,,1234567890,no,110,0,0,
2026-07-02 10:19:36,CM cola Taller,Camila Mias,251,yes,31,25,56,SIP/251
2026-07-02 10:17:43,MPC cola Taller,Lucia Sosa,1234567890,yes,170,211,381,SIP/650
2026-07-02 10:15:44,CM cola Taller,Rocío Cornejo,1234567890,yes,214,198,412,SIP/651
2026-07-02 10:15:09,CM cola Taller,Rocío Cornejo,1234567890,yes,53,166,219,SIP/651
2026-07-02 10:12:09,CM cola Taller,Lucia Sosa,1234567890,yes,197,239,436,SIP/650
2026-07-02 10:12:04,CM cola Taller,Rocío Cornejo,1234567890,yes,7,212,219,SIP/651
2026-07-02 10:08:17,CM cola Taller,Lucia Sosa,1234567890,yes,7,395,402,SIP/650
2026-07-02 10:03:54,CM cola Taller,Sabrina Mercado,250,yes,7,34,41,SIP/250
2026-07-02 10:00:29,CM cola Taller,,1234567890,no,1,0,0,
2026-07-02 09:59:34,CM cola Taller,Rocío Cornejo,1234567890,yes,7,99,106,SIP/651
2026-07-02 09:58:31,CM cola Taller,,1234567890,no,3,0,0,
2026-07-02 09:50:07,CM cola Taller,Rocío Cornejo,1234567890,yes,156,169,325,SIP/651
2026-07-02 09:49:43,CM cola Taller,Lucia Sosa,1234567890,yes,52,200,252,SIP/650
2026-07-02 09:42:19,SF cola Taller,Rocío Cornejo,1234567890,yes,280,294,574,SIP/651
2026-07-02 09:38:09,CM cola Taller,Lucia Sosa,1234567890,yes,72,119,191,SIP/650
2026-07-02 09:37:09,CM cola Taller,Rocío Cornejo,1234567890,yes,100,456,556,SIP/651
2026-07-02 09:36:34,CM cola Taller,Rocío Cornejo,1234567890,yes,61,63,124,SIP/651
2026-07-02 09:36:04,CM cola Taller,,1234567890,no,0,0,0,
2026-07-02 09:34:36,CM cola Taller,Lucia Sosa,1234567890,yes,32,233,265,SIP/650
2026-07-02 09:33:30,CM cola Taller,,1234567890,no,2,0,0,
2026-07-02 09:30:37,CM cola Taller,Rocío Cornejo,1234567890,yes,295,114,409,SIP/651
2026-07-02 09:29:57,SF cola Taller,Lucia Sosa,1234567890,yes,34,248,282,SIP/650
2026-07-02 09:23:02,CM cola Taller,Lucia Sosa,1234567890,yes,130,273,403,SIP/650
2026-07-02 09:22:05,CM cola Taller,,1234567890,no,1,0,0,
2026-07-02 09:19:52,CM cola Taller,,1234567890,no,0,0,0,
2026-07-02 09:14:42,CM cola Taller,Lucia Sosa,1234567890,yes,75,167,242,SIP/650
2026-07-02 09:10:07,CM cola Taller,Rocío Cornejo,1234567890,yes,260,659,919,SIP/651
2026-07-02 09:10:02,CM cola Taller,Camila Mias,251,yes,237,22,259,SIP/251
2026-07-02 09:08:03,MPC cola Taller,Lucia Sosa,1234567890,yes,10,439,449,SIP/650
2026-07-02 09:05:50,CM cola Taller,,1234567890,no,5,0,0,
2026-07-02 09:02:01,CM cola Taller,Lucia Sosa,1234567890,yes,13,229,242,SIP/650
2026-07-02 08:58:03,CM cola Taller,Camila Mias,251,yes,15,28,43,SIP/251
2026-07-02 08:54:28,CM cola Taller,Rocío Cornejo,251,yes,6,2,8,SIP/651
2026-07-02 08:52:23,CM cola Taller,,1234567890,no,0,0,0,
2026-07-02 08:39:20,CM cola Taller,Rocío Cornejo,1234567890,yes,13,30,43,SIP/651
2026-07-02 08:35:03,CM cola Taller,Rocío Cornejo,1234567890,yes,7,170,177,SIP/651
2026-07-02 08:29:29,CM cola Taller,Rocío Cornejo,1234567890,yes,14,76,90,SIP/651
2026-07-02 08:23:28,CM cola Taller,Rocío Cornejo,1234567890,yes,8,256,264,SIP/651
2026-07-01 17:43:25,CM cola Taller,,1234567890,no,184,0,0,
2026-07-01 17:42:31,CM cola Taller,,1234567890,no,1,0,0,
2026-07-01 17:27:51,CM cola Taller,,1234567890,no,214,0,0,
2026-07-01 17:15:14,CM cola Taller,,1234567890,no,107,0,0,
2026-07-01 17:03:46,CM cola Taller,,1234567890,no,145,0,0,
2026-07-01 16:54:28,CM cola Taller,Rocío Cornejo,1234567890,yes,79,155,234,SIP/651
2026-07-01 16:41:54,CM cola Taller,Rocío Cornejo,1234567890,yes,7,161,168,SIP/651
2026-07-01 16:33:24,CM cola Taller,Camila Mias,251,yes,26,40,66,SIP/251
2026-07-01 16:33:18,CM cola Taller,,1234567890,no,1,0,0,
2026-07-01 16:31:43,CM cola Taller,Camila Mias,251,yes,18,29,47,SIP/251
2026-07-01 16:28:50,CM cola Taller,Alma Cordoba,1234567890,yes,12,271,283,SIP/655
2026-07-01 16:27:49,CM cola Taller,,1234567890,no,2,0,0,
2026-07-01 16:22:18,SF cola Taller,Alma Cordoba,1234567890,yes,21,110,131,SIP/655
2026-07-01 16:21:58,CM cola Taller,,1234567890,no,3,0,0,
2026-07-01 16:06:29,CM cola Taller,Alma Cordoba,1234567890,yes,13,208,221,SIP/655
2026-07-01 16:02:58,CM cola Taller,Rocío Cornejo,1234567890,yes,14,225,239,SIP/651
2026-07-01 15:45:35,SF cola Taller,Alma Cordoba,1234567890,yes,28,157,185,SIP/655
2026-07-01 15:33:46,SF cola Taller,Rocío Cornejo,1234567890,yes,10,396,406,SIP/651
2026-07-01 15:31:18,CM cola Taller,,1234567890,no,3,0,0,
2026-07-01 15:29:23,MPC cola Taller,Alma Cordoba,1234567890,yes,9,148,157,SIP/655
2026-07-01 15:26:59,CM cola Taller,Camila Mias,251,yes,6,36,42,SIP/251
2026-07-01 15:15:48,CM cola Taller,Rocío Cornejo,1234567890,yes,13,557,570,SIP/651
2026-07-01 15:04:22,CM cola Taller,Alma Cordoba,1234567890,yes,22,281,303,SIP/655
2026-07-01 15:00:41,CM cola Taller,Sabrina Mercado,250,yes,14,17,31,SIP/250
2026-07-01 14:50:04,SF cola Taller,Alma Cordoba,1234567890,yes,15,174,189,SIP/655
2026-07-01 14:41:52,SF cola Taller,Alma Cordoba,1234567890,yes,13,168,181,SIP/655
2026-07-01 14:32:39,CM cola Taller,Alma Cordoba,1234567890,yes,67,79,146,SIP/655
2026-07-01 14:30:56,CM cola Taller,,1234567890,no,3,0,0,
2026-07-01 14:23:47,SF cola Taller,Rocío Cornejo,1234567890,yes,83,620,703,SIP/651
2026-07-01 14:21:11,MPC cola Taller,Rocío Cornejo,1234567890,yes,50,171,221,SIP/651
2026-07-01 14:16:20,CM cola Taller,Rocío Cornejo,1234567890,yes,138,159,297,SIP/651
2026-07-01 14:15:58,CM cola Taller,Alma Cordoba,1234567890,yes,136,605,741,SIP/655
2026-07-01 14:14:33,CM cola Taller,,1234567890,no,21,0,0,
2026-07-01 14:09:45,CM cola Taller,Sabrina Mercado,250,yes,154,24,178,SIP/250
2026-07-01 14:08:52,CM cola Taller,Rocío Cornejo,1234567890,yes,380,181,561,SIP/651
2026-07-01 14:08:25,CM cola Taller,Alma Cordoba,1234567890,yes,207,342,549,SIP/655
2026-07-01 14:08:22,CM cola Taller,Alma Cordoba,1234567890,yes,142,55,197,SIP/655
2026-07-01 14:08:21,CM cola Taller,Alma Cordoba,1234567890,yes,24,98,122,SIP/655
2026-07-01 14:07:25,SF cola Taller,Rocío Cornejo,1234567890,yes,26,2,28,SIP/651
2026-07-01 14:07:20,CM cola Taller,,1234567890,no,0,0,0,
2026-07-01 14:06:46,CM cola Taller,Rocío Cornejo,1234567890,yes,102,202,304,SIP/651
2026-07-01 14:06:23,CM cola Taller,Alma Cordoba,1234567890,yes,12,112,124,SIP/655
2026-07-01 14:06:18,CM cola Taller,,1234567890,no,0,0,0,
2026-07-01 14:04:05,CM cola Taller,,1234567890,no,0,0,0,
2026-07-01 14:04:04,CM cola Taller,Rocío Cornejo,1234567890,yes,16,210,226,SIP/651
2026-07-01 14:03:08,CM cola Taller,Alma Cordoba,1234567890,yes,26,119,145,SIP/655
2026-07-01 14:02:10,CM cola Taller,,1234567890,no,0,0,0,
2026-07-01 12:56:14,CM cola Taller,Alma Cordoba,1234567890,yes,18,86,104,SIP/655
2026-07-01 12:55:22,CM cola Taller,,1234567890,no,0,0,0,
2026-07-01 12:49:50,CM cola Taller,Alma Cordoba,1234567890,yes,10,52,62,SIP/655
2026-07-01 12:41:26,MPC cola Taller,Rocío Cornejo,1234567890,yes,11,89,100,SIP/651
2026-07-01 12:38:00,CM cola Taller,Rocío Cornejo,1234567890,yes,42,122,164,SIP/651
2026-07-01 12:36:09,CM cola Taller,Rocío Cornejo,1234567890,yes,88,219,307,SIP/651
2026-07-01 12:35:47,MPC cola Taller,Alma Cordoba,1234567890,yes,21,72,93,SIP/655
2026-07-01 12:30:04,CM cola Taller,Rocío Cornejo,1234567890,yes,35,385,420,SIP/651
2026-07-01 12:26:51,MPC cola Taller,Agustina Vargas,255,yes,14,25,39,SIP/255
2026-07-01 12:21:37,MPC cola Taller,Alma Cordoba,1234567890,yes,13,172,185,SIP/655
2026-07-01 12:21:29,CM cola Taller,Martin Jalil,503,yes,11,17,28,SIP/503
2026-07-01 12:15:12,CM cola Taller,Camila Mias,251,yes,8,31,39,SIP/251
2026-07-01 12:10:57,CM cola Taller,,1234567890,no,1,0,0,
2026-07-01 12:10:03,CM cola Taller,Rocío Cornejo,1234567890,yes,22,204,226,SIP/651
2026-07-01 12:08:46,MPC cola Taller,Alma Cordoba,1234567890,yes,7,204,211,SIP/655
2026-07-01 12:07:57,CM cola Taller,,1234567890,no,0,0,0,
2026-07-01 12:01:52,CM cola Taller,Rocío Cornejo,1234567890,yes,15,201,216,SIP/651
2026-07-01 12:00:00,MPC cola Taller,Alma Cordoba,1234567890,yes,11,90,101,SIP/655
2026-07-01 11:56:20,CM cola Taller,Rocío Cornejo,1234567890,yes,16,185,201,SIP/651
2026-07-01 11:54:26,CM cola Taller,Alma Cordoba,1234567890,yes,10,175,185,SIP/655
2026-07-01 11:52:20,MPC cola Taller,Rocío Cornejo,1234567890,yes,4,67,71,SIP/651
2026-07-01 11:46:52,CM cola Taller,,1234567890,no,94,0,0,
2026-07-01 11:46:28,CM cola Taller,,1234567890,no,2,0,0,
2026-07-01 11:45:37,CM cola Taller,Alma Cordoba,1234567890,yes,224,27,251,SIP/655
2026-07-01 11:44:47,CM cola Taller,,1234567890,no,1,0,0,
2026-07-01 11:42:24,CM cola Taller,Rocío Cornejo,1234567890,yes,306,149,455,SIP/651
2026-07-01 11:42:03,MPC cola Taller,Alma Cordoba,1234567890,yes,6,413,419,SIP/655
2026-07-01 11:41:13,CM cola Taller,Rocío Cornejo,1234567890,yes,19,168,187,SIP/651
2026-07-01 11:40:35,CM cola Taller,,1234567890,no,0,0,0,
2026-07-01 11:36:15,MPC cola Taller,Alma Cordoba,1234567890,yes,15,117,132,SIP/655
2026-07-01 11:30:51,MPC cola Taller,Rocío Cornejo,1234567890,yes,21,137,158,SIP/651
2026-07-01 11:26:42,SF cola Taller,Alma Cordoba,1234567890,yes,10,116,126,SIP/655
2026-07-01 11:21:30,CM cola Taller,,1234567890,no,1,0,0,
2026-07-01 11:20:50,MPC cola Taller,Rocío Cornejo,1234567890,yes,30,78,108,SIP/651
2026-07-01 11:20:48,SF cola Taller,Rocío Cornejo,1234567890,yes,191,124,315,SIP/651
2026-07-01 11:19:31,CM cola Taller,Alma Cordoba,1234567890,yes,62,285,347,SIP/655
2026-07-01 11:17:05,CM cola Taller,Alma Cordoba,251,yes,9,1,10,SIP/655
2026-07-01 11:15:32,CM cola Taller,Sabrina Mercado,250,yes,14,30,44,SIP/250
2026-07-01 11:14:37,SF cola Taller,Alma Cordoba,1234567890,yes,13,47,60,SIP/655
2026-07-01 11:07:33,CM cola Taller,Alma Cordoba,Anonymous,yes,111,135,246,SIP/655
2026-07-01 11:06:36,CM cola Taller,,Anonymous,no,1,0,0,
2026-07-01 11:05:51,CM cola Taller,,1234567890,no,2,0,0,
2026-07-01 10:59:18,CM cola Taller,Martin Jalil,503,yes,17,35,52,SIP/503
2026-07-01 10:58:40,CM cola Taller,Rocío Cornejo,1234567890,yes,448,194,642,SIP/651
2026-07-01 10:55:03,CM cola Taller,Alma Cordoba,1234567890,yes,40,51,91,SIP/655
2026-07-01 10:54:03,CM cola Taller,Rocío Cornejo,1234567890,yes,22,293,315,SIP/651
2026-07-01 10:43:52,MPC cola Taller,Alma Cordoba,1234567890,yes,65,208,273,SIP/655
2026-07-01 10:42:10,CM cola Taller,,1234567890,no,55,0,0,
2026-07-01 10:40:40,CM cola Taller,Rocío Cornejo,1234567890,yes,188,125,313,SIP/651
2026-07-01 10:39:25,MPC cola Taller,Alma Cordoba,1234567890,yes,206,115,321,SIP/655
2026-07-01 10:39:03,CM cola Taller,,1234567890,no,1,0,0,
2026-07-01 10:36:06,CM cola Taller,,1234567890,no,3,0,0,
2026-07-01 10:35:36,CM cola Taller,,1234567890,no,3,0,0,
2026-07-01 10:33:56,CM cola Taller,Alma Cordoba,1234567890,yes,24,492,516,SIP/655
2026-07-01 10:28:24,SF cola Taller,Rocío Cornejo,1234567890,yes,196,702,898,SIP/651
2026-07-01 10:27:29,CM cola Taller,,1234567890,no,2,0,0,
2026-07-01 10:25:05,SF cola Taller,Rocío Cornejo,1234567890,yes,9,374,383,SIP/651
2026-07-01 10:23:50,SF cola Taller,Alma Cordoba,1234567890,yes,7,200,207,SIP/655
2026-07-01 10:17:11,MPC cola Taller,Alma Cordoba,1234567890,yes,25,130,155,SIP/655
2026-07-01 10:15:35,MPC cola Taller,,1234567890,no,72,0,0,
2026-07-01 10:14:05,CM cola Taller,Alma Cordoba,1234567890,yes,19,186,205,SIP/655
2026-07-01 10:12:56,CM cola Taller,Rocío Cornejo,1234567890,yes,30,280,310,SIP/651
2026-07-01 10:12:05,CM cola Taller,Alma Cordoba,1234567890,yes,13,115,128,SIP/655
2026-07-01 10:08:03,CM cola Taller,,1234567890,no,0,0,0,
2026-07-01 10:07:21,CM cola Taller,Alma Cordoba,1234567890,yes,14,218,232,SIP/655
2026-07-01 10:06:30,CM cola Taller,Matias Villafane,502,yes,13,84,97,SIP/502
2026-07-01 10:06:30,CM cola Taller,,1234567890,no,1,0,0,
2026-07-01 10:03:31,CM cola Taller,,1234567890,no,2,0,0,
2026-07-01 09:58:43,CM cola Taller,Alma Cordoba,1234567890,yes,31,207,238,SIP/655
2026-07-01 09:57:56,MPC cola Taller,Rocío Cornejo,1234567890,yes,46,167,213,SIP/651
2026-07-01 09:56:04,CM cola Taller,Alma Cordoba,1234567890,yes,10,156,166,SIP/655
2026-07-01 09:54:38,CM cola Taller,,1234567890,no,1,0,0,
2026-07-01 09:47:46,CM cola Taller,Sabrina Mercado,250,yes,6,34,40,SIP/250
2026-07-01 09:47:16,MPC cola Taller,Alma Cordoba,1234567890,yes,8,170,178,SIP/655
2026-07-01 09:46:07,CM cola Taller,,1234567890,no,0,0,0,
2026-07-01 09:45:03,CM cola Taller,,1234567890,no,0,0,0,
2026-07-01 09:36:49,MPC cola Taller,Rocío Cornejo,1234567890,yes,6,52,58,SIP/651
2026-07-01 09:29:42,CM cola Taller,Sabrina Mercado,250,yes,7,23,30,SIP/250
2026-07-01 09:27:14,CM cola Taller,Rocío Cornejo,1234567890,yes,9,74,83,SIP/651
2026-07-01 09:26:01,CM cola Taller,,1234567890,no,0,0,0,
2026-07-01 09:23:33,CM cola Taller,Rocío Cornejo,1234567890,yes,9,129,138,SIP/651
2026-07-01 09:22:08,CM cola Taller,Alma Cordoba,1234567890,yes,9,661,670,SIP/655
2026-07-01 09:20:44,CM cola Taller,,1234567890,no,2,0,0,
2026-07-01 09:18:15,SF cola Taller,Alma Cordoba,1234567890,yes,5,119,124,SIP/655
2026-07-01 09:16:01,CM cola Taller,Rocío Cornejo,1234567890,yes,9,144,153,SIP/651
2026-07-01 09:14:12,CM cola Taller,,1234567890,no,0,0,0,
2026-07-01 09:05:33,CM cola Taller,Rocío Cornejo,1234567890,yes,7,165,172,SIP/651
2026-07-01 09:04:06,CM cola Taller,Alma Cordoba,1234567890,yes,14,252,266,SIP/655
2026-07-01 09:01:58,MPC cola Taller,Rocío Cornejo,1234567890,yes,4,170,174,SIP/651
2026-07-01 08:54:52,CM cola Taller,,1234567890,no,2,0,0,
2026-07-01 08:51:28,CM cola Taller,Alma Cordoba,1234567890,yes,7,33,40,SIP/655
2026-07-01 08:49:21,MPC cola Taller,Rocío Cornejo,1234567890,yes,11,119,130,SIP/651
2026-07-01 08:48:15,CM cola Taller,Alma Cordoba,1234567890,yes,10,134,144,SIP/655
2026-07-01 08:35:21,SF cola Taller,Rocío Cornejo,1234567890,yes,13,113,126,SIP/651
2026-07-01 08:26:09,SF cola Taller,Alma Cordoba,1234567890,yes,4,158,162,SIP/655
2026-07-01 08:22:39,CM cola Taller,Rocío Cornejo,1234567890,yes,12,85,97,SIP/651
2026-07-01 08:21:41,CM cola Taller,,1234567890,no,0,0,0,
2026-10-08 17:53:30,CM cola Taller,,1234567890,no,63,0,0,
2026-10-08 17:45:16,CM cola Taller,,1234567890,no,187,0,0,
2026-10-08 17:44:33,CM cola Taller,,1234567890,no,4,0,0,
2026-10-08 17:43:13,CM cola Taller,,1234567890,no,13,0,0,
2026-10-08 17:14:02,CM cola Taller,,1234567890,no,0,0,0,
2026-10-08 17:13:32,CM cola Taller,,1234567890,no,1084,0,0,
2026-10-08 17:10:11,CM cola Taller,,1234567890,no,3,0,0,
2026-10-08 16:54:21,CM cola Taller,,1234567890,no,309,0,0,
2026-10-08 16:46:17,CM cola Taller,,1234567890,no,479,0,0,
2026-10-08 16:45:01,CM cola Taller,Alma Cordoba,1234567890,yes,12,578,590,SIP/655
2026-10-08 16:30:34,CM cola Taller,,1234567890,no,176,0,0,
2026-10-08 16:24:42,MPC cola Taller,Alma Cordoba,1234567890,yes,340,216,556,SIP/655
2026-10-08 16:15:14,CM cola Taller,Alma Cordoba,1234567890,yes,16,168,184,SIP/655
2026-10-08 16:09:49,MPC cola Taller,Alma Cordoba,1234567890,yes,10,137,147,SIP/655
2026-10-08 16:07:19,CM cola Taller,Alma Cordoba,1234567890,yes,21,89,110,SIP/655
2026-10-08 15:55:24,CM cola Taller,Rocío Cornejo,1234567890,yes,57,85,142,SIP/651
2026-10-08 15:54:43,SF cola Taller,Alma Cordoba,1234567890,yes,2,313,315,SIP/655
2026-10-08 15:51:58,CM cola Taller,Rocío Cornejo,1234567890,yes,56,96,152,SIP/651
2026-10-08 15:50:11,CM cola Taller,Rocío Cornejo,1234567890,yes,45,18,63,SIP/651
2026-10-08 15:49:10,CM cola Taller,,1234567890,no,144,0,0,
2026-10-08 15:48:55,CM cola Taller,Rocío Cornejo,1234567890,yes,13,92,105,SIP/651
2026-10-08 15:41:44,CM cola Taller,Sabrina Mercado,250,yes,80,39,119,SIP/250
2026-10-08 15:39:30,CM cola Taller,Alma Cordoba,1234567890,yes,31,32,63,SIP/655
2026-10-08 15:27:32,CM cola Taller,Alma Cordoba,358,yes,20,67,87,SIP/655
2026-10-08 15:18:38,MPC cola Taller,Rocío Cornejo,1234567890,yes,3,100,103,SIP/651
2026-10-08 15:16:14,CM cola Taller,Rocío Cornejo,1234567890,yes,13,131,144,SIP/651
2026-10-08 15:07:14,CM cola Taller,Alma Cordoba,1234567890,yes,17,23,40,SIP/655
2026-10-08 15:01:09,CM cola Taller,Alma Cordoba,1234567890,yes,7,273,280,SIP/655
2026-10-08 14:59:59,CM cola Taller,Rocío Cornejo,1234567890,yes,19,167,186,SIP/651
2026-10-08 14:50:32,CM cola Taller,Rocío Cornejo,1234567890,yes,159,113,272,SIP/651
2026-10-08 14:48:35,MPC cola Taller,Rocío Cornejo,1234567890,yes,11,241,252,SIP/651
2026-10-08 14:46:18,MPC cola Taller,Alma Cordoba,1234567890,yes,9,473,482,SIP/655
2026-10-08 14:32:08,CM cola Taller,Alma Cordoba,1234567890,yes,17,163,180,SIP/655
2026-10-08 14:26:04,CM cola Taller,Rocío Cornejo,1234567890,yes,28,195,223,SIP/651
2026-10-08 14:18:31,CM cola Taller,Alma Cordoba,1234567890,yes,9,260,269,SIP/655
2026-10-08 14:16:54,CM cola Taller,Rocío Cornejo,1234567890,yes,11,146,157,SIP/651
2026-10-08 14:15:43,CM cola Taller,Alma Cordoba,1234567890,yes,8,67,75,SIP/655
2026-10-08 14:05:10,CM cola Taller,Rocío Cornejo,1234567890,yes,9,176,185,SIP/651
2026-10-08 14:02:59,CM cola Taller,Sabrina Mercado,250,yes,21,19,40,SIP/250
2026-10-08 12:38:43,CM cola Taller,Rocío Cornejo,1234567890,yes,80,88,168,SIP/651
2026-10-08 12:38:29,CM cola Taller,Lucia Sosa,1234567890,yes,38,79,117,SIP/650
2026-10-08 12:33:12,MPC cola Taller,Lucia Sosa,1234567890,yes,120,35,155,SIP/650
2026-10-08 12:33:07,CM cola Taller,Alma Cordoba,1234567890,yes,144,568,712,SIP/655
2026-10-08 12:32:59,CM cola Taller,Rocío Cornejo,1234567890,yes,42,92,134,SIP/651
2026-10-08 12:32:20,CM cola Taller,Camila Mias,251,yes,19,14,33,SIP/251
2026-10-08 12:25:34,CM cola Taller,Sabrina Mercado,250,yes,201,36,237,SIP/250
2026-10-08 12:12:10,CM cola Taller,Rocío Cornejo,1234567890,yes,5,370,375,SIP/651
2026-10-08 12:10:28,CM cola Taller,,1234567890,no,3,0,0,
2026-10-08 11:56:20,CM cola Taller,Alma Cordoba,1234567890,yes,273,141,414,SIP/655
2026-10-08 11:55:46,CM cola Taller,Alma Cordoba,1234567890,yes,97,127,224,SIP/655
2026-10-08 11:54:51,CM cola Taller,Lucia Sosa,1234567890,yes,135,267,402,SIP/650
2026-10-08 11:53:09,CM cola Taller,,1234567890,no,60,0,0,
2026-10-08 11:48:22,SF cola Taller,Alma Cordoba,1234567890,yes,56,272,328,SIP/655
2026-10-08 11:43:42,MPC cola Taller,Alma Cordoba,1234567890,yes,1,148,149,SIP/655
2026-10-08 11:43:13,CM cola Taller,Lucia Sosa,1234567890,yes,18,418,436,SIP/650
2026-10-08 11:40:53,CM cola Taller,,1234567890,no,120,0,0,
2026-10-08 11:37:39,CM cola Taller,Lucia Sosa,1234567890,yes,23,216,239,SIP/650
2026-10-08 11:32:37,CM cola Taller,Camila Mias,251,yes,21,41,62,SIP/251
2026-10-08 11:22:44,CM cola Taller,,1234567890,no,442,0,0,
2026-10-08 11:20:29,CM cola Taller,Lucia Sosa,1234567890,yes,458,205,663,SIP/650
2026-10-08 11:19:03,CM cola Taller,Alma Cordoba,1234567890,yes,22,536,558,SIP/655
2026-10-08 11:16:36,MPC cola Taller,Lucia Sosa,1234567890,yes,7,657,664,SIP/650
2026-10-08 11:14:21,CM cola Taller,Alma Cordoba,1234567890,yes,19,103,122,SIP/655
2026-10-08 11:03:05,CM cola Taller,Alma Cordoba,1234567890,yes,15,48,63,SIP/655
2026-10-08 10:51:44,MPC cola Taller,,1234567890,no,275,0,0,
2026-10-08 10:47:35,CM cola Taller,,1234567890,no,123,0,0,
2026-10-08 10:47:34,CM cola Taller,Lucia Sosa,1234567890,yes,88,528,616,SIP/650
2026-10-08 10:43:12,CM cola Taller,Alma Cordoba,1234567890,yes,14,265,279,SIP/655
2026-10-08 10:40:38,SF cola Taller,Lucia Sosa,1234567890,yes,27,184,211,SIP/650
2026-10-08 10:39:37,MPC cola Taller,Alma Cordoba,1234567890,yes,5,111,116,SIP/655
2026-10-08 10:37:11,CM cola Taller,Lucia Sosa,1234567890,yes,37,94,131,SIP/650
2026-10-08 10:29:17,CM cola Taller,Lucia Sosa,1234567890,yes,250,102,352,SIP/650
2026-10-08 10:26:38,CM cola Taller,Alma Cordoba,1234567890,yes,136,321,457,SIP/655
2026-10-08 10:24:40,CM cola Taller,Lucia Sosa,1234567890,yes,136,186,322,SIP/650
2026-10-08 10:17:25,CM cola Taller,,1234567890,no,469,0,0,
2026-10-08 10:15:33,MPC cola Taller,Lucia Sosa,1234567890,yes,411,240,651,SIP/650
2026-10-08 10:15:26,SF cola Taller,Alma Cordoba,1234567890,yes,124,147,271,SIP/655
2026-10-08 10:14:50,CM cola Taller,Alma Cordoba,1234567890,yes,467,244,711,SIP/655
2026-10-08 10:13:26,CM cola Taller,Alma Cordoba,1234567890,yes,82,156,238,SIP/655
2026-10-08 10:11:56,MPC cola Taller,Alma Cordoba,1234567890,yes,8,127,135,SIP/655
2026-10-08 10:06:12,CM cola Taller,Lucia Sosa,1234567890,yes,19,116,135,SIP/650
2026-10-08 10:03:54,CM cola Taller,Alma Cordoba,1234567890,yes,8,108,116,SIP/655
2026-10-08 10:01:45,CM cola Taller,Lucia Sosa,1234567890,yes,8,145,153,SIP/650
2026-10-08 09:57:26,SF cola Taller,Alma Cordoba,1234567890,yes,8,265,273,SIP/655
2026-10-08 09:56:38,SF cola Taller,Lucia Sosa,1234567890,yes,30,149,179,SIP/650
2026-10-08 09:56:02,CM cola Taller,,1234567890,no,50,0,0,
2026-10-08 09:54:44,MPC cola Taller,Lucia Sosa,1234567890,yes,8,59,67,SIP/650
2026-10-08 09:45:05,CM cola Taller,,1234567890,no,153,0,0,
2026-10-08 09:38:02,CM cola Taller,Lucia Sosa,1234567890,yes,23,480,503,SIP/650
2026-10-08 09:20:18,CM cola Taller,Lucia Sosa,1234567890,yes,12,207,219,SIP/650
2026-10-08 09:16:58,CM cola Taller,Lucia Sosa,1234567890,yes,13,57,70,SIP/650
2026-10-08 08:53:31,CM cola Taller,Lucia Sosa,1234567890,yes,234,333,567,SIP/650
2026-10-08 08:45:30,CM cola Taller,Lucia Sosa,1234567890,yes,290,291,581,SIP/650
2026-10-08 08:43:05,CM cola Taller,Lucia Sosa,1234567890,yes,138,284,422,SIP/650
2026-10-08 08:35:01,MPC cola Taller,,1234567890,no,350,0,0,
2026-10-08 08:34:53,CM cola Taller,,1234567890,no,44,0,0,
2026-10-08 08:33:42,CM cola Taller,Lucia Sosa,1234567890,yes,16,667,683,SIP/650
2026-10-08 08:16:23,CM cola Taller,,1234567890,no,148,0,0,
2026-10-08 08:15:17,CM cola Taller,Lucia Sosa,1234567890,yes,390,277,667,SIP/650
2026-10-08 08:14:24,CM cola Taller,Lucia Sosa,1234567890,yes,228,195,423,SIP/650
2026-10-08 08:11:17,CM cola Taller,Lucia Sosa,1234567890,yes,297,84,381,SIP/650
2026-10-08 08:10:31,SF cola Taller,Lucia Sosa,1234567890,yes,25,151,176,SIP/650
2026-10-07 17:59:41,CM cola Taller,,1234567890,no,334,0,0,
2026-10-07 17:48:59,CM cola Taller,,1234567890,no,677,0,0,
2026-10-07 17:47:08,CM cola Taller,,1234567890,no,162,0,0,
2026-10-07 17:40:02,CM cola Taller,,1234567890,no,714,0,0,
2026-10-07 17:39:04,CM cola Taller,,1234567890,no,525,0,0,
2026-10-07 17:32:59,CM cola Taller,,1234567890,no,570,0,0,
2026-10-07 17:31:29,CM cola Taller,,1234567890,no,248,0,0,
2026-10-07 17:24:11,CM cola Taller,,1234567890,no,91,0,0,
2026-10-07 17:18:35,CM cola Taller,,1234567890,no,694,0,0,
2026-10-07 17:05:55,CM cola Taller,,1234567890,no,949,0,0,
2026-10-07 16:55:20,CM cola Taller,,1234567890,no,673,0,0,
2026-10-07 16:49:25,CM cola Taller,,1234567890,no,343,0,0,
2026-10-07 16:34:58,CM cola Taller,Rocío Cornejo,1234567890,yes,255,278,533,SIP/651
2026-10-07 16:33:44,CM cola Taller,Sabrina Mercado,250,yes,167,19,186,SIP/250
2026-10-07 16:30:46,CM cola Taller,Rocío Cornejo,1234567890,yes,244,53,297,SIP/651
2026-10-07 16:29:00,CM cola Taller,Camila Mias,251,yes,63,22,85,SIP/251
2026-10-07 16:28:32,MPC cola Taller,,1234567890,no,334,0,0,
2026-10-07 16:03:54,CM cola Taller,Rocío Cornejo,1234567890,yes,50,427,477,SIP/651
2026-10-07 16:02:45,SF cola Taller,,1234567890,no,36,0,0,
2026-10-07 16:00:13,CM cola Taller,,1234567890,no,115,0,0,
2026-10-07 15:55:24,MPC cola Taller,,1234567890,no,186,0,0,
2026-10-07 15:55:19,CM cola Taller,Rocío Cornejo,250,yes,321,234,555,SIP/651
2026-10-07 15:55:18,CM cola Taller,,1234567890,no,187,0,0,
2026-10-07 15:52:54,CM cola Taller,,1234567890,no,58,0,0,
2026-10-07 15:47:37,CM cola Taller,Sofia Montaño,1234567890,yes,7,455,462,SIP/656
2026-10-07 15:42:43,SF cola Taller,Sofia Montaño,1234567890,yes,5,84,89,SIP/656
2026-10-07 15:32:34,CM cola Taller,Sofia Montaño,1234567890,yes,8,100,108,SIP/656
2026-10-07 15:30:51,CM cola Taller,Rocío Cornejo,1234567890,yes,41,133,174,SIP/651
2026-10-07 15:21:15,CM cola Taller,Rocío Cornejo,1234567890,yes,10,65,75,SIP/651
2026-10-07 15:14:22,CM cola Taller,Sofia Montaño,1234567890,yes,9,71,80,SIP/656
2026-10-07 14:59:17,CM cola Taller,Camila Mias,251,yes,152,73,225,SIP/251
2026-10-07 14:48:47,CM cola Taller,Camila Mias,251,yes,23,50,73,SIP/251
2026-10-07 14:46:10,CM cola Taller,Rocío Cornejo,1234567890,yes,9,147,156,SIP/651
2026-10-07 14:41:34,CM cola Taller,Sofia Montaño,1234567890,yes,24,128,152,SIP/656
2026-10-07 14:30:39,CM cola Taller,Sofia Montaño,1234567890,yes,18,175,193,SIP/656
2026-10-07 14:30:18,MPC cola Taller,Rocío Cornejo,1234567890,yes,24,308,332,SIP/651
2026-10-07 14:28:37,CM cola Taller,Sofia Montaño,1234567890,yes,53,10,63,SIP/656
2026-10-07 14:27:48,MPC cola Taller,Rocío Cornejo,1234567890,yes,12,70,82,SIP/651
2026-10-07 14:27:28,CM cola Taller,,1234567890,no,9,0,0,
2026-10-07 14:25:03,MPC cola Taller,Rocío Cornejo,1234567890,yes,48,65,113,SIP/651
2026-10-07 14:24:39,MPC cola Taller,Sofia Montaño,1234567890,yes,154,115,269,SIP/656
2026-10-07 14:12:38,CM cola Taller,Sofia Montaño,1234567890,yes,20,844,864,SIP/656
2026-10-07 14:11:20,CM cola Taller,Rocío Cornejo,1234567890,yes,18,148,166,SIP/651
2026-10-07 14:09:02,CM cola Taller,Agustina Vargas,250,yes,17,55,72,SIP/255
2026-10-07 14:03:26,CM cola Taller,Rocío Cornejo,1234567890,yes,11,320,331,SIP/651
2026-10-07 12:56:25,CM cola Taller,Rocío Cornejo,1234567890,yes,163,40,203,SIP/651
2026-10-07 12:53:32,CM cola Taller,Lucia Sosa,1234567890,yes,172,127,299,SIP/650
2026-10-07 12:50:26,CM cola Taller,Lucia Sosa,1234567890,yes,26,133,159,SIP/650
2026-10-07 12:39:59,CM cola Taller,Lucia Sosa,1234567890,yes,23,26,49,SIP/650
2026-10-07 12:39:01,CM cola Taller,Sofia Montaño,1234567890,yes,21,213,234,SIP/656
2026-10-07 12:19:13,CM cola Taller,Sofia Montaño,1234567890,yes,13,164,177,SIP/656
2026-10-07 12:07:19,CM cola Taller,Rocío Cornejo,1234567890,yes,7,100,107,SIP/651
2026-10-07 11:49:21,CM cola Taller,Lucia Sosa,1234567890,yes,23,262,285,SIP/650
2026-10-07 11:42:26,CM cola Taller,Rocío Cornejo,1234567890,yes,13,81,94,SIP/651
2026-10-07 11:32:57,CM cola Taller,Rocío Cornejo,1234567890,yes,7,156,163,SIP/651
2026-10-07 11:32:08,CM cola Taller,Sofia Montaño,1234567890,yes,11,149,160,SIP/656
2026-10-07 11:27:08,MPC cola Taller,Lucia Sosa,1234567890,yes,220,693,913,SIP/650
2026-10-07 11:22:40,CM cola Taller,,1234567890,no,138,0,0,
2026-10-07 11:20:39,CM cola Taller,Rocío Cornejo,1234567890,yes,485,111,596,SIP/651
2026-10-07 11:19:44,CM cola Taller,Sofia Montaño,1234567890,yes,530,137,667,SIP/656
2026-10-07 11:18:54,CM cola Taller,,1234567890,no,82,0,0,
2026-10-07 11:18:06,CM cola Taller,Lucia Sosa,1234567890,yes,190,539,729,SIP/650
2026-10-07 11:17:33,CM cola Taller,Rocío Cornejo,1234567890,yes,24,360,384,SIP/651
2026-10-07 11:17:31,CM cola Taller,Sofia Montaño,1234567890,yes,5,259,264,SIP/656
2026-10-07 11:16:11,CM cola Taller,,1234567890,no,2,0,0,
2026-10-07 11:15:17,CM cola Taller,Lucia Sosa,1234567890,yes,14,313,327,SIP/650
2026-10-07 11:08:55,CM cola Taller,Lucia Sosa,1234567890,yes,10,163,173,SIP/650
2026-10-07 11:04:50,CM cola Taller,Rocío Cornejo,1234567890,yes,7,118,125,SIP/651
2026-10-07 10:57:50,CM cola Taller,Rocío Cornejo,1234567890,yes,30,231,261,SIP/651
2026-10-07 10:43:46,CM cola Taller,Sofia Montaño,1234567890,yes,14,240,254,SIP/656
2026-10-07 10:40:31,SF cola Taller,Rocío Cornejo,1234567890,yes,9,227,236,SIP/651
2026-10-07 10:39:57,CM cola Taller,Sofia Montaño,1234567890,yes,7,86,93,SIP/656
2026-10-07 10:36:38,CM cola Taller,Lucia Sosa,1234567890,yes,15,77,92,SIP/650
2026-10-07 10:30:52,SF cola Taller,Rocío Cornejo,1234567890,yes,5,69,74,SIP/651
2026-10-07 10:27:22,CM cola Taller,Rocío Cornejo,1234567890,yes,11,116,127,SIP/651
2026-10-07 10:02:34,CM cola Taller,Rocío Cornejo,1234567890,yes,10,136,146,SIP/651
2026-10-07 09:52:49,CM cola Taller,Martin Jalil,503,yes,20,410,430,SIP/503
2026-10-07 09:48:26,CM cola Taller,Sofia Montaño,1234567890,yes,8,232,240,SIP/656
2026-10-07 09:40:32,CM cola Taller,Sofia Montaño,1234567890,yes,30,156,186,SIP/656
2026-10-07 09:39:22,CM cola Taller,Lucia Sosa,1234567890,yes,164,176,340,SIP/650
2026-10-07 09:38:40,CM cola Taller,Lucia Sosa,1234567890,yes,24,89,113,SIP/650
2026-10-07 09:33:43,CM cola Taller,Sofia Montaño,1234567890,yes,16,118,134,SIP/656
2026-10-07 09:29:30,CM cola Taller,,1234567890,no,130,0,0,
2026-10-07 09:28:16,CM cola Taller,Sofia Montaño,1234567890,yes,22,209,231,SIP/656
2026-10-07 09:27:34,CM cola Taller,Sofia Montaño,1234567890,yes,15,31,46,SIP/656
2026-10-07 09:26:05,MPC cola Taller,Lucia Sosa,1234567890,yes,10,174,184,SIP/650
2026-10-07 09:20:23,CM cola Taller,Sofia Montaño,1234567890,yes,6,206,212,SIP/656
2026-10-07 09:16:34,CM cola Taller,,1234567890,no,46,0,0,
2026-10-07 09:14:03,CM cola Taller,Sabrina Mercado,250,yes,324,33,357,SIP/250
2026-10-07 09:10:24,CM cola Taller,Lucia Sosa,1234567890,yes,17,431,448,SIP/650
2026-10-07 09:02:31,CM cola Taller,Sofia Montaño,1234567890,yes,12,303,315,SIP/656
2026-10-07 09:02:05,CM cola Taller,Lucia Sosa,1234567890,yes,9,105,114,SIP/650
2026-10-07 08:54:08,CM cola Taller,Sofia Montaño,1234567890,yes,31,93,124,SIP/656
2026-10-07 08:50:11,CM cola Taller,Sofia Montaño,1234567890,yes,10,217,227,SIP/656
2026-10-07 08:49:14,MPC cola Taller,Lucia Sosa,1234567890,yes,3,268,271,SIP/650
2026-10-07 08:47:39,CM cola Taller,Sofia Montaño,1234567890,yes,11,121,132,SIP/656
2026-10-07 08:33:38,CM cola Taller,Sofia Montaño,1234567890,yes,9,134,143,SIP/656
2026-10-07 08:28:45,CM cola Taller,Lucia Sosa,1234567890,yes,44,252,296,SIP/650
2026-10-07 08:18:50,MPC cola Taller,Sofia Montaño,1234567890,yes,8,608,616,SIP/656
2026-10-07 08:13:29,MPC cola Taller,Lucia Sosa,1234567890,yes,9,98,107,SIP/650
2026-10-07 08:05:41,CM cola Taller,Lucia Sosa,1234567890,yes,17,175,192,SIP/650
2026-10-07 08:02:51,CM cola Taller,,1234567890,no,4,0,0,
